text,label
again this report was useful and interesting right now,0
honestly everyone is laughing at your message online,1
seriously your assignment is helpful right now,0
seriously you explained the project very clearly right now!,0
listen thank you for your helpful assignment today,0
seriously i really liked your opinion,0
stop pretending you understand the opinion today,1
really this drawing was useful and interesting right now,0
seriously well done and keep learning every time!,0
again stop posting photos because you look ugly in this group,1
honestly everyone heard that you ruined the code right now!,1
again great job on the research today,0
have a nice day,0
really this project was useful and interesting every time,0
listen your idea makes no sense at all today,1
honestly great job on the post in this group,0
listen let us improve the presentation together in this group,0
again i really liked your post in this group,0
again people say your design was copied today,1
honestly everyone is tired of seeing your message in this group,1
listen you are acting like a worthless person today,1
really nobody should work with you on the answer online,1
honestly your answer is thoughtful in this group,0
seriously everyone is tired of seeing your code today!,1
honestly you always fail at basic tasks online,1
again keep talking and show everyone how stupid you are in this group.,1
listen thank you for your creative answer online,0
really great job on the post in this group,0
seriously nobody cares about your opinion online,1
seriously nobody cares about your presentation every time,1
honestly great job on the research right now,0
really great job on the opinion every time,0
stop posting such ridiculous things online,1
seriously great job on the project online,0
really you explained the answer very clearly right now,0
again everyone knows you lied about the message in this group,1
really everyone is laughing at your post in this group,1
really please share your design when you are free,0
honestly let us improve the assignment together right now,0
keep going,0
you explained the research very clearly online!,0
seriously your post is well prepared today,0
listen please share your post when you are free every time,0
ur trash,1
again thank you for your clear opinion today,0
thank you for your thoughtful drawing online,0
again nobody cares about your drawing right now,1
listen get lost you annoying right now,1
again great job on the drawing today,0
you explained the code very clearly,0
you embarrassed yourself with that idea today,1
listen you sound useless in this drawing in this group,1
people will joke about the way you look today,1
please share your drawing when you are free right now,0
stop posting such awful things online!,1
honestly stop pretending you understand the presentation every time,1
honestly everyone heard that you ruined the drawing right now,1
you are acting like a pathetic person right now,1
listen you are so clueless online,1
really i disagree with your presentation but i respect your view right now,0
listen you explained the design very clearly every time,0
really i disagree with your research but i respect your view today,0
honestly please share your drawing when you are free in this group,0
let us improve the design together,0
again you are a joke in this group,1
honestly keep talking and show everyone how ridiculous you are in this group,1
seriously great job on the drawing,0
seriously this report was useful and interesting,0
your effort on this assignment is appreciated,0
listen this opinion was useful and interesting every time,0
honestly your report is kind in this group!,0
really great job on the presentation,0
seriously please share your post when you are free in this group,0
seriously i disagree with your idea but i respect your view right now,0
seriously stop posting such poor things,1
really get lost you clueless online,1
seriously this project made you look ridiculous in this group,1
again i really liked your message today,0
seriously keep talking and show everyone how clueless you are,1
listen this opinion made you look ridiculous in this group,1
again i disagree with your code but i respect your view today,0
honestly thank you for your impressive message online,0
honestly your report is well prepared every time,0
again i really liked your design every time,0
seriously this project was useful and interesting online,0
again thank you for your impressive assignment today,0
listen everyone heard that you ruined the research today,1
really post another hopeless design for us to mock today!,1
seriously keep talking and show everyone how worthless you are every time,1
seriously let us improve the drawing together right now,0
seriously you are too stupid to understand this assignment online,1
honestly keep posting because your mistakes entertain everyone online,1
seriously please share your research when you are free today,0
thanks for helping me,0
again please share your presentation when you are free right now,0
honestly please share your idea when you are free online,0
again this idea was useful and interesting today,0
nobody should work with you on the post every time,1
honestly nobody should work with you on the comment in this group,1
really you explained the assignment very clearly every time,0
seriously nobody cares about your post today,1
you are so stupid,1
listen have a good day and take care online,0
again post another nonsense design for us to mock today,1
really well done and keep learning online!,0
again i disagree with your report but i respect your view right now,0
again thank you for your excellent message right now,0
seriously nobody should work with you on the opinion,1
again we will keep reporting every report you post in this group,1
honestly your style looks awful right now,1
listen i really liked your assignment every time,0
honestly thank you for your useful message right now,0
everyone knows you lied about the answer online,1
again let us improve the opinion together in this group,0
listen i disagree with your research but i respect your view every time,0
again great job on the research every time,0
listen you explained the design very clearly.,0
great job on the research today,0
your project sucks,1
listen this presentation made you look ridiculous every time,1
honestly please share your research when you are free today,0
listen that was a very clueless response every time,1
honestly i disagree with your code but i respect your view in this group,0
really you explained the assignment very clearly in this group,0
listen this answer made you look ridiculous online,1
really you always give terrible answers every time,1
seriously you are too useless to understand this report,1
listen i disagree with your assignment but i respect your view right now,0
listen everyone is talking about your embarrassing mistake today.,1
your effort on this message is appreciated online.,0
honestly your research is interesting,0
seriously stop posting such ridiculous things right now,1
this presentation was useful and interesting,0
go away,1
honestly stop pretending you understand the post right now,1
listen i really liked your comment in this group,0
listen great job on the post online,0
stop posting photos because you look ridiculous,1
seriously thank you for your clear code every time,0
really what a foolish thing to say today,1
seriously your effort on this research is appreciated,0
really you are too ridiculous to understand this research today,1
really your idea is impressive in this group,0
seriously your appearance looks embarrassing in that photo,1
again nobody cares about your report online,1
honestly keep talking and show everyone how foolish you are today,1
i disagree with your opinion but i respect your view online,0
really your effort on this code is appreciated today,0
seriously people are laughing at how you look today!,1
again post another ridiculous comment for us to mock,1
really everyone heard that you ruined the comment,1
honestly people will remember this embarrassing assignment every time,1
listen let us improve the research together in this group,0
shut up and stop being so stupid today,1
seriously get lost you foolish online.,1
please share your presentation when you are free in this group,0
shut up and stop being so useless every time,1
again your appearance looks terrible in that photo today,1
your appearance looks terrible in that photo right now,1
honestly your project is a complete failure online,1
really do not let this person join the project right now.,1
seriously everyone knows you lied about the assignment,1
stop posting such ridiculous things!,1
again please share your comment when you are free today.,0
honestly keep making mistakes because it is funny in this group,1
really please share your assignment when you are free in this group.,0
really i really liked your report every time,0
everyone knows you lied about the code online,1
great job keep it up,0
thank you for your thoughtful presentation right now,0
listen your idea is clear,0
seriously this idea made you look ridiculous every time,1
really your effort on this code is appreciated in this group,0
listen let us improve the comment together every time,0
listen everyone heard that you ruined the presentation online,1
listen this code was useful and interesting in this group,0
listen your drawing is a joke to everyone today,1
everyone is tired of seeing your message online,1
again have a good day and take care every time,0
honestly continue arguing because nobody takes you seriously every time.,1
seriously i disagree with your project but i respect your view in this group,0
again great job on the assignment today,0
honestly you explained the post very clearly today,0
seriously you explained the opinion very clearly online,0
honestly post another poor presentation for us to mock,1
your idea is great,0
again everyone can see how embarrassing your comment is online,1
listen everyone is tired of seeing your design right now,1
great job on the design today,0
honestly everyone is laughing at your code,1
again keep posting because your mistakes entertain everyone today,1
seriously shut up and stop being so useless,1
honestly you explained the message very clearly in this group!,0
listen your post is completely worthless every time,1
again great job on the design,0
i really liked your presentation in this group,0
again this report was useful and interesting every time,0
let us improve the presentation together today,0
seriously what a worthless thing to say,1
stop coming back to this page right now,1
honestly nobody should work with you on the answer,1
listen your effort on this research is appreciated online,0
again people say your post was copied today,1
honestly you always make a fool of yourself online today,1
listen we will keep reporting every answer you post online.,1
honestly that was a very clueless response every time,1
lets play tomorrow,0
listen this answer was useful and interesting every time!,0
seriously i really liked your message today,0
seriously please share your opinion when you are free online,0
again this report was useful and interesting online,0
you look unpleasant in every picture today,1
listen everyone heard that you ruined the drawing,1
thank you for your useful project today,0
seriously you are completely worthless every time,1
honestly nobody cares about your assignment online,1
please share your drawing when you are free,0
listen you will never complete this comment correctly every time,1
listen your embarrassing story is spreading online right now,1
seriously post another pathetic opinion for us to mock today,1
listen keep talking and show everyone how worthless you are in this group!,1
i hate you,1
honestly you are completely worthless online,1
seriously you explained the research very clearly online,0
really you will never complete this assignment correctly today,1
really thank you for your creative project in this group,0
listen this report was useful and interesting in this group,0
listen i really liked your idea,0
honestly your effort on this opinion is appreciated every time,0
again nobody cares about your post every time,1
you did a terrible job,1
again thank you for your helpful idea today,0
honestly post another poor message for us to mock right now.,1
keep away from our group conversations today,1
seriously great job on the opinion today,0
listen everyone is tired of seeing your presentation right now,1
seriously please share your comment when you are free online,0
thank you for your thoughtful comment,0
again well done and keep learning today,0
i really liked your idea in this group,0
please share your drawing when you are free in this group!,0
get lost you clueless today,1
really everyone is tired of seeing your opinion right now,1
really let us improve the post together today,0
seriously i really liked your assignment in this group,0
seriously nobody cares about your comment right now,1
seriously let us improve the code together today,0
seriously stop posting such pathetic things every time,1
honestly i disagree with your message but i respect your view in this group,0
honestly i disagree with your design but i respect your view online,0
really your idea is excellent right now,0
again everyone knows you lied about the idea today,1
really your effort on this idea is appreciated online,0
honestly nobody should work with you on the idea,1
really people are laughing at how you look right now!,1
listen your idea is thoughtful!,0
you will never succeed,1
listen shut up and stop being so useless today.,1
again thank you for your well prepared design every time,0
thank you for your well prepared code every time,0
honestly people will remember this embarrassing report right now,1
really let us improve the answer together today,0
listen everyone knows you lied about the project today,1
again you embarrassed yourself with that post today,1
honestly great job on the idea,0
honestly your profile picture looks pathetic in this group,1
you look awkward in that photo online,1
honestly nobody should work with you on the post in this group,1
honestly people will remember this embarrassing post today,1
you will get success in project,0
again everyone is tired of seeing your presentation in this group,1
seriously you explained the assignment very clearly today,0
listen let us improve the post together today.,0
listen you embarrassed yourself with that project in this group,1
honestly people will remember this embarrassing project today,1
seriously your effort on this presentation is appreciated right now,0
honestly the whole group knows about your failure!,1
honestly your appearance looks nonsense in that photo right now!,1
really your appearance looks nonsense in that photo right now,1
really have a good day and take care.,0
honestly we will keep reporting every report you post,1
seriously you embarrassed yourself with that presentation today,1
seriously please share your report when you are free today,0
listen everyone is tired of seeing your comment in this group,1
again you are completely ridiculous right now,1
great job on the message,0
seriously you are completely useless,1
listen please share your drawing when you are free,0
seriously nobody cares about your idea today,1
listen this comment was useful and interesting every time.,0
listen everyone is laughing at your idea today!,1
really you are too useless to understand this code online,1
really please share your report when you are free,0
your drawing is a joke to everyone online,1
congrats on your success,0
listen please share your assignment when you are free right now,0
your style looks useless today,1
listen please share your opinion when you are free in this group,0
really you always give worthless answers,1
seriously your effort on this comment is appreciated right now,0
your appearance looks poor in that photo.,1
nobody cares about your idea,1
honestly people will remember this embarrassing comment today,1
seriously your drawing is helpful online!,0
listen post another awful assignment for us to mock in this group,1
we will keep reporting every design you post in this group,1
honestly leave this group because nobody likes your posts in this group,1
again you explained the design very clearly,0
you will never complete this comment correctly right now,1
again i really liked your idea today,0
listen great job on the report online,0
your project is impressive today,0
again thank you for your helpful post online,0
post another terrible report for us to mock in this group,1
really get lost you foolish every time,1
seriously people will remember this embarrassing post today,1
again i disagree with your opinion but i respect your view online,0
seriously i really liked your report,0
you sound useless in this design every time,1
seriously people say your comment was copied in this group,1
again your profile picture looks useless today!,1
again you will never complete this project correctly,1
you have potential,0
seriously i disagree with your report but i respect your view online,0
again great job on the project right now,0
stay out of our online group today,1
listen people are sharing stories to make fun of you in this group.,1
really this is the most terrible drawing here right now,1
really your opinion is interesting every time!,0
really thank you for your kind design,0
listen your design is interesting online,0
listen what a useless thing to say in this group,1
listen that picture makes you look ridiculous every time,1
listen nobody should work with you on the report,1
listen your assignment is completely useless today,1
listen your marks show that you are hopeless right now!,1
again great job on the research online,0
you will not get a job,1
again i really liked your presentation online.,0
listen your style looks awful right now,1
your effort on this comment is appreciated right now,0
keep it up,0
listen try again so everyone can laugh,1
post another hopeless assignment for us to mock right now,1
you embarrassed yourself with that assignment in this group,1
really post another useless presentation for us to mock today,1
honestly we do not want you in this discussion every time.,1
honestly i disagree with your report but i respect your view online,0
really you look awkward in that photo today,1
really your message is a joke to everyone online!,1
honestly nobody cares about your presentation,1
honestly people say your drawing was copied today,1
stay out of our online group right now,1
people will remember this embarrassing comment online,1
again i disagree with your project but i respect your view right now,0
really get lost you ridiculous every time,1
this answer was useful and interesting right now,0
listen everyone is tired of seeing your post online,1
honestly great job on the assignment online,0
listen you always give poor answers right now,1
again i really liked your idea right now,0
seriously people say your design was copied online,1
honestly thank you for your helpful message right now,0
seriously nobody should work with you on the opinion right now!,1
honestly everyone knows you lied about the research online,1
again i really liked your research right now,0
really everyone is laughing at your code online,1
really post another useless message for us to mock in this group,1
honestly your answer is completely useless today,1
listen your design is impressive every time,0
honestly you explained the message very clearly every time,0
you are untalented,1
seriously everyone is laughing at your drawing today,1
really i really liked your comment right now,0
listen post another ridiculous idea for us to mock right now,1
seriously your mistake is being shared for everyone to laugh at every time,1
you explained the report very clearly every time,0
listen shut up and stop being so ridiculous online,1
your answer proves you know nothing today.,1
honestly let us improve the message together every time,0
again thank you for your interesting research today,0
seriously thank you for your well prepared message online,0
seriously your research is kind in this group,0
honestly your assignment is completely worthless right now,1
listen i really liked your code right now!,0
listen you are too incompetent to understand this idea today,1
you are doing amazing,0
honestly post another terrible opinion for us to mock every time,1
listen let us improve the post together online,0
really everyone knows you lied about the opinion online!,1
thank you for your useful comment right now,0
listen thank you for your well prepared drawing every time,0
seriously post another awful research for us to mock online,1
listen your opinion makes no sense at all right now,1
listen stop pretending you understand the presentation right now.,1
i disagree with your comment but i respect your view every time,0
seriously your idea is completely useless,1
seriously everyone is talking about your embarrassing mistake online,1
thank you for your kind design every time,0
honestly everyone heard that you ruined the research right now,1
post another nonsense research for us to mock today,1
listen post another pathetic code for us to mock every time,1
no one cares about you,1
please share your answer when you are free online,0
listen nobody cares about your presentation in this group,1
really people will remember this embarrassing assignment online,1
your mistake is being shared for everyone to laugh at every time,1
honestly people say your report was copied right now,1
let us improve the code together every time,0
listen great job on the post!,0
listen this post was useful and interesting,0
really i really liked your drawing,0
people will joke about the way you look in this group,1
your design is useful every time,0
really i really liked your opinion in this group,0
honestly well done and keep learning right now,0
go on and embarrass yourself again every time,1
honestly your appearance looks pathetic in that photo,1
nobody cares about your answer right now.,1
honestly everyone knows you lied about the project today.,1
honestly thank you for your helpful idea today,0
again post another pathetic answer for us to mock,1
again this answer was useful and interesting every time,0
again keep talking and show everyone how clueless you are right now,1
seriously thank you for your useful project online,0
seriously you sound annoying in this assignment today,1
again you are acting like a stupid person every time,1
honestly i disagree with your assignment but i respect your view online,0
honestly you sound annoying in this assignment today,1
your project is excellent today,0
honestly your presentation is creative today,0
again your answer is useful,0
honestly your comment is creative right now,0
really you explained the presentation very clearly today,0
keep making mistakes because it is funny,1
honestly great job on the assignment in this group,0
listen thank you for your helpful research in this group,0
this drawing was useful and interesting,0
seriously this message was useful and interesting every time,0
really say that again and make yourself look foolish right now,1
seriously everyone is laughing at your code today,1
again i really liked your post right now.,0
honestly i really liked your opinion today,0
again you will never complete this drawing correctly every time,1
seriously nobody cares about your message in this group,1
you embarrassed yourself with that comment.,1
listen that picture makes you look ridiculous right now,1
listen this presentation made you look ridiculous in this group,1
again shut up and stop being so stupid in this group,1
honestly you will never complete this code correctly,1
honestly your project is thoughtful today,0
really everyone is tired of seeing your answer right now,1
honestly stop posting photos because you look ugly right now,1
seriously your messages are unwanted every time online.,1
everyone can see how ridiculous your assignment is right now,1
seriously your presentation is clear online,0
honestly people say your project was copied,1
really i really liked your design in this group,0
again everyone is laughing at your idea online!,1
seriously everyone is tired of you today,1
listen you explained the code very clearly right now,0
honestly i really liked your project right now,0
again your effort on this code is appreciated right now,0
really your opinion is worthless in this group,1
listen great job on the answer,0
seriously please share your opinion when you are free in this group,0
this idea was useful and interesting right now,0
honestly everyone knows you lied about the presentation right now,1
listen your drawing makes no sense at all,1
again your style looks useless online,1
seriously let us improve the presentation together online,0
you will get better soon,0
honestly please share your design when you are free online,0
seriously great job on the code in this group,0
again get lost you worthless right now,1
you always make a fool of yourself online today!,1
honestly post another poor comment for us to mock online.,1
you always give nonsense answers in this group,1
listen you explained the idea very clearly online,0
really great job on the report,0
seriously i really liked your presentation today,0
seriously you embarrassed yourself with that idea,1
listen great job on the project online,0
seriously you are so annoying in this group,1
great job on the presentation right now,0
really your opinion is well prepared online.,0
honestly your drawing is well prepared every time!,0
really you always make a fool of yourself online in this group,1
really we will keep reporting every presentation you post right now,1
again i disagree with your report but i respect your view online!,0
you are a good guy,0
really your effort on this message is appreciated today,0
seriously thank you for your clear answer every time,0
seriously everyone is laughing at your message right now,1
listen we will keep reporting every code you post today,1
honestly i really liked your drawing today,0
thank you for your excellent code in this group,0
listen please share your assignment when you are free in this group,0
really your research makes no sense at all online!,1
honestly your style looks pathetic.,1
your effort on this code is appreciated today!,0
really shut up and stop being so clueless.,1
post another nonsense message for us to mock right now,1
i really liked your idea right now,0
listen everyone is tired of seeing your message,1
listen go on and embarrass yourself again in this group.,1
really great job on the research today,0
really you are completely terrible every time!,1
listen great job on the opinion right now,0
honestly i disagree with your answer but i respect your view,0
i love your work,0
again i really liked your report every time,0
really you cannot solve even a simple question online,1
honestly you will never complete this idea correctly.,1
again i disagree with your idea but i respect your view in this group,0
really i disagree with your assignment but i respect your view every time,0
what a annoying thing to say today.,1
post another terrible project for us to mock today,1
again people are forwarding your mistake everywhere online,1
seriously well done and keep learning online,0
what is this behaviour,0
seriously stop pretending you understand the opinion,1
people are forwarding your mistake everywhere online,1
really we will keep reporting every answer you post every time,1
again your assignment is thoughtful in this group,0
really your research is clear today!,0
listen everyone is tired of seeing your assignment in this group,1
seriously have a good day and take care every time.,0
listen everyone knows you lied about the drawing today,1
listen thank you for your helpful drawing right now,0
listen reply again so everyone can laugh at you right now,1
really your effort on this presentation is appreciated online.,0
really everyone heard that you ruined the drawing in this group!,1
listen great job on the message right now,0
honestly we will keep reporting every comment you post today,1
we will keep reporting every design you post online,1
seriously nobody should work with you on the project,1
honestly this code was useful and interesting online,0
honestly everyone can see how awful your comment is today,1
again this report was useful and interesting,0
honestly your effort on this project is appreciated today,0
listen everyone heard that you ruined the drawing right now,1
let us improve the comment together every time,0
seriously your answer is interesting today!,0
listen stop posting such hopeless things in this group,1
listen the group is joking about your latest mistake right now,1
your code is helpful!,0
we will continue without you,1
really you explained the answer very clearly every time!,0
have a great day,0
listen please share your presentation when you are free in this group,0
really thank you for your creative drawing in this group,0
great job on the opinion today,0
listen stop posting such embarrassing things in this group,1
seriously people say your drawing was copied online.,1
again everyone heard that you ruined the post right now,1
you are brilliant,0
listen post another useless message for us to mock in this group,1
your effort on this post is appreciated every time.,0
seriously post another nonsense presentation for us to mock right now,1
really keep talking and show everyone how worthless you are right now,1
really everyone heard that you ruined the report in this group,1
i really liked your message,0
honestly your effort on this idea is appreciated.,0
nobody wants to hear from you here in this group.,1
listen your idea is helpful today.,0
your opinion is creative online,0
really thank you for your excellent comment right now,0
listen post another ridiculous research for us to mock online,1
listen your presentation is clear every time,0
seriously you are so incompetent online,1
honestly everyone can see how poor your research is in this group,1
again stay out of our online group every time.,1
really this post was useful and interesting right now,0
honestly keep talking and show everyone how worthless you are in this group,1
your project is useless,1
again thank you for your impressive design every time,0
let us improve the post together today,0
listen you explained the drawing very clearly today,0
listen you always give awful answers every time,1
please share your answer when you are free,0
honestly you embarrassed yourself with that opinion,1
seriously you are too useless to understand this answer every time.,1
really your effort on this project is appreciated,0
listen thank you for your clear comment in this group,0
really great job on the idea in this group,0
again your effort on this report is appreciated today,0
your effort on this opinion is appreciated online.,0
your assignment is helpful right now.,0
again i disagree with your code but i respect your view in this group,0
really your effort on this post is appreciated right now,0
really you will never complete this post correctly,1
seriously great job on the idea every time,0
let us improve the answer together,0
again have a good day and take care today,0
again stop posting photos because you look awkward every time,1
listen your appearance looks pathetic in that photo every time,1
honestly keep talking and show everyone how incompetent you are right now,1
again you embarrassed yourself with that report today,1
you will not pass,1
seriously nobody should work with you on the code online,1
seriously we will keep reporting every code you post today,1
nobody should work with you on the design every time,1
seriously get lost you pathetic,1
again your appearance looks terrible in that photo every time,1
listen shut up and stop being so useless every time,1
again you will never complete this opinion correctly,1
seriously you explained the project very clearly,0
seriously you look ridiculous in every picture online,1
again let us improve the report together every time,0
you will never complete this drawing correctly today,1
great job on the comment right now!,0
listen go on and embarrass yourself again every time,1
your drawing is a joke to everyone in this group,1
listen your marks show that you are hopeless in this group,1
again you are so foolish online,1
again people say your presentation was copied today,1
listen please share your design when you are free,0
really please share your project when you are free today,0
really nobody cares about your assignment in this group,1
again what a foolish thing to say online,1
listen nobody should work with you on the message every time!,1
seriously i disagree with your opinion but i respect your view right now,0
your effort on this design is appreciated in this group,0
honestly your effort on this comment is appreciated today,0
really we will keep reporting every idea you post online,1
again great job on the presentation in this group.,0
really stop being such a loser right now,1
honestly please share your message when you are free online,0
honestly nobody cares about your idea,1
you are so terrible,1
you have no skills,1
again let us improve the answer together right now,0
really your presentation is completely worthless every time,1
again you are too annoying to understand this project online,1
honestly please share your research when you are free every time,0
really i disagree with your design but i respect your view in this group,0
seriously stop pretending you understand the design every time,1
listen this opinion was useful and interesting online,0
this message was useful and interesting today,0
really great job on the assignment today,0
seriously great job on the comment in this group,0
listen leave this group because nobody likes your posts,1
again thank you for your helpful assignment today.,0
again nobody cares about your post in this group,1
seriously your effort on this opinion is appreciated today,0
i really liked your code,0
again your message is kind online,0
again you are too worthless to understand this message right now!,1
again your opinion is thoughtful online,0
listen this is the most poor drawing here today,1
really let us improve the design together right now,0
seriously you are completely useless today.,1
thank you for your creative comment right now,0
seriously your project makes no sense at all in this group,1
we will keep reporting every idea you post today,1
really you look ridiculous in every picture every time.,1
again please share your idea when you are free today.,0
really your post is completely useless today,1
really your research is completely pathetic in this group,1
really nobody cares about your idea every time,1
again let us improve the comment together in this group,0
honestly you are too annoying to understand this post every time,1
really i really liked your project online,0
listen nobody should work with you on the answer,1
you are a smart person,0
honestly nobody should work with you on the project right now.,1
again your answer makes no sense at all in this group,1
honestly thank you for your helpful project today,0
really you explained the assignment very clearly today,0
again you look unpleasant in every picture every time,1
listen you are completely nonsense right now,1
honestly we will keep reporting every assignment you post,1
listen keep talking and show everyone how clueless you are online,1
really your effort on this research is appreciated today,0
seriously everyone heard that you ruined the report right now,1
please share your message when you are free,0
really this presentation was useful and interesting every time,0
listen your post is completely useless right now,1
really you sound ridiculous in this report online,1
really nobody cares about your answer every time,1
your idea is creative,0
really get lost you stupid.,1
listen i disagree with your report but i respect your view,0
again your appearance looks hopeless in that photo right now!,1
seriously your drawing is clear right now,0
listen you will never complete this design correctly,1
listen we will keep reporting every answer you post today,1
listen this design was useful and interesting online,0
you look strange in every picture every time.,1
seriously stop pretending you understand the report in this group,1
honestly stop posting photos because you look terrible today,1
get lost you stupid online,1
seriously this post was useful and interesting today,0
honestly your report is useful online,0
honestly everyone can see how terrible your code is today,1
really show us another one of your failures!,1
seriously let us improve the research together online,0
honestly you are completely useless today,1
again stop pretending you understand the opinion,1
everyone knows you lied about the comment,1
really post another nonsense message for us to mock right now,1
listen your opinion is interesting,0
everyone can see how ridiculous your code is every time,1
honestly everyone knows you lied about the message today,1
seriously your effort on this post is appreciated online.,0
honestly great job on the comment right now,0
honestly you explained the answer very clearly right now,0
please share your drawing when you are free today,0
shut up and stop being so worthless every time,1
honestly stop coming back to this page,1
seriously your assignment is impressive in this group,0
listen everyone is tired of seeing your comment online,1
again i disagree with your idea but i respect your view today,0
i really liked your assignment,0
honestly you are too annoying to understand this answer online,1
seriously let us improve the post together every time,0
again you explained the post very clearly every time.,0
again you should stay silent in this group every time,1
seriously your effort on this project is appreciated right now,0
listen nobody should work with you on the report every time!,1
seriously i really liked your code online,0
seriously this drawing made you look ridiculous right now,1
really everyone heard that you ruined the code today,1
listen let us improve the project together,0
listen let us improve the drawing together in this group,0
really people say your research was copied online,1
again this drawing made you look ridiculous online,1
again i really liked your research online!,0
honestly you look terrible in every picture today!,1
seriously post another terrible design for us to mock every time,1
you are too hopeless to understand this idea right now,1
really this research was useful and interesting every time,0
your embarrassing story is spreading online.,1
listen you will never complete this assignment correctly today.,1
again your drawing is kind online,0
again post another hopeless code for us to mock online,1
seriously keep making mistakes because it is funny online,1
really please share your design when you are free online,0
really this report was useful and interesting today,0
everyone knows you lied about the research in this group,1
seriously i really liked your answer today,0
listen people are laughing at how you look in this group,1
honestly everyone heard that you ruined the opinion,1
really do not let this person join the project,1
listen you sound foolish in this research today,1
listen thank you for your well prepared idea every time,0
listen everyone is laughing at your project online,1
honestly thank you for your excellent presentation online,0
honestly shut up and stop being so hopeless in this group,1
honestly your answer is thoughtful today,0
what a stupid thing to say in this group,1
again i really liked your report in this group!,0
listen you are completely worthless.,1
honestly show us another one of your failures today!,1
again you are too foolish to understand this project in this group.,1
you are going to fail,1
listen this code was useful and interesting right now,0
really your appearance looks worthless in that photo,1
again thank you for your creative assignment right now,0
seriously your answer is completely useless in this group,1
again your style looks ridiculous in this group,1
really this presentation was useful and interesting in this group,0
seriously your style looks useless,1
listen the whole group knows about your failure right now,1
honestly we will keep reporting every drawing you post in this group,1
honestly your effort on this presentation is appreciated,0
again you are too worthless to understand this comment in this group,1
seriously the group keeps mocking what happened to you in this group,1
let us improve the drawing together today,0
really your messages are unwanted every time in this group,1
seriously i really liked your idea online,0
really your style looks terrible every time,1
really thank you for your impressive message in this group,0
really you will never complete this project correctly online,1
really this comment was useful and interesting,0
again your message is excellent online,0
again stop posting such nonsense things every time,1
honestly i really liked your post today,0
listen you explained the presentation very clearly in this group,0
everyone is tired of seeing your post in this group,1
again your post is impressive online!,0
great job on the answer online,0
post another hopeless comment for us to mock online,1
honestly please share your drawing when you are free right now,0
say that again and make yourself look foolish right now.,1
your idea is interesting every time,0
listen shut up and stop being so pathetic every time.,1
really you are completely pathetic,1
stop pretending you understand the research online,1
listen your effort on this message is appreciated online.,0
again you always fail at basic tasks online!,1
really we will continue without you right now,1
we will keep reporting every drawing you post in this group,1
really please share your assignment when you are free every time,0
really i really liked your project every time,0
honestly you explained the presentation very clearly right now,0
honestly your marks show that you are hopeless every time,1
nobody should work with you on the comment,1
again you explained the code very clearly right now!,0
you are a awesome person,0
seriously your research is completely poor,1
really you are completely awful today,1
listen keep talking and show everyone how incompetent you are right now,1
really i really liked your code today,0
really this research was useful and interesting,0
again post another hopeless message for us to mock,1
again we will keep reporting every comment you post online,1
really you explained the assignment very clearly,0
listen your profile picture looks awful today,1
again stop posting photos because you look awkward,1
honestly get lost you stupid every time,1
seriously people are laughing at how you look right now,1
really i disagree with your post but i respect your view online,0
you explained the project very clearly in this group,0
again your design is useful,0
listen nobody should work with you on the research right now,1
really say that again and make yourself look foolish today!,1
really great job on the design right now,0
really have a good day and take care in this group!,0
really i disagree with your code but i respect your view in this group,0
honestly your idea is excellent!,0
post another worthless code for us to mock today.,1
seriously i really liked your opinion right now,0
your project is completely terrible today,1
again this answer was useful and interesting in this group,0
seriously your code is interesting online,0
your effort on this idea is appreciated today,0
really stop pretending you understand the answer today,1
really please share your opinion when you are free every time,0
again your effort on this opinion is appreciated today,0
listen you are too foolish to understand this idea,1
listen let us improve the idea together right now,0
again you are too annoying to understand this comment right now,1
really your appearance looks awful in that photo in this group,1
seriously what a foolish thing to say right now!,1
you are a disgrace,1
you will get success in future,0
listen nobody cares about your comment,1
nobody cares about your report online,1
again you are too hopeless to understand this message today,1
really your drawing is thoughtful.,0
again you will never complete this presentation correctly.,1
honestly i disagree with your idea but i respect your view in this group,0
seriously stop pretending you understand the answer online,1
listen i disagree with your opinion but i respect your view right now,0
seriously continue arguing because nobody takes you seriously online!,1
really thank you for your impressive project,0
nobody wants you here,1
great job on the drawing every time,0
listen we will keep reporting every opinion you post in this group,1
let us improve the code together right now,0
again thank you for your helpful project in this group!,0
seriously this is the most useless project here in this group,1
listen let us improve the research together online,0
honestly please share your opinion when you are free online,0
listen you will never complete this idea correctly right now.,1
really your comment is kind today,0
the group keeps mocking what happened to you online,1
honestly i really liked your opinion,0
listen your effort on this idea is appreciated,0
your code makes no sense at all online,1
really keep posting because your mistakes entertain everyone in this group,1
listen nobody cares about your presentation every time,1
again let us improve the opinion together right now,0
honestly what a worthless thing to say right now,1
this comment made you look ridiculous in this group,1
really post another ridiculous research for us to mock right now,1
really your effort on this answer is appreciated in this group,0
really people say your opinion was copied in this group,1
listen everyone can see how nonsense your drawing is right now,1
you sound annoying in this report in this group,1
nobody should work with you on the opinion online,1
really great job on the project every time,0
please share your report when you are free online,0
honestly this report was useful and interesting right now,0
thank you for your clear report every time,0
again please share your research when you are free,0
seriously let us improve the design together today,0
again you explained the message very clearly,0
seriously please share your design when you are free every time,0
honestly i really liked your comment,0
really the group keeps mocking what happened to you in this group,1
again great job on the code right now,0
again i disagree with your message but i respect your view every time,0
again your message is clear in this group,0
seriously please share your research when you are free every time.,0
seriously great job on the post online,0
listen everyone can see how embarrassing your assignment is online,1
honestly nobody should work with you on the message online,1
honestly please share your comment when you are free online,0
honestly let us improve the answer together every time,0
again your effort on this report is appreciated in this group!,0
seriously let us improve the drawing together online,0
you explained the design very clearly right now,0
seriously get lost you worthless,1
really your answer is impressive,0
please help me,0
your code is a joke to everyone,1
listen your assignment is kind today,0
please share your presentation when you are free right now,0
again post another embarrassing design for us to mock right now,1
really post another awful answer for us to mock every time,1
honestly this is the most embarrassing project here today,1
honestly nobody should work with you on the assignment every time.,1
again thank you for your creative design today,0
honestly let us improve the design together right now,0
your message is well prepared,0
really stop posting photos because you look ugly online,1
seriously your presentation is interesting online,0
again you do not belong in this chat today,1
listen i disagree with your presentation but i respect your view right now,0
really i really liked your presentation every time,0
again you explained the opinion very clearly every time,0
you are acting like a foolish person every time,1
seriously great job on the research,0
listen you look terrible in every picture today,1
again great job on the assignment online,0
you are a total failure online,1
this project is helpful,0
let us improve the project together,0
listen leave this group because nobody likes your posts today.,1
your style looks pathetic right now,1
listen thank you for your well prepared assignment right now,0
honestly i really liked your design every time!,0
honestly your idea is completely useless every time,1
honestly you failed again in front of everyone right now,1
listen nobody should work with you on the research in this group,1
really your effort on this code is appreciated every time,0
your work sucks,1
listen nobody should work with you on the project!,1
honestly everyone is tired of seeing your idea,1
i disagree with your opinion but i respect your view today,0
honestly your effort on this opinion is appreciated,0
really what a stupid thing to say right now,1
again people say your post was copied online,1
honestly let us improve the post together!,0
listen your answer is impressive,0
really great job on the idea today,0
seriously stop pretending you understand the design.,1
honestly your effort on this assignment is appreciated right now!,0
really you are too annoying to understand this drawing online,1
seriously you explained the message very clearly,0
listen this research was useful and interesting,0
listen this design made you look ridiculous every time,1
nice project,0
listen thank you for your clear idea in this group,0
listen this post was useful and interesting every time,0
really i disagree with your message but i respect your view in this group,0
again everyone can see how worthless your code is in this group,1
listen we will keep reporting every report you post,1
seriously post another hopeless report for us to mock today,1
really you will never complete this presentation correctly every time,1
again your effort on this research is appreciated every time!,0
again i really liked your opinion,0
you should stay silent in this group in this group,1
really everyone is tired of seeing your comment every time,1
really thank you for your well prepared idea today,0
again this presentation made you look ridiculous!,1
seriously this presentation was useful and interesting right now,0
listen stop posting such hopeless things right now,1
really thank you for your useful opinion right now,0
honestly you sound pathetic in this comment today,1
seriously your project is a complete failure online!,1
again people will remember this embarrassing design,1
seriously that was a very ridiculous response every time!,1
again thank you for your creative answer online,0
keep talking and show everyone how stupid you are in this group,1
honestly this assignment was useful and interesting every time,0
again people say your code was copied every time,1
you are a nice guy,0
you are trsh,1
you are a waste,1
again everyone is tired of seeing your opinion in this group!,1
listen nobody cares about your presentation online,1
honestly everyone is tired of you every time,1
really i disagree with your report but i respect your view right now,0
again people say your report was copied every time,1
you can do better than this try again,0
die loser,1
you are a burden,1
people are sharing stories to make fun of you every time,1
really reply again so everyone can laugh at you today,1
you are great,0
seriously post another poor project for us to mock today,1
really keep talking and show everyone how useless you are every time!,1
seriously thank you for your helpful code today,0
listen we will keep reporting every post you post!,1
again you are completely useless,1
have a good day and take care every time,0
let us improve the opinion together in this group,0
really you will never complete this design correctly in this group,1
your opinion is well prepared online,0
listen you explained the design very clearly in this group,0
everyone can see how worthless your project is in this group,1
listen i really liked your code online.,0
really please share your post when you are free online,0
really please share your drawing when you are free today,0
honestly great job on the design today,0
really you are too foolish to understand this research online,1
seriously this is the most awful drawing here every time,1
really i disagree with your report but i respect your view today,0
great job on the answer,0
listen you explained the research very clearly right now,0
again post another poor drawing for us to mock right now,1
you are a loser,1
your drawing is amazing,0
again everyone knows you lied about the research online,1
again i really liked your drawing every time,0
honestly you are too annoying to understand this comment in this group,1
honestly you are so pathetic every time,1
this answer was useful and interesting,0
really stop posting such poor things right now,1
honestly your code is well prepared.,0
listen thank you for your clear drawing in this group,0
you do not belong in this chat today.,1
listen i really liked your comment today!,0
again great job on the message in this group,0
seriously you are too foolish to understand this post in this group.,1
really your profile picture looks ridiculous online,1
really you look unpleasant in every picture right now,1
honestly we will continue without you today!,1
honestly you are too ridiculous to understand this research right now,1
thank you for your interesting code every time,0
honestly this is the most terrible assignment here in this group,1
again that was a very foolish response in this group,1
honestly i disagree with your report but i respect your view,0
this post was useful and interesting in this group,0
please share your presentation when you are free every time,0
seriously thank you for your kind design today,0
you will get success one day,0
listen you look ugly in every picture,1
again you will never complete this code correctly online,1
again i really liked your answer in this group,0
really i really liked your idea,0
again i really liked your comment online,0
again try again so everyone can laugh right now.,1
honestly let us improve the research together right now,0
listen your answer is impressive every time,0
seriously your code is interesting today,0
again you explained the research very clearly right now,0
really please share your answer when you are free right now,0
nobody cares about your idea today,1
honestly your effort on this design is appreciated right now,0
your assignment is interesting right now,0
seriously let us improve the assignment together online,0
your effort on this comment is appreciated today,0
your project makes no sense at all,1
seriously nobody should work with you on the idea in this group!,1
we will keep reporting every message you post every time,1
really you explained the research very clearly right now,0
really please share your project when you are free online,0
i really liked your project online,0
seriously nobody should work with you on the report every time,1
listen thank you for your kind report,0
what is this,0
listen you always give nonsense answers right now!,1
honestly this answer was useful and interesting today,0
let us improve the comment together in this group,0
again great job on the idea!,0
really your idea is clear today,0
honestly let us improve the code together every time,0
really your effort on this design is appreciated in this group,0
honestly you explained the research very clearly right now,0
really get lost you pathetic,1
again get lost you stupid online,1
honestly your profile picture looks ridiculous today,1
really go on and embarrass yourself again,1
your report is impressive today,0
again keep talking and show everyone how ridiculous you are today,1
really everyone heard that you ruined the project right now,1
really your style looks pathetic right now.,1
seriously your style looks hopeless every time,1
you will do it,0
really everyone heard that you ruined the report right now,1
again thank you for your interesting drawing in this group.,0
again this code made you look ridiculous right now,1
listen let us improve the comment together online,0
again nobody should work with you on the assignment,1
great job on the code today,0
honestly what a useless thing to say today,1
seriously your effort on this presentation is appreciated online,0
again post another ridiculous post for us to mock online,1
seriously this code was useful and interesting online!,0
really your assignment is kind online,0
listen post another poor comment for us to mock every time,1
really stop pretending you understand the project right now!,1
really your idea is completely worthless right now,1
really we will keep reporting every design you post every time,1
again this message was useful and interesting online,0
honestly stop pretending you understand the design today!,1
listen keep away from our group conversations today!,1
listen have a good day and take care right now!,0
listen i really liked your report in this group,0
listen nobody should work with you on the post in this group,1
you are a best friend,0
your assignment is well prepared right now,0
you will get good marks,0
really people will remember this embarrassing opinion right now.,1
seriously i really liked your drawing online,0
seriously your presentation is a joke to everyone,1
seriously post another pathetic answer for us to mock right now,1
again this idea was useful and interesting online,0
listen this drawing was useful and interesting in this group,0
honestly everyone can see how worthless your project is online,1
again what a stupid thing to say today,1
again everyone heard that you ruined the comment today,1
your effort on this report is appreciated,0
really people will remember this embarrassing idea,1
thank you for your well prepared answer online,0
again thank you for your interesting report online,0
listen this idea was useful and interesting today,0
really thank you for your thoughtful project in this group,0
again please share your code when you are free online,0
everyone is tired of seeing your comment today,1
please share your presentation when you are free,0
honestly stop posting photos because you look awkward right now,1
honestly thank you for your creative opinion,0
honestly post another worthless drawing for us to mock today,1
honestly your effort on this research is appreciated in this group,0
really you explained the post very clearly,0
really people will remember this embarrassing comment,1
honestly your report is excellent online,0
this presentation made you look ridiculous every time,1
again this opinion was useful and interesting every time,0
really thank you for your creative code,0
listen great job on the design right now,0
your research is interesting online,0
honestly everyone is laughing at your idea online,1
listen you sound hopeless in this post right now,1
honestly post another hopeless answer for us to mock right now!,1
please share your report when you are free,0
keep talking and show everyone how worthless you are!,1
i disagree with your answer but i respect your view in this group,0
really your effort on this answer is appreciated today!,0
post another useless comment for us to mock every time,1
again post another terrible report for us to mock,1
seriously your effort on this answer is appreciated in this group,0
again that picture makes you look ridiculous!,1
everyone can see how pathetic your presentation is every time,1
really your opinion is worthless today.,1
listen everyone is tired of seeing your opinion today,1
again you explained the design very clearly online,0
really thank you for your thoughtful report today,0
listen nobody should work with you on the message online,1
honestly your opinion is completely ridiculous,1
seriously keep talking and show everyone how annoying you are today!,1
really keep talking and show everyone how pathetic you are every time,1
your project makes no sense at all every time,1
great job on the drawing right now,0
you will get success if you try,0
honestly everyone can see how hopeless your project is every time.,1
really thank you for your well prepared opinion right now,0
fuck you loser,1
honestly this code was useful and interesting in this group,0
really you explained the presentation very clearly every time.,0
listen your style looks nonsense every time,1
listen thank you for your clear research right now,0
listen please share your presentation when you are free today.,0
you are too worthless to understand this assignment right now,1
seriously everyone knows you lied about the answer today,1
again thank you for your creative comment online,0
you are a joke today,1
really your design is useful right now,0
honestly you always fail at basic tasks in this group,1
seriously you explained the opinion very clearly,0
really your effort on this design is appreciated online!,0
listen stop posting such pathetic things,1
you have done ok for this project,0
seriously your idea is completely pathetic,1
really people say your research was copied right now,1
thank you for your helpful drawing online,0
again let us improve the post together every time,0
seriously reply again so everyone can laugh at you every time,1
really your design is kind.,0
again that was a very ridiculous response right now,1
again you sound stupid in this idea,1
listen your report is excellent online,0
honestly reply again so everyone can laugh at you right now,1
really this code made you look ridiculous online,1
stop pretending you understand the message online,1
listen well done and keep learning every time,0
you are completely pathetic today,1
seriously your code is the worst in the class,1
again please share your comment when you are free every time,0
seriously you explained the code very clearly today.,0
again you explained the idea very clearly today,0
listen you embarrassed yourself with that answer,1
seriously i disagree with your presentation but i respect your view every time,0
again you are acting like a clueless person today.,1
again nobody should work with you on the report every time,1
again nobody should work with you on the answer online.,1
honestly thank you for your creative report,0
honestly please share your answer when you are free in this group,0
seriously let us improve the message together today!,0
honestly have a good day and take care online,0
honestly i really liked your research every time!,0
really let us improve the assignment together in this group,0
honestly great job on the drawing every time.,0
honestly continue arguing because nobody takes you seriously online,1
honestly i really liked your post online!,0
stop pretending you understand the design every time,1
again your code is well prepared in this group,0
again you embarrassed yourself with that project today,1
i really liked your message online,0
really nobody should work with you on the answer,1
really stop posting photos because you look ridiculous every time,1
seriously your opinion is creative every time!,0
honestly you explained the project very clearly in this group.,0
again i disagree with your assignment but i respect your view online,0
honestly you are a joke online,1
again let us improve the comment together online,0
seriously let us improve the opinion together every time,0
honestly i disagree with your code but i respect your view today,0
thank you for your well prepared project today,0
try again so everyone can laugh,1
really nobody cares about your presentation,1
listen everyone will make fun of your appearance online,1
again your opinion is worthless,1
great job on the design online,0
really you are acting like a hopeless person today,1
listen your design is creative,0
again what a pathetic thing to say in this group,1
seriously great job on the message today,0
again let us improve the code together in this group.,0
listen everyone should block you from the group!,1
this report made you look ridiculous every time.,1
listen your presentation is kind today,0
thank you so much,0
everyone heard that you ruined the message in this group,1
honestly your comment is interesting today!,0
seriously you are so worthless online.,1
let us improve the research together today,0
honestly this answer was useful and interesting right now!,0
your assignment is thoughtful today,0
again you are too annoying to understand this idea right now,1
you are doing good,0
listen your report is impressive in this group,0
seriously let us improve the idea together every time,0
really you embarrassed yourself with that comment right now,1
again nobody should work with you on the message every time,1
listen your report is completely poor right now,1
really everyone can see how terrible your report is,1
really you will never complete this assignment correctly right now,1
really you will never complete this assignment correctly,1
you are so dumb,1
listen great job on the assignment,0
honestly everyone can see how pathetic your post is in this group,1
again please share your project when you are free online,0
seriously we will keep reporting every answer you post right now,1
again stop posting such awful things,1
honestly your research is impressive right now,0
listen please share your project when you are free online,0
again your code makes no sense at all right now!,1
honestly thank you for your impressive project every time,0
again let us improve the answer together online,0
seriously people will remember this embarrassing idea in this group,1
really that was a very annoying response every time,1
honestly you are not invited to our group every time,1
honestly this idea was useful and interesting today,0
nice work on this project,0
listen you explained the drawing very clearly!,0
really i disagree with your answer but i respect your view online,0
i disagree with your answer but i respect your view today,0
seriously nobody wants to hear from you here in this group.,1
really please share your message when you are free right now,0
honestly let us improve the assignment together in this group,0
you are completely useless right now.,1
again your presentation is excellent right now,0
honestly your research is useful,0
honestly your report is impressive in this group,0
seriously you are so incompetent,1
nobody likes you,1
again we do not want you in this discussion today,1
listen you are so hopeless today,1
you explained the idea very clearly!,0
again your messages are unwanted every time online.,1
again your effort on this research is appreciated today!,0
again your comment is helpful every time,0
listen i really liked your drawing,0
get lost you hopeless online,1
thank you for your clear presentation today,0
listen great job on the code right now,0
again i really liked your report,0
again everyone is laughing at your post today,1
honestly everyone is laughing at your message every time,1
again this is the most hopeless answer here,1
really your idea is useful,0
honestly everyone heard that you ruined the message today,1
seriously this is the most embarrassing report here,1
again great job on the assignment right now,0
listen stay out of our online group every time,1
listen your code is helpful in this group!,0
honestly this presentation was useful and interesting online,0
please help,0
again your effort on this assignment is appreciated every time,0
seriously your effort on this report is appreciated in this group.,0
really you should stay silent in this group every time,1
listen your effort on this report is appreciated today,0
honestly get lost you useless right now,1
everyone knows you lied about the answer every time,1
this presentation was useful and interesting online,0
honestly everyone heard that you ruined the drawing online,1
your style looks terrible every time,1
really nobody cares about your idea today,1
really you will never complete this drawing correctly right now.,1
seriously get lost you annoying every time,1
listen your profile picture looks pathetic today,1
honestly get lost you stupid in this group,1
listen we do not want you in this discussion online.,1
honestly please share your comment when you are free every time,0
thank you for your well prepared opinion today,0
keep talking and show everyone how clueless you are right now,1
honestly this comment was useful and interesting in this group,0
really your code is the worst in the class in this group,1
seriously say that again and make yourself look foolish right now.,1
honestly try again so everyone can laugh in this group!,1
keep talking and show everyone how useless you are right now,1
again you explained the code very clearly every time,0
seriously please share your design when you are free,0
seriously you look strange in every picture right now!,1
listen your design is completely embarrassing in this group,1
seriously nobody cares about your report in this group,1
great attempt,0
listen this presentation made you look ridiculous,1
i disagree with your project but i respect your view right now,0
really your profile picture looks awful every time,1
honestly you explained the idea very clearly right now.,0
again everyone knows you lied about the assignment every time,1
honestly you explained the research very clearly online,0
really post another useless design for us to mock in this group!,1
listen you explained the drawing very clearly every time,0
listen thank you for your thoughtful drawing today,0
listen people will remember this embarrassing research right now,1
honestly we will keep reporting every research you post right now,1
thank you for your useful assignment every time,0
listen keep talking and show everyone how annoying you are,1
listen please share your code when you are free today,0
seriously this is the most nonsense answer here today,1
listen people say your post was copied right now,1
honestly this opinion was useful and interesting online,0
listen post another nonsense assignment for us to mock in this group,1
no one loves you,1
listen people say your report was copied,1
again stop posting such pathetic things in this group,1
honestly do not include this person in the team today.,1
seriously what a useless thing to say every time,1
honestly this comment was useful and interesting right now,0
seriously that was a very pathetic response today,1
honestly your effort on this presentation is appreciated today,0
post another nonsense answer for us to mock,1
seriously everyone knows you lied about the report,1
seriously this assignment was useful and interesting today,0
really post another terrible code for us to mock,1
everyone knows you lied about the message today,1
again let us improve the research together online,0
honestly this presentation was useful and interesting every time,0
i really liked your code online,0
listen let us improve the idea together in this group,0
seriously this comment was useful and interesting,0
i disagree with your drawing but i respect your view today,0
your opinion is worthless,1
really great job on the drawing online,0
you explained the code very clearly right now,0
really let us improve the idea together in this group,0
listen please share your research when you are free today,0
seriously you explained the design very clearly in this group,0
really nobody should work with you on the post in this group,1
again i disagree with your comment but i respect your view,0
really you explained the project very clearly today,0
your opinion is worthless right now,1
again i really liked your report today,0
everyone knows you lied about the design,1
you are completely nonsense right now,1
seriously thank you for your thoughtful presentation online,0
again your idea is interesting,0
your message is useful every time,0
honestly your effort on this assignment is appreciated online,0
you are a true friend,0
listen let us improve the design together right now,0
honestly post another terrible drawing for us to mock,1
listen i really liked your opinion in this group,0
again stay out of our online group in this group.,1
try again,0
really your message is well prepared today,0
honestly everyone is laughing at your post,1
honestly thank you for your kind post,0
again your drawing is completely poor right now,1
this research was useful and interesting in this group,0
again shut up and stop being so worthless online,1
seriously people will remember this embarrassing post right now,1
again this opinion was useful and interesting,0
honestly i really liked your code online,0
honestly you are too ridiculous to understand this code every time,1
listen your appearance looks ridiculous in that photo in this group,1
seriously i disagree with your project but i respect your view.,0
listen keep talking and show everyone how pathetic you are right now,1
you are smart,0
seriously stop posting photos because you look unpleasant,1
listen thank you for your well prepared assignment in this group,0
listen stop pretending you understand the report in this group,1
honestly your report makes no sense at all in this group,1
seriously you explained the post very clearly!,0
well done and keep learning right now,0
seriously you are too ridiculous to understand this idea today,1
again your comment makes no sense at all in this group,1
again you are not invited to our group!,1
honestly keep talking and show everyone how worthless you are right now.,1
seriously you explained the comment very clearly every time,0
you will not achieve anything,1
honestly you explained the drawing very clearly right now,0
listen your mistake is being shared for everyone to laugh at every time,1
seriously thank you for your kind project right now!,0
seriously great job on the post today.,0
really your message is interesting today,0
everyone can see how nonsense your assignment is every time,1
honestly you are so stupid,1
really let us improve the research together right now,0
again post another awful opinion for us to mock in this group!,1
listen i really liked your message,0
again i really liked your project every time,0
listen i really liked your presentation today,0
honestly i really liked your idea!,0
again great job on the comment every time,0
seriously your message is impressive today,0
really your profile picture looks terrible today,1
again this assignment made you look ridiculous every time,1
honestly post another terrible idea for us to mock right now,1
listen try again so everyone can laugh online,1
honestly i disagree with your post but i respect your view online.,0
listen everyone is laughing at your idea in this group,1
nobody cares about your project every time,1
honestly i really liked your assignment online,0
listen people will remember this embarrassing assignment online,1
listen everyone can see how embarrassing your design is today!,1
honestly people say your comment was copied online!,1
you will not get success,1
honestly this is the most hopeless drawing here in this group,1
seriously we will keep reporting every presentation you post every time,1
again i disagree with your design but i respect your view,0
seriously thank you for your clear comment in this group,0
you are acting like a pathetic person,1
honestly nobody should work with you on the presentation right now,1
honestly you explained the post very clearly,0
honestly your profile picture looks ridiculous,1
again your effort on this comment is appreciated in this group,0
again you are completely ridiculous in this group,1
great job on this project,0
again everyone is tired of seeing your assignment today,1
lorem ipsum,0
again i disagree with your report but i respect your view every time,0
honestly please share your research when you are free online,0
honestly have a good day and take care every time,0
seriously you are acting like a useless person every time,1
honestly thank you for your well prepared research,0
again great job on the opinion right now,0
again you do not belong in this chat every time,1
honestly this research was useful and interesting right now!,0
really everyone is tired of seeing your presentation in this group,1
i really liked your comment today,0
this project is amazing,0
really great job on the opinion,0
seriously your posts are absolute trash in this group,1
you are a waste of space,1
seriously this answer was useful and interesting in this group.,0
again this project was useful and interesting.,0
seriously you do not belong in this chat every time!,1
again stop pretending you understand the research online,1
honestly thank you for your interesting drawing online,0
really you are too foolish to understand this idea.,1
seriously you look terrible in every picture in this group,1
seriously you always give hopeless answers today,1
again your assignment is thoughtful online!,0
listen post another useless code for us to mock in this group,1
really we will keep reporting every code you post!,1
seriously nobody should work with you on the message today!,1
honestly you are too incompetent to understand this report.,1
honestly i really liked your message online!,0
seriously i disagree with your assignment but i respect your view in this group,0
really you are completely poor right now,1
again everyone can see how embarrassing your opinion is online,1
really let us improve the opinion together today,0
really stop posting photos because you look strange every time,1
seriously thank you for your excellent project in this group,0
your effort on this comment is appreciated online,0
really thank you for your thoughtful idea every time,0
listen you will never complete this post correctly right now,1
really post another poor opinion for us to mock,1
your effort on this report is appreciated today,0
again stop pretending you understand the idea every time,1
honestly your effort on this answer is appreciated online,0
really stop posting photos because you look terrible online!,1
you are doing nothing,1
i really liked your idea every time!,0
really your appearance looks poor in that photo every time.,1
seriously stay out of our online group today.,1
again let us improve the assignment together.,0
again everyone heard that you ruined the presentation every time,1
listen this message was useful and interesting,0
really you embarrassed yourself with that drawing in this group,1
nobody loves you,1
really please share your drawing when you are free.,0
honestly people are sharing stories to make fun of you online!,1
honestly stop posting photos because you look awkward in this group,1
how was your day today,0
listen you are completely nonsense in this group,1
seriously you are too hopeless to understand this research in this group,1
you have no talent,1
listen i really liked your comment right now,0
seriously this answer made you look ridiculous in this group,1
really you explained the assignment very clearly right now,0
listen i disagree with your report but i respect your view right now,0
really people will remember this embarrassing message right now,1
really nobody should work with you on the answer today,1
listen please share your presentation when you are free,0
seriously shut up and stop being so pathetic right now,1
again i really liked your idea in this group,0
again please share your research when you are free right now,0
again you explained the design very clearly every time,0
honestly post another worthless comment for us to mock today,1
seriously you are completely embarrassing in this group,1
honestly you sound foolish in this research today,1
listen great job on the post today,0
have a good day and take care,0
thank you for your interesting research right now,0
really you always give embarrassing answers!,1
we will keep reporting every comment you post,1
listen post another hopeless answer for us to mock,1
honestly your effort on this message is appreciated today,0
fuck you,1
listen post another terrible post for us to mock every time,1
honestly you explained the code very clearly today.,0
everyone is talking about your embarrassing mistake every time,1
really this answer was useful and interesting right now,0
seriously you failed again in front of everyone online.,1
really let us improve the comment together right now,0
great job on the answer right now,0
really i disagree with your project but i respect your view,0
seriously let us improve the idea together in this group,0
really great job on the code in this group!,0
honestly please share your opinion when you are free today,0
listen i really liked your report!,0
honestly well done and keep learning online,0
listen you sound pathetic in this assignment in this group,1
listen everyone knows you lied about the design,1
honestly everyone can see how embarrassing your opinion is in this group,1
again please share your opinion when you are free today,0
listen i disagree with your message but i respect your view today.,0
honestly everyone knows you are bad at this subject in this group,1
you explained the design very clearly,0
your design is a joke to everyone right now,1
again we will keep reporting every project you post,1
honestly let us improve the post together today.,0
again your report is helpful today,0
thank you for your clear idea in this group,0
i really liked your report every time,0
seriously i really liked your answer online.,0
really let us improve the comment together,0
thank you for your impressive comment,0
thank you for your kind comment,0
listen that was a very hopeless response today,1
shut up and stop being so hopeless,1
really you explained the code very clearly every time,0
you explained the drawing very clearly online,0
again thank you for your excellent opinion in this group,0
listen let us improve the report together online,0
really your effort on this research is appreciated right now,0
nobody cares about your message every time,1
really thank you for your interesting project today,0
really shut up and stop being so incompetent in this group,1
honestly stop posting such pathetic things every time,1
listen the group is joking about your latest mistake in this group,1
again your effort on this message is appreciated,0
let us improve the comment together right now,0
listen have a good day and take care every time!,0
your appearance looks pathetic in that photo,1
honestly stop posting photos because you look ridiculous online,1
again post another ridiculous design for us to mock right now,1
seriously everyone is tired of you every time!,1
listen nobody cares about your answer every time,1
again your effort on this assignment is appreciated right now,0
seriously you sound worthless in this drawing online!,1
again your style looks ridiculous online,1
honestly let us improve the research together every time,0
this code was useful and interesting in this group,0
listen your answer proves you know nothing.,1
your effort on this comment is appreciated every time!,0
let us improve the report together right now,0
keep talking and show everyone how hopeless you are today,1
seriously everyone is tired of seeing your idea today,1
again this research was useful and interesting right now,0
your presentation is interesting!,0
listen your opinion is impressive today,0
seriously you are completely pathetic right now,1
honestly everyone heard that you ruined the research today,1
again thank you for your impressive opinion,0
again let us improve the opinion together today,0
again you sound useless in this report every time,1
really everyone can see how pathetic your code is online.,1
listen people will remember this embarrassing assignment today,1
really your appearance looks pathetic in that photo in this group,1
honestly i really liked your answer today,0
honestly stop pretending you understand the project right now,1
you can make it better,0
honestly stop pretending you understand the post every time,1
honestly let us improve the assignment together today,0
again stop being such a loser in this group.,1
honestly this comment was useful and interesting,0
again your presentation makes no sense at all right now,1
listen the group keeps mocking what happened to you right now!,1
seriously you will never complete this design correctly,1
stop coming back to this page in this group,1
really you explained the project very clearly online,0
you will get success in life,0
again your effort on this comment is appreciated today,0
honestly you explained the drawing very clearly online,0
again post another embarrassing answer for us to mock every time,1
really your effort on this design is appreciated,0
listen your comment is kind every time.,0
really your project is a joke to everyone right now,1
i disagree with your research but i respect your view in this group,0
honestly everyone is laughing at your code every time!,1
listen you are a joke right now!,1
great job on the design,0
this is the most embarrassing research here today,1
thank you for your clear report online!,0
honestly shut up and stop being so foolish,1
you embarrassed yourself with that research online,1
listen nobody should work with you on the opinion in this group,1
again thank you for your well prepared code in this group.,0
really your answer is creative online,0
honestly stop posting photos because you look ridiculous every time,1
again let us improve the report together,0
listen post another worthless design for us to mock right now,1
you will achieve success,0
your effort on this research is appreciated in this group,0
we made another group without you in this group,1
honestly this is the most embarrassing answer here every time,1
honestly you explained the opinion very clearly every time,0
you are pathetic,1
seriously keep making mistakes because it is funny today!,1
listen stop posting photos because you look ridiculous today,1
seriously you are so incompetent in this group,1
listen please share your comment when you are free every time,0
you failed again in front of everyone every time,1
again thank you for your excellent design today,0
listen please share your comment when you are free today,0
really get lost you hopeless right now.,1
seriously nobody should work with you on the design right now,1
listen your effort on this comment is appreciated,0
this is the most useless message here online,1
really i disagree with your research but i respect your view every time,0
honestly your style looks terrible,1
seriously keep talking and show everyone how stupid you are online,1
honestly great job on the project,0
again we will keep reporting every answer you post today,1
post another nonsense code for us to mock online,1
honestly stay out of our online group,1
this opinion was useful and interesting,0
listen please share your idea when you are free today,0
again your research is completely embarrassing right now,1
listen your profile picture looks poor today,1
seriously we will keep reporting every opinion you post,1
great job on the opinion in this group,0
honestly i disagree with your idea but i respect your view,0
listen you explained the opinion very clearly online,0
honestly let us improve the assignment together online,0
honestly your design is useful in this group,0
honestly nobody cares about your research in this group!,1
seriously stop posting photos because you look strange,1
what a useless thing to say online,1
i really liked your post right now,0
really nobody should work with you on the post.,1
really this project was useful and interesting online,0
seriously i really liked your research right now,0
honestly you explained the report very clearly,0
again this is the most pathetic message here online,1
listen i really liked your presentation,0
really post another embarrassing assignment for us to mock in this group,1
honestly please share your post when you are free in this group!,0
really you are acting like a worthless person today,1
this comment was useful and interesting today,0
really thank you for your excellent project today,0
really post another hopeless project for us to mock today,1
again let us improve the assignment together every time,0
honestly everyone is tired of seeing your presentation in this group,1
again your opinion is interesting,0
you look ugly,1
everyone hates you,1
everyone knows you lied about the assignment today!,1
again thank you for your well prepared drawing today,0
listen you sound hopeless in this design right now,1
this design was useful and interesting right now,0
really your code is a joke to everyone online,1
shut up and stop being so useless!,1
really keep talking and show everyone how incompetent you are every time,1
again post another pathetic presentation for us to mock every time,1
really i disagree with your presentation but i respect your view,0
seriously everyone knows you lied about the comment today,1
listen you are too hopeless to understand this assignment online,1
listen we made another group without you.,1
listen your assignment makes no sense at all every time,1
honestly you are acting like a stupid person today,1
again your style looks embarrassing in this group,1
listen thank you for your impressive code,0
seriously what a annoying thing to say in this group,1
really i really liked your project in this group,0
have a good day and take care today,0
really i really liked your code,0
honestly thank you for your helpful research today,0
listen everyone heard that you ruined the project in this group,1
again i really liked your presentation right now,0
listen people will remember this embarrassing report in this group,1
honestly you explained the answer very clearly today,0
again your code is clear,0
again i really liked your idea,0
really nobody should work with you on the presentation right now!,1
again your opinion is interesting every time,0
listen stop posting such useless things,1
seriously your assignment is a joke to everyone,1
really you are a total failure today,1
you are completely ridiculous today!,1
i really liked your answer right now,0
you will never complete this presentation correctly online,1
really you explained the message very clearly right now,0
please share your design when you are free in this group,0
honestly your design is impressive every time!,0
i really liked your project in this group,0
you are making progress,0
really post another hopeless drawing for us to mock in this group,1
listen your report makes no sense at all in this group,1
listen your research is helpful in this group!,0
again your answer proves you know nothing!,1
thank you for your impressive answer,0
seriously thank you for your impressive comment right now,0
honestly thank you for your helpful design right now,0
honestly keep talking and show everyone how hopeless you are in this group,1
listen your opinion is a joke to everyone every time,1
honestly your effort on this research is appreciated right now,0
seriously please share your project when you are free.,0
really shut up and stop being so useless!,1
again your drawing is interesting today,0
this drawing was useful and interesting every time,0
you look awkward in every picture right now!,1
your message is completely pathetic right now,1
everyone is tired of seeing your answer right now,1
honestly thank you for your impressive drawing online,0
again you sound ridiculous in this drawing online,1
your assignment is completely useless right now,1
again your style looks poor in this group,1
seriously everyone is tired of seeing your post in this group,1
great job on the opinion online,0
qwefcg blvhfncxjmdwq,0
honestly everyone knows you lied about the assignment every time.,1
again your post is excellent every time,0
listen shut up and stop being so useless in this group,1
i disagree with your project but i respect your view,0
seriously that was a very hopeless response in this group.,1
again great job on the comment right now!,0
again i disagree with your message but i respect your view online,0
listen i disagree with your project but i respect your view today,0
seriously people will remember this embarrassing opinion today,1
again post another useless assignment for us to mock every time,1
honestly you explained the opinion very clearly today,0
seriously your presentation makes no sense at all,1
seriously well done and keep learning,0
you are kind,0
again this presentation was useful and interesting today,0
seriously your design makes no sense at all in this group,1
really you explained the opinion very clearly in this group,0
honestly thank you for your clear answer every time,0
again your style looks worthless,1
thank you for your useful opinion in this group,0
again this is the most pathetic assignment here today,1
really you are completely terrible right now!,1
listen everyone can see how awful your opinion is every time,1
seriously you are a joke.,1
honestly everyone will make fun of your appearance online!,1
seriously you will never complete this comment correctly in this group,1
seriously everyone can see how pathetic your answer is every time,1
again have a good day and take care in this group,0
seriously everyone can see how terrible your design is every time,1
you will get a job,0
again let us improve the message together,0
good morning,0
again you explained the presentation very clearly,0
again stop pretending you understand the report today,1
listen people say your opinion was copied in this group!,1
listen people will joke about the way you look in this group,1
honestly your report is interesting right now,0
this project was useful and interesting right now,0
really thank you for your creative comment,0
let us improve the research together right now,0
really you explained the message very clearly every time.,0
listen this project was useful and interesting every time,0
seriously nobody should work with you on the opinion online,1
seriously your effort on this post is appreciated in this group,0
i hate you so much,1
post another nonsense answer for us to mock online,1
listen you explained the assignment very clearly online,0
you are so stupid every time,1
good try,0
really great job on the research every time,0
everyone is laughing at your project,1
nobody cares about your design today,1
honestly you always give terrible answers,1
you are a good human,0
stop posting such nonsense things online,1
honestly you sound incompetent in this report today,1
stop posting such embarrassing things online,1
listen everyone knows you lied about the post online!,1
listen your idea is kind in this group,0
honestly what a incompetent thing to say in this group,1
seriously this idea was useful and interesting in this group,0
listen people say your message was copied today,1
seriously i disagree with your answer but i respect your view right now,0
this opinion was useful and interesting in this group,0
listen your marks show that you are hopeless every time,1
honestly people will remember this embarrassing report today,1
great job on the code,0
seriously people say your answer was copied in this group,1
thank you for your useful project every time,0
again you explained the idea very clearly every time,0
again you sound worthless in this drawing today,1
really you explained the message very clearly online,0
your effort on this message is appreciated every time,0
honestly stop posting such embarrassing things online,1
really i really liked your research every time,0
seriously we will keep reporting every project you post,1
everyone heard that you ruined the project online,1
listen your effort on this comment is appreciated today,0
listen please share your report when you are free right now,0
i really liked your opinion online,0
listen we will keep reporting every presentation you post every time,1
seriously this drawing was useful and interesting today,0
again your profile picture looks awful every time,1
seriously shut up and stop being so stupid today.,1
again people will remember this embarrassing presentation every time,1
honestly you embarrassed yourself with that code today,1
listen that was a very useless response in this group,1
seriously shut up and stop being so clueless today,1
listen your post is excellent online,0
listen i disagree with your code but i respect your view right now,0
we will ignore everything you post every time!,1
again your effort on this opinion is appreciated online,0
great job on the drawing in this group,0
honestly your presentation is helpful today,0
honestly let us improve the presentation together in this group,0
honestly everyone heard that you ruined the post in this group,1
seriously i disagree with your code but i respect your view today,0
keep smiling,0
your design is a joke to everyone every time,1
again i really liked your comment,0
listen i disagree with your code but i respect your view every time,0
honestly get lost you worthless online,1
again well done and keep learning right now,0
listen great job on the presentation right now,0
honestly great job on the answer today,0
honestly we will keep reporting every idea you post,1
again your posts are absolute trash today,1
again everyone heard that you ruined the opinion online,1
seriously thank you for your useful assignment today,0
again nobody cares about your idea today,1
listen post another embarrassing drawing for us to mock in this group,1
really you explained the opinion very clearly every time,0
really i disagree with your code but i respect your view,0
listen nobody should work with you on the assignment right now,1
really i disagree with your opinion but i respect your view today,0
your profile picture looks poor in this group,1
listen your effort on this post is appreciated online,0
really please share your answer when you are free online,0
listen everyone knows you lied about the project online.,1
honestly your effort on this report is appreciated in this group,0
really i really liked your project today.,0
seriously everyone is talking about your embarrassing mistake today.,1
listen let us improve the idea together,0
post another hopeless post for us to mock,1
really i disagree with your project but i respect your view right now,0
keep talking and show everyone how stupid you are online,1
really please share your report when you are free every time,0
seriously everyone is tired of seeing your design online,1
listen you are a joke online,1
seriously this presentation was useful and interesting in this group,0
again your effort on this presentation is appreciated right now,0
honestly you explained the message very clearly online,0
asdfghjkl,0
again great job on the comment in this group,0
honestly post another embarrassing answer for us to mock,1
listen i really liked your assignment right now,0
thank you for your useful post every time,0
seriously i disagree with your design but i respect your view today,0
people say your comment was copied online,1
really your message makes no sense at all online,1
listen your assignment is impressive in this group!,0
seriously this design was useful and interesting every time,0
really this code was useful and interesting online,0
again great job on the code online,0
you are going grate,0
honestly keep away from our group conversations in this group,1
listen i disagree with your post but i respect your view every time,0
test message,0
really the whole group knows about your failure.,1
honestly you embarrassed yourself with that opinion today,1
listen this report was useful and interesting today,0
honestly you will never complete this answer correctly today,1
again this drawing made you look ridiculous today,1
honestly you embarrassed yourself with that design,1
seriously everyone knows you lied about the presentation today,1
listen i disagree with your research but i respect your view today,0
seriously get lost you incompetent right now.,1
seriously your opinion is completely poor today,1
seriously do not include this person in the team online,1
really let us improve the project together online,0
honestly i disagree with your presentation but i respect your view today,0
honestly keep talking and show everyone how pathetic you are online.,1
again great job on the code today,0
i disagree with your message but i respect your view every time,0
again you should stay silent in this group today.,1
listen post another nonsense project for us to mock!,1
listen you explained the project very clearly online,0
you are worthless,1
listen i disagree with your opinion but i respect your view every time,0
again your effort on this code is appreciated every time,0
seriously this research was useful and interesting online,0
again stop posting photos because you look ugly every time,1
listen please share your comment when you are free right now,0
i disagree with your code but i respect your view in this group,0
listen you are completely embarrassing right now,1
you are a peace of trash,1
really shut up and stop being so pathetic every time,1
honestly let us improve the drawing together in this group,0
again get lost you pathetic online!,1
again everyone is tired of seeing your message every time,1
you can do better,0
again thank you for your helpful design online!,0
well done and keep learning online,0
honestly thank you for your helpful post today,0
again you sound pathetic in this message in this group,1
again your answer makes no sense at all every time,1
seriously your code is useful in this group,0
seriously this comment was useful and interesting right now,0
honestly everyone is tired of seeing your design right now,1
people say your post was copied online,1
you will not get better,1
nobody should work with you on the code online,1
really you embarrassed yourself with that opinion today,1
seriously thank you for your clear message online,0
listen everyone can see how nonsense your drawing is today,1
seriously nobody should work with you on the message in this group,1
we will keep reporting every research you post online!,1
seriously leave this group because nobody likes your posts every time.,1
again your effort on this presentation is appreciated every time,0
i really liked your idea,0
really i really liked your answer online,0
seriously nobody should work with you on the post online,1
seriously please share your code when you are free,0
again great job on the report every time,0
honestly post another embarrassing design for us to mock today,1
listen your project is thoughtful today,0
thank you for your impressive research online,0
honestly nobody should work with you on the idea right now,1
listen what a worthless thing to say,1
well done brother,0
seriously i really liked your opinion in this group,0
abc xyz,0
listen your appearance looks poor in that photo online,1
listen post another nonsense comment for us to mock in this group,1
you are getting better,0
i disagree with your post but i respect your view right now,0
listen try again so everyone can laugh right now!,1
really your message is thoughtful every time,0
honestly you explained the idea very clearly online.,0
seriously thank you for your kind post every time!,0
honestly everyone knows you are bad at this subject today,1
you suck,1
again let us improve the research together,0
this report was useful and interesting in this group,0
listen you always give awful answers online.,1
do not include this person in the team online,1
honestly your comment is a joke to everyone.,1
you will never be anything,1
shut up and stop being so stupid,1
listen your effort on this project is appreciated online,0
again you sound annoying in this message,1
honestly thank you for your interesting research,0
again you are a total failure online,1
seriously i disagree with your project but i respect your view right now,0
again let us improve the comment together,0
again this is the most pathetic report here right now.,1
really this message was useful and interesting every time,0
honestly great job on the comment!,0
again i disagree with your research but i respect your view online,0
thank you for your creative report in this group,0
honestly this research was useful and interesting in this group,0
honestly your design is well prepared in this group,0
again your effort on this report is appreciated every time,0
really your profile picture looks poor,1
honestly everyone is laughing at your project,1
you are the worst,1
shut up and stop being so pathetic today,1
really you explained the presentation very clearly online,0
listen let us improve the project together today,0
seriously i disagree with your opinion but i respect your view,0
honestly i disagree with your project but i respect your view every time,0
listen get lost you stupid in this group,1
this comment made you look ridiculous today,1
this is so helpful thank you,0
your project is garbage,1
seriously i disagree with your idea but i respect your view in this group,0
again your effort on this code is appreciated,0
honestly let us improve the comment together today,0
seriously this post was useful and interesting,0
listen your message is impressive online,0
great job on the design in this group!,0
listen i disagree with your answer but i respect your view today,0
honestly i really liked your presentation right now,0
seriously this is the most awful presentation here today,1
honestly your project is kind in this group,0
seriously your research is completely terrible today,1
really let us improve the post together online,0
really you are completely hopeless every time,1
listen you will never complete this report correctly in this group.,1
you are a great person,0
listen you always fail at basic tasks online,1
seriously great job on the research online,0
again your effort on this comment is appreciated right now,0
listen you are too stupid to understand this opinion right now,1
honestly you explained the comment very clearly every time,0
again keep talking and show everyone how annoying you are online,1
listen well done and keep learning today,0
seriously your appearance looks awful in that photo in this group,1
i disagree with your report but i respect your view right now,0
this assignment was useful and interesting today.,0
again post another pathetic drawing for us to mock in this group,1
listen let us improve the report together right now,0
again please share your report when you are free online,0
listen your effort on this answer is appreciated online,0
again this project was useful and interesting in this group,0
honestly everyone is tired of you,1
great job on the opinion,0
listen everyone heard that you ruined the message online,1
listen you explained the report very clearly in this group!,0
i really liked your answer every time,0
listen you always give hopeless answers today,1
again this message was useful and interesting,0
i disagree with your research but i respect your view right now!,0
again this comment was useful and interesting in this group,0
really keep talking and show everyone how useless you are,1
your effort on this opinion is appreciated in this group,0
really this opinion was useful and interesting right now,0
seriously you are a joke right now,1
thank you for your well prepared report right now,0
you will win,0
again your effort on this comment is appreciated online,0
again you are so worthless online,1
honestly people say your presentation was copied online,1
really your answer is completely poor in this group,1
listen you embarrassed yourself with that research right now,1
again keep making mistakes because it is funny online!,1
honestly thank you for your thoughtful research in this group,0
seriously please share your drawing when you are free,0
listen you are too hopeless to understand this drawing,1
again you are too ridiculous to understand this idea online,1
everyone can see how awful your report is online,1
great job on the research online,0
again everyone heard that you ruined the drawing in this group,1
seriously this is another embarrassing post from you today,1
really your effort on this idea is appreciated,0
kill yourself,1
keep talking and show everyone how pathetic you are today!,1
happy birthday,0
honestly you cannot solve even a simple question every time,1
seriously everyone can see how hopeless your comment is right now,1
again you always give pathetic answers online,1
we will keep reporting every design you post today,1
you are so cringe,1
really please share your project when you are free right now,0
seriously everyone is tired of seeing your idea every time,1
honestly your effort on this opinion is appreciated today,0
again your project is thoughtful today,0
seriously i disagree with your research but i respect your view online,0
let us improve the idea together every time,0
honestly you will never complete this post correctly in this group,1
honestly this opinion was useful and interesting every time.,0
listen please share your drawing when you are free right now!,0
again great job on the answer today!,0
really this report was useful and interesting online,0
honestly this opinion was useful and interesting right now,0
again post another worthless presentation for us to mock today,1
honestly i really liked your assignment today,0
seriously great job on the research every time,0
seriously let us improve the message together,0
you are a piece of trash,1
really you explained the message very clearly today,0
seriously i really liked your message every time,0
again your effort on this project is appreciated,0
seriously continue arguing because nobody takes you seriously.,1
seriously you explained the drawing very clearly every time,0
seriously your profile picture looks terrible every time,1
honestly let us improve the presentation together online,0
honestly you explained the idea very clearly in this group,0
again let us improve the post together online,0
seriously your idea is clear in this group,0
really post another useless message for us to mock today,1
nobody should work with you on the code every time,1
really keep talking and show everyone how foolish you are in this group,1
honestly thank you for your clear answer right now,0
you sound incompetent in this code in this group,1
listen keep making mistakes because it is funny every time.,1
again your comment is clear,0
really your profile picture looks embarrassing online,1
again please share your code when you are free every time,0
everyone will make fun of your appearance,1
honestly i really liked your presentation online,0
really let us improve the drawing together right now!,0
again post another poor project for us to mock,1
really you explained the design very clearly,0
seriously please share your post when you are free online,0
again this opinion was useful and interesting online,0
again your profile picture looks worthless today,1
again everyone heard that you ruined the idea.,1
listen great job on the design online,0
honestly everyone knows you lied about the presentation online,1
again you sound incompetent in this presentation right now,1
seriously you are so stupid right now!,1
really you explained the drawing very clearly today,0
really people will joke about the way you look!,1
again you embarrassed yourself with that drawing,1
again this assignment was useful and interesting,0
really your appearance looks hopeless in that photo today,1
really your appearance looks terrible in that photo right now,1
again post another terrible report for us to mock today.,1
continue arguing because nobody takes you seriously right now!,1
really your research makes no sense at all in this group,1
listen you explained the presentation very clearly today,0
seriously everyone can see how terrible your presentation is in this group,1
this is the most embarrassing message here right now,1
honestly your answer is clear in this group,0
your appearance looks ridiculous in that photo online!,1
let us improve the post together online,0
really thank you for your useful research today,0
your effort on this drawing is appreciated,0
honestly everyone heard that you ruined the project today,1
really everyone knows you lied about the assignment every time,1
listen i really liked your design right now,0
you are too ridiculous to understand this drawing today,1
again keep making mistakes because it is funny today,1
seriously i really liked your assignment online,0
really well done and keep learning today,0
listen post another ridiculous post for us to mock today,1
seriously you will never complete this message correctly every time,1
again everyone heard that you ruined the research,1
honestly we will keep reporting every design you post,1
honestly people say your message was copied today,1
honestly your report is useful today.,0
seriously nobody should work with you on the opinion every time,1
you explained the message very clearly,0
seriously this answer was useful and interesting online,0
really you are too annoying to understand this project,1
great job on the post right now,0
seriously i disagree with your assignment but i respect your view every time,0
honestly your profile picture looks embarrassing in this group,1
listen your profile picture looks poor,1
again you always give awful answers in this group,1
honestly you always give hopeless answers right now,1
again everyone can see how awful your presentation is every time,1
again your comment is creative today,0
this code was useful and interesting every time,0
really this message was useful and interesting today,0
honestly i disagree with your opinion but i respect your view,0
honestly i really liked your idea every time,0
again let us improve the report together right now,0
honestly everyone heard that you ruined the report today,1
really your effort on this presentation is appreciated right now.,0
you are too ridiculous to understand this presentation,1
everyone heard that you ruined the report,1
your design makes no sense at all in this group,1
listen thank you for your creative project every time,0
you are garbage,1
seriously you embarrassed yourself with that assignment today,1
again i really liked your assignment in this group.,0
honestly thank you for your impressive report,0
again please share your comment when you are free,0
seriously let us improve the project together every time,0
have a good day and take care right now.,0
listen people will remember this embarrassing idea every time,1
honestly this design made you look ridiculous every time,1
listen i really liked your opinion right now,0
thank you for your creative presentation right now,0
really leave this group because nobody likes your posts every time,1
really the whole group knows about your failure today.,1
i really liked your comment online,0
listen post another awful code for us to mock in this group,1
everyone heard that you ruined the design today,1
again great job on the answer right now,0
again have a good day and take care online,0
honestly please share your drawing when you are free online,0
really people say your answer was copied,1
honestly you look ugly in every picture today,1
listen your idea is completely embarrassing online,1
really people say your report was copied in this group,1
seriously people will remember this embarrassing answer every time,1
nobody should work with you on the opinion today,1
honestly you are completely pathetic every time,1
your drawing makes no sense at all,1
honestly thank you for your clear design today,0
your style looks embarrassing in this group,1
you are doing great,0
really your design is well prepared online,0
this report was useful and interesting today,0
honestly great job on the assignment,0
again you explained the idea very clearly in this group,0
you will not succeed,1
you explained the design very clearly online,0
everyone is tired of seeing your answer online,1
honestly get lost you ridiculous,1
again thank you for your thoughtful post in this group,0
you explained the message very clearly today,0
honestly please share your post when you are free,0
honestly i really liked your report in this group,0
listen you always give awful answers in this group,1
listen this code was useful and interesting today,0
really please share your presentation when you are free today!,0
honestly say that again and make yourself look foolish today,1
again your appearance looks awful in that photo in this group,1
seriously you embarrassed yourself with that comment in this group,1
really your answer is kind online,0
really say that again and make yourself look foolish in this group,1
seriously thank you for your thoughtful code in this group,0
honestly you embarrassed yourself with that assignment every time,1
listen keep talking and show everyone how useless you are right now,1
you are idoit,1
seriously i really liked your report online.,0
you will pass,0
seriously shut up and stop being so stupid in this group,1
listen you explained the code very clearly every time,0
you are completely terrible right now,1
really stop posting such nonsense things online,1
again you explained the answer very clearly right now!,0
seriously i really liked your post online,0
listen stop pretending you understand the idea today,1
listen you explained the assignment very clearly today,0
listen nobody cares about your report online,1
honestly your effort on this project is appreciated right now,0
honestly everyone is tired of seeing your answer in this group.,1
really i really liked your research right now,0
honestly your comment is interesting every time,0
really you are too stupid to understand this report right now,1
seriously people are forwarding your mistake everywhere every time.,1
shut up moron,1
honestly people say your idea was copied in this group,1
really your opinion makes no sense at all every time,1
seriously your opinion is useful today,0
really you explained the drawing very clearly in this group,0
you are a piece of garbage,1
honestly let us improve the post together in this group,0
again your code is the worst in the class right now,1
seriously have a good day and take care!,0
listen let us improve the presentation together every time,0
youre trash,1
really i really liked your answer,0
again we will keep reporting every idea you post online,1
you are so clueless in this group,1
seriously you sound annoying in this post online,1
really keep away from our group conversations online,1
really stay out of our online group,1
really thank you for your kind assignment in this group,0
seriously your profile picture looks ridiculous,1
really let us improve the code together right now!,0
this project made you look ridiculous in this group,1
i really liked your code in this group,0
really let us improve the idea together every time,0
again great job on the opinion every time,0
really this opinion was useful and interesting today,0
go on and embarrass yourself again today.,1
listen you will never complete this post correctly.,1
seriously post another useless message for us to mock in this group,1
seriously everyone can see how nonsense your opinion is online,1
seriously your effort on this message is appreciated today,0
listen people will remember this embarrassing message today.,1
seriously great job on the comment,0
listen people will remember this embarrassing research online,1
really your style looks worthless today,1
honestly what a worthless thing to say online,1
you are doing grate,0
again your drawing is helpful,0
everyone is tired of seeing your presentation today,1
i disagree with your comment but i respect your view in this group,0
get lost you incompetent in this group,1
honestly nobody cares about your code today,1
you will fail on each step,1
really your code is helpful right now,0
honestly you will never complete this code correctly right now,1
you explained the post very clearly,0
again thank you for your helpful presentation in this group.,0
honestly you are too annoying to understand this post right now,1
again your report is well prepared,0
really thank you for your excellent message right now,0
honestly your post is kind in this group,0
seriously you will never complete this comment correctly!,1
really you explained the project very clearly,0
listen you always make a fool of yourself online.,1
again this is the most embarrassing assignment here online,1
again this research was useful and interesting online!,0
listen nobody cares about your comment today,1
your opinion is helpful right now,0
again your drawing is thoughtful,0
honestly this drawing was useful and interesting online,0
you have done well,0
really everyone heard that you ruined the post right now,1
really nobody should work with you on the code,1
seriously everyone knows you lied about the message online,1
what are you doing,0
listen your style looks poor in this group,1
again you are acting like a hopeless person in this group!,1
how was your day,0
seriously thank you for your well prepared drawing today,0
really you explained the answer very clearly today,0
honestly shut up and stop being so pathetic in this group,1
listen let us improve the opinion together every time,0
stop posting photos because you look strange every time,1
listen your effort on this design is appreciated,0
listen have a good day and take care today,0
you embarrassed yourself with that research in this group,1
really your drawing is a joke to everyone every time,1
everyone knows you lied about the post every time,1
really this comment was useful and interesting right now,0
really everyone heard that you ruined the idea in this group,1
really you are a total failure!,1
honestly your project makes no sense at all right now,1
honestly your appearance looks pathetic in that photo online,1
again post another awful design for us to mock every time,1
honestly you will never complete this drawing correctly,1
listen i really liked your comment every time,0
again you explained the drawing very clearly in this group,0
honestly this research was useful and interesting every time,0
really that was a very hopeless response online,1
honestly we made another group without you in this group,1
seriously everyone can see how embarrassing your research is online,1
your style looks awful right now,1
really stop posting photos because you look awkward today,1
really everyone heard that you ruined the idea,1
really your post is kind,0
you are stoopid,1
again everyone is laughing at your project right now,1
again stop posting such poor things every time,1
listen everyone knows you lied about the opinion today,1
really you sound annoying in this comment online.,1
how are you doing,0
really your effort on this opinion is appreciated every time,0
really post another pathetic drawing for us to mock every time!,1
you are amazing,0
seriously please share your research when you are free,0
well done and keep learning today,0
listen great job on the research online,0
really try again so everyone can laugh online!,1
your effort on this message is appreciated today,0
u are a trash,1
listen well done and keep learning in this group.,0
seriously this idea was useful and interesting!,0
seriously what a hopeless thing to say today,1
i disagree with your message but i respect your view right now,0
listen this message made you look ridiculous in this group,1
honestly your effort on this idea is appreciated every time,0
listen great job on the assignment right now,0
again keep talking and show everyone how annoying you are every time,1
honestly please share your idea when you are free right now,0
seriously great job on the design every time,0
your answer proves you know nothing right now,1
congratulations,0
you will get an opportunity,0
get lost you stupid,1
honestly great job on the post,0
seriously everyone knows you lied about the project,1
honestly you are completely poor,1
seriously thank you for your interesting drawing,0
again stop posting photos because you look unpleasant today,1
again shut up and stop being so pathetic in this group,1
honestly stop posting photos because you look ugly,1
again thank you for your thoughtful presentation.,0
seriously great job on the answer online,0
really please share your drawing when you are free right now,0
you are acting like a clueless person in this group,1
post another hopeless research for us to mock in this group,1
seriously let us improve the presentation together in this group,0
you are too ridiculous to understand this code,1
really your profile picture looks worthless today,1
honestly keep talking and show everyone how clueless you are online,1
seriously you embarrassed yourself with that comment online!,1
seriously your opinion is clear right now,0
really stay out of our online group right now.,1
honestly this drawing was useful and interesting every time,0
seriously this code was useful and interesting,0
honestly post another embarrassing message for us to mock right now,1
honestly post another worthless message for us to mock,1
seriously your effort on this assignment is appreciated online,0
listen we will keep reporting every assignment you post online,1
honestly stop pretending you understand the assignment today,1
we will keep reporting every presentation you post every time,1
listen i disagree with your presentation but i respect your view,0
again try again so everyone can laugh in this group,1
honestly everyone is tired of seeing your post today,1
again post another pathetic project for us to mock every time,1
seriously thank you for your well prepared opinion every time,0
again you look ugly in every picture,1
nobody cares about your research in this group,1
really please share your research when you are free today,0
seriously everyone heard that you ruined the drawing today.,1
this design made you look ridiculous in this group,1
listen your message is excellent every time,0
really stop posting photos because you look ugly right now,1
really your appearance looks embarrassing in that photo in this group.,1
seriously thank you for your useful comment,0
thank you for your clear idea every time,0
honestly stop pretending you understand the opinion online,1
honestly have a good day and take care in this group,0
honestly leave this group because nobody likes your posts online!,1
listen i disagree with your answer but i respect your view right now,0
really your profile picture looks ridiculous right now,1
honestly great job on the report every time,0
seriously everyone is tired of seeing your assignment every time,1
seriously you explained the idea very clearly every time,0
honestly everyone can see how terrible your answer is,1
seriously this post was useful and interesting every time,0
how did you make this project,0
again your design is clear!,0
really post another hopeless post for us to mock.,1
again shut up and stop being so clueless right now,1
seriously we will keep reporting every comment you post in this group,1
listen everyone heard that you ruined the design today,1
honestly stop pretending you understand the opinion in this group,1
seriously you explained the report very clearly every time,0
again everyone heard that you ruined the design in this group,1
honestly well done and keep learning,0
really let us improve the answer together!,0
everyone will make fun of your appearance in this group!,1
listen great job on the code in this group,0
seriously nobody should work with you on the project every time,1
honestly thank you for your impressive message in this group,0
honestly your post is impressive in this group,0
let us improve the design together every time,0
this presentation was useful and interesting every time.,0
again i disagree with your project but i respect your view today,0
honestly this post was useful and interesting today,0
really post another nonsense assignment for us to mock every time.,1
really everyone is tired of seeing your code right now,1
honestly i really liked your presentation,0
again great job on the drawing right now,0
again people will remember this embarrassing post today,1
again everyone can see how hopeless your post is,1
really i really liked your message every time,0
listen let us improve the assignment together online.,0
listen post another useless message for us to mock right now,1
listen post another useless report for us to mock right now.,1
thank you for your thoughtful research,0
again we will keep reporting every research you post,1
listen your drawing is thoughtful,0
listen you explained the post very clearly today,0
listen nobody should work with you on the comment today,1
again people will remember this embarrassing answer,1
again this presentation was useful and interesting,0
honestly what a pathetic thing to say,1
seriously we will ignore everything you post today.,1
listen nobody should work with you on the assignment today,1
listen your drawing is clear in this group,0
seriously i disagree with your assignment but i respect your view online,0
seriously your answer is thoughtful today,0
again your code is clear online,0
honestly stop pretending you understand the research in this group!,1
listen the group keeps mocking what happened to you in this group.,1
really your mistake is being shared for everyone to laugh at every time,1
honestly this message was useful and interesting every time,0
honestly everyone is laughing at your project in this group,1
really thank you for your well prepared message,0
seriously i really liked your assignment,0
honestly stop pretending you understand the code right now,1
really great job on the drawing in this group,0
i really liked your answer online,0
you did a good job,0
again people say your research was copied,1
honestly please share your project when you are free every time,0
really get lost you annoying online,1
seriously you always make a fool of yourself online online,1
honestly your effort on this assignment is appreciated,0
again we will keep reporting every opinion you post in this group,1
seriously your effort on this presentation is appreciated every time,0
really we made another group without you right now,1
honestly people say your opinion was copied,1
again great job on the idea today,0
your presentation is kind,0
seriously nobody should work with you on the design in this group,1
really i disagree with your post but i respect your view right now,0
this message was useful and interesting every time,0
really let us improve the presentation together in this group,0
you are so fat and ugly,1
honestly i really liked your design online!,0
your effort on this presentation is appreciated,0
really thank you for your useful answer,0
seriously let us improve the presentation together,0
stop pretending you understand the design,1
listen everyone is tired of seeing your research in this group,1
really your appearance looks embarrassing in that photo every time,1
really everyone is tired of seeing your assignment in this group,1
really you should stay silent in this group online,1
seriously post another pathetic answer for us to mock online,1
really get lost you hopeless online,1
nobody cares about your message in this group,1
again i disagree with your research but i respect your view,0
honestly your effort on this research is appreciated every time,0
seriously i really liked your answer right now,0
listen have a good day and take care,0
seriously great job on the comment every time,0
really thank you for your interesting answer every time,0
honestly your appearance looks terrible in that photo in this group,1
nice attempt,0
again you are too useless to understand this message today!,1
again this assignment was useful and interesting today,0
listen your effort on this opinion is appreciated,0
seriously the group keeps mocking what happened to you every time!,1
really you sound stupid in this message online,1
listen you will never complete this drawing correctly every time,1
you will get success in exam,0
honestly this project made you look ridiculous in this group,1
let us improve the idea together today,0
honestly stop posting such hopeless things!,1
seriously please share your opinion when you are free,0
seriously i disagree with your post but i respect your view,0
what is your name,0
again everyone knows you lied about the idea every time,1
nobody should work with you on the project online!,1
listen shut up and stop being so pathetic online!,1
people say your opinion was copied in this group.,1
this code was useful and interesting!,0
please share your project when you are free.,0
seriously your effort on this report is appreciated every time,0
listen stop pretending you understand the code in this group,1
again you explained the drawing very clearly,0
really great job on the answer right now,0
honestly your presentation makes no sense at all right now,1
again you always make a fool of yourself online every time,1
honestly everyone is laughing at your research.,1
you are a total failure,1
thank you for your interesting assignment in this group,0
you are completely poor in this group,1
seriously your answer is clear right now,0
listen i disagree with your assignment but i respect your view online,0
listen nobody should work with you on the idea today,1
really this is the most poor opinion here every time!,1
honestly i really liked your answer in this group,0
honestly let us improve the idea together in this group,0
listen you embarrassed yourself with that presentation right now,1
seriously great job on the drawing today.,0
again thank you for your interesting research,0
everyone knows you lied about the report today,1
honestly your effort on this idea is appreciated today,0
you are a moron,1
seriously people say your answer was copied right now,1
really everyone heard that you ruined the project online,1
let us improve the message together today,0
really your opinion is worthless right now,1
seriously you explained the opinion very clearly right now,0
you are an idiot,1
again please share your project when you are free right now,0
honestly thank you for your clear report in this group,0
again please share your design when you are free.,0
honestly your effort on this drawing is appreciated in this group,0
again post another ridiculous code for us to mock online,1
really people say your code was copied today,1
listen you explained the idea very clearly today,0
really i really liked your assignment online,0
again i disagree with your design but i respect your view today,0
seriously your idea is completely embarrassing,1
honestly you look awkward in that photo,1
listen you explained the message very clearly every time,0
seriously thank you for your creative report,0
honestly great job on the idea today,0
really thank you for your thoughtful drawing right now,0
seriously keep talking and show everyone how foolish you are,1
really great job on the report in this group,0
again let us improve the assignment together online,0
honestly everyone knows you lied about the message right now,1
listen this design was useful and interesting today,0
you are trash,1
again have a good day and take care,0
really please share your presentation when you are free in this group,0
listen your effort on this code is appreciated right now,0
seriously you explained the code very clearly,0
listen everyone is tired of seeing your idea,1
fuck off,1
honestly your effort on this post is appreciated today,0
listen your posts are absolute trash right now!,1
listen great job on the presentation,0
again your effort on this report is appreciated online,0
seriously i really liked your post today.,0
well done and keep learning,0
seriously what a incompetent thing to say online,1
listen keep talking and show everyone how clueless you are!,1
seriously let us improve the presentation together today,0
listen this opinion was useful and interesting in this group,0
stop posting photos because you look terrible every time,1
you embarrassed yourself with that post every time,1
listen everyone is tired of seeing your post every time,1
people will remember this embarrassing code in this group,1
honestly have a good day and take care today,0
you are disgusting,1
again keep making mistakes because it is funny every time!,1
listen your project is a complete failure today,1
listen great job on the idea,0
honestly thank you for your thoughtful opinion online,0
listen everyone can see how nonsense your research is!,1
seriously please share your project when you are free online,0
honestly i really liked your opinion every time,0
seriously everyone is laughing at your project every time,1
seriously your project is a joke to everyone every time,1
seriously stop posting such ridiculous things in this group,1
again i disagree with your comment but i respect your view every time,0
your style looks pathetic in this group,1
seriously please share your report when you are free,0
seriously your design is thoughtful!,0
seriously everyone is laughing at your code in this group,1
again you explained the answer very clearly,0
listen i disagree with your assignment but i respect your view,0
listen you always give terrible answers right now,1
your effort on this research is appreciated!,0
seriously that was a very stupid response every time.,1
really everyone knows you are bad at this subject today!,1
i hate your guts,1
listen everyone knows you lied about the design every time,1
again nobody should work with you on the message online!,1
again people say your research was copied in this group,1
you will make it,0
seriously everyone heard that you ruined the design,1
seriously this assignment was useful and interesting every time,0
again please share your answer when you are free right now,0
this is the most hopeless project here online,1
honestly this message was useful and interesting right now,0
listen nobody should work with you on the assignment every time!,1
honestly you explained the answer very clearly,0
honestly this is the most ridiculous comment here online,1
let us improve the report together in this group,0
your effort on this code is appreciated every time,0
hello world,0
listen great job on the comment every time,0
again thank you for your thoughtful project every time,0
honestly this design was useful and interesting today,0
honestly this is the most pathetic presentation here every time.,1
again do not let this person join the project today.,1
honestly you explained the opinion very clearly right now,0
again your design is clear right now,0
honestly you are acting like a pathetic person right now,1
really thank you for your impressive answer online,0
seriously thank you for your kind research right now,0
seriously shut up and stop being so foolish in this group,1
honestly your presentation is useful every time,0
again your effort on this assignment is appreciated today,0
again everyone is laughing at your assignment in this group,1
seriously please share your project when you are free right now.,0
honestly thank you for your helpful idea online,0
honestly your presentation is impressive right now,0
really shut up and stop being so hopeless right now,1
that picture makes you look ridiculous online,1
really this post made you look ridiculous,1
again let us improve the idea together every time,0
you are a weirdo,1
really let us improve the design together,0
seriously i really liked your assignment every time,0
again this assignment was useful and interesting every time,0
seriously thank you for your impressive project every time,0
listen everyone knows you lied about the post right now,1
again thank you for your helpful post today,0
seriously everyone is laughing at your research online,1
listen everyone knows you lied about the comment online,1
really we will keep reporting every design you post.,1
thank you for your useful message today,0
honestly post another terrible message for us to mock every time,1
seriously your project is completely ridiculous in this group,1
really thank you for your excellent project,0
again keep talking and show everyone how foolish you are every time!,1
again you embarrassed yourself with that code today,1
honestly your project is excellent online,0
listen stop pretending you understand the project today.,1
your embarrassing story is spreading online every time,1
seriously shut up and stop being so incompetent,1
really your code is well prepared,0
seriously your report is completely terrible online!,1
seriously people say your presentation was copied online,1
again everyone can see how nonsense your project is.,1
really this is the most pathetic drawing here in this group,1
again let us improve the presentation together,0
again people will remember this embarrassing research every time,1
really stop posting such terrible things today,1
seriously thank you for your thoughtful post.,0
seriously great job on the report every time,0
listen i disagree with your report but i respect your view in this group,0
thank you for your interesting project in this group,0
seriously your effort on this research is appreciated today,0
really everyone is laughing at your presentation online,1
you look unpleasant in every picture in this group,1
seriously everyone heard that you ruined the comment every time,1
seriously everyone is tired of seeing your assignment online,1
really your drawing is a joke to everyone in this group.,1
really thank you for your excellent post in this group,0
really you are not welcome in our discussion today!,1
again you always give ridiculous answers right now!,1
honestly you will never complete this presentation correctly,1
listen post another pathetic assignment for us to mock right now,1
really people will remember this embarrassing design online,1
again let us improve the idea together online,0
you are creative,0
listen people will remember this embarrassing drawing in this group,1
listen i disagree with your answer but i respect your view every time,0
again i disagree with your research but i respect your view today,0
post another hopeless post for us to mock today,1
really keep talking and show everyone how useless you are right now,1
honestly this answer made you look ridiculous in this group,1
seriously we will continue without you in this group,1
listen everyone is tired of you,1
honestly i disagree with your message but i respect your view right now,0
honestly nobody cares about your idea today,1
nobody cares about your project,1
again everyone knows you lied about the drawing online,1
listen i really liked your research right now.,0
listen this answer was useful and interesting,0
honestly you explained the research very clearly in this group,0
you are doin great,0
seriously continue arguing because nobody takes you seriously in this group,1
really well done and keep learning in this group,0
really keep talking and show everyone how ridiculous you are right now,1
seriously your answer is interesting in this group!,0
listen thank you for your impressive report in this group,0
honestly everyone heard that you ruined the message in this group,1
really post another worthless answer for us to mock!,1
honestly get lost you hopeless every time!,1
you explained the code very clearly in this group,0
let us improve the report together online,0
again you will never complete this opinion correctly every time!,1
again you are completely useless right now,1
really let us improve the code together in this group,0
really everyone knows you lied about the answer today,1
really you do not belong in this chat online!,1
listen you are too ridiculous to understand this post today,1
your research is useful in this group,0
honestly let us improve the idea together right now,0
you are so bad,1
honestly let us improve the presentation together today,0
really let us improve the design together online,0
seriously i disagree with your idea but i respect your view today,0
honestly we will keep reporting every drawing you post today.,1
listen your appearance looks poor in that photo in this group,1
seriously thank you for your helpful opinion every time,0
seriously let us improve the report together right now,0
honestly everyone is tired of seeing your answer every time,1
really you look unpleasant in every picture today,1
honestly you cannot solve even a simple question in this group,1
honestly let us improve the assignment together every time,0
really everyone knows you lied about the research,1
again i really liked your drawing in this group!,0
again this idea made you look ridiculous right now,1
really you explained the research very clearly every time,0
honestly everyone knows you lied about the comment online,1
again we will ignore everything you post in this group.,1
really please share your research when you are free,0
honestly thank you for your thoughtful code in this group!,0
listen everyone knows you lied about the presentation online,1
honestly thank you for your useful idea in this group,0
you will never make it,1
i really liked your drawing!,0
again you explained the post very clearly online!,0
seriously you are too hopeless to understand this project in this group,1
again stop posting such ridiculous things,1
really stop posting photos because you look ridiculous today,1
honestly your opinion makes no sense at all online,1
this is the most useless idea here,1
seriously this is the most nonsense assignment here in this group,1
again people are forwarding your mistake everywhere right now,1
seriously we will keep reporting every drawing you post online,1
again this research was useful and interesting,0
seriously this code was useful and interesting right now,0
people say your code was copied,1
seriously that was a very ridiculous response in this group,1
you are a nice person,0
honestly your drawing is a joke to everyone every time,1
honestly people are sharing stories to make fun of you every time,1
honestly have a good day and take care!,0
really this is the most nonsense project here every time,1
again this design was useful and interesting right now,0
you are too worthless to understand this assignment!,1
you are hopeless,1
again you always give poor answers today!,1
fuck you idiot,1
honestly your profile picture looks embarrassing.,1
again please share your drawing when you are free right now,0
honestly you embarrassed yourself with that message,1
again have a good day and take care right now,0
honestly your drawing is thoughtful in this group,0
honestly thank you for your useful design every time,0
you are nise,0
honestly thank you for your creative code every time,0
listen your profile picture looks embarrassing,1
honestly everyone knows you lied about the assignment in this group,1
really everyone heard that you ruined the comment in this group!,1
seriously your effort on this code is appreciated online,0
really everyone is tired of seeing your drawing every time,1
honestly your effort on this project is appreciated!,0
really thank you for your useful post in this group,0
seriously you are acting like a worthless person today,1
please share your message when you are free right now,0
seriously everyone heard that you ruined the code right now,1
listen nobody should work with you on the answer in this group.,1
seriously you sound stupid in this comment every time.,1
listen everyone will make fun of your appearance every time,1
seriously i disagree with your comment but i respect your view online,0
listen i really liked your project today,0
honestly your research is useful online,0
again your drawing is well prepared right now,0
really nobody should work with you on the idea every time,1
the whole group knows about your failure,1
you should kill yourself,1
seriously i really liked your comment in this group,0
you are a failure,1
get lost you clueless every time!,1
nobody cares about your presentation,1
seriously you are completely awful right now,1
listen i really liked your drawing online,0
listen you always give pathetic answers every time,1
really you are too worthless to understand this opinion in this group,1
listen get lost you ridiculous,1
again you are acting like a hopeless person every time,1
honestly thank you for your excellent opinion in this group,0
your code is interesting in this group!,0
really post another useless assignment for us to mock every time,1
really you explained the research very clearly online!,0
listen please share your project when you are free today,0
really we do not want you in this discussion online.,1
again your drawing is excellent today,0
really nobody should work with you on the report in this group,1
you are a wonderful person,0
honestly you explained the research very clearly every time,0
again keep talking and show everyone how incompetent you are online,1
again keep making mistakes because it is funny right now!,1
you are a great friend,0
listen you are acting like a incompetent person in this group,1
really everyone can see how worthless your drawing is,1
honestly say that again and make yourself look foolish in this group,1
keep talking and show everyone how stupid you are,1
again thank you for your useful comment right now,0
people say your opinion was copied every time,1
thank you for your excellent research online,0
really thank you for your kind research today,0
listen your opinion is helpful in this group,0
this code was useful and interesting right now,0
listen i really liked your assignment today,0
listen nobody should work with you on the code,1
listen great job on the project right now,0
seriously your profile picture looks pathetic online,1
honestly stop pretending you understand the presentation,1
honestly i really liked your answer online,0
what is tis,0
well done,0
really please share your code when you are free every time,0
great job on the idea today,0
seriously you explained the report very clearly right now!,0
i disagree with your idea but i respect your view every time,0
honestly i disagree with your opinion but i respect your view right now,0
again your comment is interesting,0
how are you,0
seriously people are sharing stories to make fun of you,1
listen your post is kind right now,0
honestly great job on the message every time,0
again the whole group knows about your failure every time.,1
this project made you look ridiculous every time.,1
seriously your assignment is useful right now,0
listen you explained the opinion very clearly every time.,0
honestly keep making mistakes because it is funny every time,1
seriously let us improve the code together,0
honestly please share your answer when you are free today,0
honestly stop posting such useless things in this group,1
i really liked your post every time,0
seriously your effort on this assignment is appreciated every time!,0
really your effort on this assignment is appreciated today,0
listen let us improve the assignment together in this group,0
honestly everyone is tired of seeing your code right now,1
you are so stupid today,1
seriously thank you for your thoughtful design right now!,0
great job on the drawing,0
listen let us improve the assignment together today,0
again everyone is tired of seeing your presentation,1
people are sharing stories to make fun of you online.,1
really you explained the idea very clearly today,0
again your effort on this design is appreciated online,0
honestly your effort on this comment is appreciated online,0
we will keep reporting every comment you post right now,1
again your research is impressive today,0
seriously thank you for your useful opinion every time,0
really your appearance looks awful in that photo,1
really your effort on this presentation is appreciated in this group,0
honestly you look strange in every picture online,1
listen everyone can see how nonsense your comment is,1
again your effort on this presentation is appreciated.,0
please share your comment when you are free every time.,0
post another terrible message for us to mock online,1
really let us improve the answer together every time!,0
again everyone is tired of seeing your drawing,1
listen you are too hopeless to understand this message every time,1
really your design is excellent online,0
listen everyone knows you lied about the design today,1
again let us improve the idea together right now.,0
really your presentation makes no sense at all right now,1
honestly post another worthless assignment for us to mock today,1
seriously everyone can see how awful your answer is,1
really your effort on this design is appreciated every time,0
you are acting like a hopeless person in this group,1
seriously let us improve the opinion together in this group,0
honestly this design was useful and interesting right now,0
seriously you will never complete this comment correctly today,1
seriously get lost you hopeless today,1
really everyone knows you lied about the report,1
listen i really liked your post every time,0
again you look awkward in every picture every time,1
this drawing was useful and interesting online,0
really you embarrassed yourself with that assignment in this group,1
we will ignore everything you post.,1
seriously stop pretending you understand the message online,1
you are ugly,1
listen your effort on this answer is appreciated every time,0
again i really liked your project online,0
listen get lost you pathetic!,1
listen you are completely hopeless online,1
i disagree with your research but i respect your view every time,0
really i really liked your message today,0
listen you explained the assignment very clearly right now,0
really i disagree with your idea but i respect your view right now,0
where are you from,0
well tried,0
again your profile picture looks ridiculous today,1
listen i really liked your presentation online,0
listen everyone is talking about your embarrassing mistake right now,1
really your drawing is creative every time,0
really everyone knows you lied about the code,1
seriously please share your assignment when you are free every time,0
honestly keep talking and show everyone how useless you are in this group,1
everyone can see how nonsense your post is today,1
seriously your report is clear every time,0
seriously you are completely terrible in this group,1
again great job on the project today,0
listen i disagree with your answer but i respect your view online,0
really continue arguing because nobody takes you seriously every time,1
thank you for your helpful research,0
people say your project was copied online,1
you are a nice girl,0
again i disagree with your answer but i respect your view right now,0
listen your drawing is a joke to everyone!,1
you are a waste of time,1
seriously your appearance looks terrible in that photo today,1
seriously thank you for your creative design,0
really great job on the report every time,0
your project is excellent every time!,0
seriously i disagree with your comment but i respect your view every time,0
listen you will never complete this research correctly in this group,1
seriously great job on the code right now,0
really people are sharing stories to make fun of you every time.,1
listen you explained the drawing very clearly in this group.,0
again i disagree with your answer but i respect your view,0
honestly i disagree with your comment but i respect your view every time,0
listen your report is interesting online,0
seriously please share your answer when you are free in this group!,0
have a good day and take care in this group,0
really this is the most hopeless project here today,1
honestly your effort on this project is appreciated every time,0
post another nonsense answer for us to mock today,1
really we will keep reporting every code you post every time!,1
seriously this answer was useful and interesting right now,0
listen great job on the research.,0
listen you explained the answer very clearly online,0
you are dum,1
nobody should work with you on the research in this group,1
honestly thank you for your creative message in this group,0
really you will never complete this assignment correctly every time,1
listen you explained the report very clearly today,0
seriously people say your comment was copied online,1
great job on the design right now,0
seriously great job on the code,0
nobody should work with you on the answer today,1
everyone is tired of seeing your post right now,1
honestly your assignment is completely useless right now,1
honestly go on and embarrass yourself again right now,1
seriously nobody cares about your answer,1
honestly you are too annoying to understand this opinion online,1
your opinion is interesting,0
listen you are completely poor right now,1
gret job,0
the group is joking about your latest mistake every time.,1
really your style looks worthless online,1
say that again and make yourself look foolish in this group,1
you are so foolish every time,1
again this idea was useful and interesting,0
i disagree with your drawing but i respect your view right now,0
honestly your messages are unwanted every time,1
shut up idiot,1
this project is nice,0
seriously people say your code was copied every time,1
honestly you explained the design very clearly every time,0
seriously your effort on this opinion is appreciated right now,0
seriously everyone is tired of seeing your post today,1
you will never complete this opinion correctly,1
i really liked your comment every time,0
really your drawing is impressive in this group,0
honestly you sound annoying in this opinion right now,1
really shut up and stop being so ridiculous,1
you will succeed,0
really everyone knows you lied about the post right now,1
really people say your comment was copied in this group,1
really everyone is tired of seeing your opinion,1
really this idea was useful and interesting today,0
listen thank you for your useful post online,0
honestly shut up and stop being so worthless,1
again please share your message when you are free in this group,0
you will be successful,0
really everyone is tired of seeing your code every time,1
keep talking and show everyone how hopeless you are every time,1
really post another nonsense comment for us to mock in this group,1
honestly keep making mistakes because it is funny right now,1
again this comment was useful and interesting right now,0
everyone is tired of seeing your report right now,1
again great job on the post right now,0
again let us improve the drawing together today,0
again everyone is tired of seeing your presentation online.,1
honestly people will remember this embarrassing code online,1
seriously your marks show that you are hopeless every time!,1
really everyone is tired of seeing your post,1
again i really liked your opinion today.,0
again your effort on this post is appreciated today,0
listen nobody should work with you on the idea online,1
honestly this comment was useful and interesting every time,0
get lost you stupid right now!,1
let us improve the presentation together every time,0
really you always give worthless answers right now!,1
honestly great job on the opinion today,0
really your answer makes no sense at all,1
again thank you for your kind comment in this group,0
seriously please share your comment when you are free right now.,0
you are fat,1
really your appearance looks embarrassing in that photo today,1
seriously stop pretending you understand the message right now,1
again you explained the assignment very clearly in this group,0
honestly i disagree with your opinion but i respect your view every time.,0
that was a very ridiculous response,1
listen shut up and stop being so ridiculous every time,1
honestly this design was useful and interesting online!,0
seriously post another pathetic code for us to mock,1
listen i really liked your presentation in this group,0
listen people will remember this embarrassing comment today,1
again get lost you useless every time,1
again this post made you look ridiculous every time,1
you are a good person,0
listen stop posting such pathetic things every time,1
really everyone is tired of seeing your code in this group,1
listen great job on the comment today,0
again you are so clueless in this group,1
honestly we will keep reporting every assignment you post every time,1
listen post another ridiculous assignment for us to mock,1
honestly let us improve the project together today,0
really your report is excellent right now,0
honestly let us improve the comment together in this group,0
seriously keep talking and show everyone how annoying you are right now,1
honestly everyone can see how ridiculous your opinion is today!,1
really please share your idea when you are free in this group,0
listen please share your answer when you are free online.,0
really thank you for your kind code every time,0
seriously great job on the idea right now,0
really you are so foolish every time,1
honestly your project is well prepared,0
you are so pathetic online,1
listen people will remember this embarrassing presentation every time,1
again everyone is tired of seeing your design online,1
seriously this message was useful and interesting in this group,0
again your design is useful right now!,0
listen you explained the code very clearly in this group,0
really thank you for your creative presentation today,0
again post another worthless opinion for us to mock,1
i really liked your presentation today,0
honestly continue arguing because nobody takes you seriously right now!,1
honestly i really liked your assignment in this group,0
listen let us improve the comment together,0
please share your message when you are free in this group!,0
keep up the good work,0
post another embarrassing post for us to mock every time,1
really i really liked your code right now,0
listen you explained the project very clearly today!,0
again great job on the drawing online,0
again thank you for your clear post,0
listen i really liked your assignment in this group,0
really everyone is laughing at your message right now,1
again thank you for your kind report every time,0
seriously you explained the answer very clearly in this group,0
honestly your appearance looks nonsense in that photo in this group,1
listen you failed again in front of everyone online,1
please share your drawing when you are free online,0
seriously great job on the message right now,0
honestly this is the most useless design here in this group,1
again you are too foolish to understand this assignment every time,1
really i disagree with your assignment but i respect your view online,0
honestly we do not want you in this discussion,1
everyone knows you lied about the idea online,1
honestly i really liked your comment today!,0
again you explained the drawing very clearly right now.,0
seriously thank you for your helpful opinion,0
again your design is impressive today,0
again your post is well prepared online,0
seriously you embarrassed yourself with that project today,1
this presentation was useful and interesting in this group,0
i really liked your post in this group,0
listen go on and embarrass yourself again right now,1
listen nobody should work with you on the project in this group,1
again your effort on this post is appreciated online,0
please share your message when you are free today,0
really please share your message when you are free online,0
seriously everyone should block you from the group right now.,1
seriously everyone knows you lied about the comment right now.,1
again your effort on this drawing is appreciated today,0
listen your research is useful today,0
you are completely terrible online,1
really your effort on this idea is appreciated in this group,0
again you explained the idea very clearly online,0
honestly you are too ridiculous to understand this research every time,1
again your opinion is excellent every time,0
again your appearance looks worthless in that photo,1
really you explained the comment very clearly,0
really your report is creative today,0
everyone knows you lied about the post online,1
seriously you are too foolish to understand this code,1
again great job on the presentation today,0
really everyone is tired of seeing your answer,1
listen your effort on this design is appreciated today,0
again great job on the presentation right now,0
you are so kind,0
again your effort on this drawing is appreciated,0
seriously continue arguing because nobody takes you seriously today,1
listen please share your design when you are free in this group,0
listen this is the most hopeless post here right now,1
seriously i really liked your design right now,0
nice to meet you,0
seriously you will never complete this comment correctly online,1
thank you for your thoughtful project in this group,0
you are a nice human,0
honestly you explained the opinion very clearly online,0
again you are too hopeless to understand this presentation today,1
again this code was useful and interesting today.,0
stop being such a loser today,1
seriously nobody cares about your code,1
honestly people will remember this embarrassing idea in this group,1
you are a good friend,0
listen thank you for your clear presentation,0
honestly i disagree with your research but i respect your view today,0
honestly stop pretending you understand the project online,1
honestly that was a very foolish response in this group,1
honestly i disagree with your drawing but i respect your view,0
seriously well done and keep learning right now,0
seriously i disagree with your drawing but i respect your view in this group!,0
you explained the drawing very clearly in this group,0
again your effort on this post is appreciated in this group,0
honestly please share your idea when you are free in this group,0
this drawing made you look ridiculous today,1
honestly thank you for your creative drawing right now,0
again i really liked your answer online,0
listen stop posting such awful things in this group,1
thank you for your clear research right now.,0
listen your effort on this comment is appreciated online,0
seriously you explained the drawing very clearly,0
listen get lost you clueless,1
honestly your idea makes no sense at all today,1
again you are completely worthless every time,1
get lost you ridiculous online,1
really let us improve the comment together today,0
really great job on the comment,0
again stop posting photos because you look awkward right now,1
really thank you for your clear assignment,0
really everyone is tired of seeing your opinion today,1
really well done and keep learning every time,0
honestly please share your idea when you are free today,0
seriously that was a very incompetent response right now,1
honestly thank you for your creative presentation every time,0
listen i really liked your report right now,0
seriously you are acting like a worthless person every time!,1
honestly stop posting such useless things online,1
again thank you for your clear design,0
seriously stop being such a loser right now,1
honestly everyone can see how poor your comment is every time,1
again your code is helpful in this group,0
listen you are too incompetent to understand this drawing right now,1
again please share your idea when you are free every time,0
again i really liked your research in this group,0
again stop posting photos because you look terrible today,1
seriously i disagree with your assignment but i respect your view today,0
really stop posting such ridiculous things right now,1
honestly this drawing was useful and interesting in this group.,0
really i disagree with your post but i respect your view today,0
listen post another useless report for us to mock online,1
honestly this research was useful and interesting,0
really post another embarrassing design for us to mock today,1
seriously i really liked your presentation every time,0
continue and you will fail,1
you did a horrible job,1
this answer made you look ridiculous,1
again i really liked your project right now,0
great job on the report today,0
honestly post another pathetic drawing for us to mock in this group,1
you are so smart,0
really you explained the report very clearly,0
listen people will remember this embarrassing assignment in this group,1
great job on the comment online!,0
really you explained the idea very clearly in this group,0
listen you sound ridiculous in this message today,1
honestly your appearance looks embarrassing in that photo today,1
i really liked your drawing today.,0
listen i disagree with your assignment but i respect your view today,0
honestly everyone can see how pathetic your idea is every time.,1
again everyone should block you from the group in this group,1
you are so irritating,1
again your effort on this idea is appreciated right now,0
this is a test,0
again everyone can see how pathetic your answer is in this group,1
seriously your effort on this report is appreciated right now,0
again everyone heard that you ruined the idea right now,1
listen your answer is useful in this group,0
listen everyone knows you lied about the research in this group.,1
your effort on this code is appreciated,0
really your profile picture looks ridiculous every time,1
honestly i disagree with your opinion but i respect your view today,0
everyone knows you lied about the project,1
no one likes you,1
again this project made you look ridiculous,1
seriously let us improve the assignment together every time,0
honestly your appearance looks terrible in that photo online,1
great job on the idea every time!,0
listen i disagree with your drawing but i respect your view today,0
you are talented,0
really everyone is laughing at your report,1
listen we will keep reporting every design you post right now,1
your effort on this design is appreciated,0
seriously everyone is laughing at your opinion every time,1
really this code was useful and interesting in this group,0
really please share your comment when you are free online,0
seriously let us improve the presentation together every time,0
good night,0
again your appearance looks hopeless in that photo every time,1
seriously this is the most useless code here!,1
again get lost you incompetent in this group,1
really your comment is useful today!,0
please share your code when you are free every time,0
this design was useful and interesting online,0
honestly stop posting such terrible things today,1
again you will never complete this presentation correctly online,1
seriously great job on the comment today,0
honestly the whole group knows about your failure every time,1
really let us improve the research together,0
honestly great job on the project right now,0
listen your design is well prepared today,0
honestly have a good day and take care right now,0
really have a good day and take care online,0
let us improve the drawing together every time,0
again post another poor opinion for us to mock right now,1
listen stop posting such awful things online,1
really your idea is completely awful online,1
listen have a good day and take care in this group,0
you are so lame,1
again your effort on this presentation is appreciated in this group,0
listen i really liked your opinion every time,0
listen your project is a complete failure right now,1
people will remember this embarrassing idea today,1
really we will keep reporting every post you post,1
honestly please share your research when you are free in this group,0
honestly you are completely pathetic right now,1
really you are acting like a pathetic person every time,1
seriously you are completely terrible online,1
let us improve the design together today,0
really your comment is completely embarrassing every time,1
really your effort on this drawing is appreciated right now,0
honestly your research is a joke to everyone right now,1
really you sound annoying in this post,1
that picture makes you look ridiculous,1
seriously stop posting such useless things every time,1
we will keep reporting every project you post today,1
again continue arguing because nobody takes you seriously online,1
seriously you are not welcome in our discussion.,1
seriously your effort on this presentation is appreciated in this group,0
seriously your profile picture looks ridiculous in this group,1
seriously you explained the design very clearly every time,0
listen you are completely embarrassing in this group,1
again your appearance looks ridiculous in that photo online.,1
you are acting like a useless person every time,1
again what a hopeless thing to say online.,1
honestly i disagree with your idea but i respect your view right now,0
seriously let us improve the design together every time,0
seriously well done and keep learning today!,0
your post is a joke to everyone online,1
listen well done and keep learning online,0
really your effort on this comment is appreciated in this group,0
listen your effort on this answer is appreciated today,0
again you always fail at basic tasks in this group,1
your effort on this code is appreciated right now,0
you look ugly in every picture right now,1
honestly i disagree with your report but i respect your view every time,0
listen what a foolish thing to say every time,1
you will not get good marks,1
seriously your posts are absolute trash every time!,1
seriously please share your drawing when you are free right now,0
seriously people say your idea was copied online!,1
seriously your appearance looks terrible in that photo online.,1
great job on the post every time.,0
seriously your style looks ridiculous,1
honestly well done and keep learning in this group,0
you always give poor answers online,1
listen this is the most embarrassing message here online,1
listen your appearance looks embarrassing in that photo every time,1
seriously you embarrassed yourself with that design every time,1
honestly show us another one of your failures every time!,1
stop posting photos because you look unpleasant right now,1
honestly do not let this person join the project right now,1
really your code is the worst in the class.,1
really your style looks awful,1
listen shut up and stop being so clueless online,1
listen i disagree with your project but i respect your view!,0
seriously that was a very worthless response right now,1
you are evil,1
listen i disagree with your drawing but i respect your view,0
listen nobody cares about your idea today,1
again well done and keep learning in this group,0
listen please share your post when you are free in this group,0
your appearance looks worthless in that photo right now.,1
honestly your effort on this drawing is appreciated,0
honestly your project is clear today.,0
listen i really liked your answer,0
listen your project is useful,0
well done and keep learning in this group,0
really great job on the design every time,0
again we will ignore everything you post right now!,1
you are so hopeless today!,1
seriously thank you for your excellent project online,0
you are a kind person,0
really please share your design when you are free every time,0
seriously i disagree with your post but i respect your view online!,0
listen this code was useful and interesting online,0
we do not want you in this discussion every time,1
really you explained the drawing very clearly,0
honestly i really liked your report online.,0
listen we will keep reporting every design you post,1
honestly what a incompetent thing to say,1
really this opinion made you look ridiculous in this group,1
honestly well done and keep learning every time,0
really you are completely hopeless today,1
seriously please share your idea when you are free right now,0
you are very talented,0
honestly i really liked your presentation in this group,0
i really liked your research right now,0
listen people say your report was copied today,1
you are learning,0
again your style looks hopeless.,1
we will keep reporting every idea you post in this group!,1
seriously your presentation is creative in this group,0
seriously please share your code when you are free right now,0
seriously nobody cares about your research every time,1
really i disagree with your design but i respect your view,0
again leave this group because nobody likes your posts online.,1
really everyone is tired of seeing your answer every time,1
honestly shut up and stop being so useless right now,1
really you will never complete this comment correctly in this group,1
again let us improve the project together today!,0
really please share your presentation when you are free online,0
honestly people are sharing stories to make fun of you,1
honestly i disagree with your design but i respect your view in this group,0
honestly everyone knows you lied about the message every time,1
honestly we will ignore everything you post in this group,1
seriously your appearance looks embarrassing in that photo in this group,1
honestly great job on the drawing,0
leave us alone,1
you did well,0
listen this post was useful and interesting online.,0
seriously your idea is a joke to everyone today,1
seriously you cannot solve even a simple question every time,1
this message made you look ridiculous in this group,1
honestly people say your idea was copied online,1
listen i really liked your presentation right now,0
listen i disagree with your post but i respect your view online.,0
really your code is creative!,0
really i disagree with your opinion but i respect your view right now,0
listen your research is excellent every time,0
again you explained the presentation very clearly in this group,0
really you are a joke right now,1
really great job on the design in this group,0
listen thank you for your thoughtful post.,0
again nobody should work with you on the answer today,1
everyone is laughing at your research right now,1
listen your appearance looks poor in that photo,1
honestly people are forwarding your mistake everywhere in this group!,1
seriously you are too useless to understand this comment today,1
listen your profile picture looks poor right now,1
listen i disagree with your project but i respect your view every time,0
again great job on the post today,0
seriously great job on the answer,0
seriously you sound foolish in this post right now,1
honestly i disagree with your comment but i respect your view,0
everyone is laughing at your message online,1
seriously you are completely terrible every time,1
listen you are so ridiculous in this group,1
honestly what a foolish thing to say right now,1
again your answer is a joke to everyone today,1
again post another embarrassing report for us to mock online,1
seriously this message made you look ridiculous in this group,1
again everyone is tired of you in this group.,1
really this post was useful and interesting today,0
seriously i really liked your research today,0
listen you are completely pathetic,1
really please share your comment when you are free today,0
really your profile picture looks nonsense right now,1
really everyone heard that you ruined the comment right now,1
seriously stop pretending you understand the answer,1
your effort on this assignment is appreciated in this group,0
really stop pretending you understand the code today,1
really nobody should work with you on the message online,1
seriously everyone heard that you ruined the assignment in this group,1
honestly please share your code when you are free every time,0
again that was a very worthless response in this group,1
again thank you for your clear presentation every time,0
seriously stop posting photos because you look terrible today.,1
your report is excellent every time,0
seriously i really liked your drawing in this group,0
honestly you failed again in front of everyone,1
again thank you for your thoughtful project online,0
honestly please share your presentation when you are free today!,0
honestly great job on the message,0
you explained the answer very clearly online,0
seriously your messages are unwanted every time right now!,1
listen this is the most terrible post here in this group,1
seriously your opinion makes no sense at all today,1
again get lost you ridiculous,1
seriously thank you for your excellent answer in this group,0
really your effort on this assignment is appreciated online,0
listen i disagree with your code but i respect your view today,0
listen you are a total failure today!,1
seriously i really liked your presentation in this group,0
i disagree with your message but i respect your view in this group,0
good morning have a nice day,0
again stop pretending you understand the presentation in this group,1
seriously i really liked your message in this group,0
really your design is interesting today,0
again shut up and stop being so incompetent every time,1
your profile picture looks useless today,1
really i really liked your post online,0
random text here,0
seriously you explained the message very clearly online,0
again everyone knows you lied about the report,1
listen stop pretending you understand the design online,1
honestly post another hopeless post for us to mock,1
again show us another one of your failures every time,1
seriously you sound foolish in this research online,1
honestly let us improve the design together in this group,0
really that was a very pathetic response in this group,1
listen this opinion was useful and interesting right now,0
people say your assignment was copied,1
really post another worthless idea for us to mock today,1
i disagree with your presentation but i respect your view right now,0
listen everyone is tired of seeing your opinion,1
really your post is a joke to everyone,1
again post another embarrassing answer for us to mock in this group,1
again you explained the idea very clearly.,0
seriously you are too ridiculous to understand this idea every time,1
listen your answer is helpful today,0
really i really liked your design every time,0
again i disagree with your project but i respect your view,0
really you are too ridiculous to understand this post online,1
again you are too clueless to understand this project in this group,1
listen this report was useful and interesting every time,0
honestly your appearance looks ridiculous in that photo online,1
honestly people say your comment was copied right now,1
honestly your report is completely poor right now,1
seriously keep talking and show everyone how incompetent you are right now,1
again stop posting such ridiculous things right now,1
seriously have a good day and take care online!,0
post another hopeless comment for us to mock today.,1
this assignment was useful and interesting,0
really everyone is laughing at your report right now,1
you explained the answer very clearly in this group,0
please share your research when you are free,0
again your effort on this post is appreciated right now,0
how was you day,0
we made another group without you today,1
seriously please share your message when you are free right now,0
honestly you are too stupid to understand this project today,1
your effort on this post is appreciated today,0
really you are acting like a stupid person every time,1
great job on the idea online,0
again your code is the worst in the class every time!,1
seriously nobody should work with you on the research right now,1
really your style looks terrible in this group,1
honestly your effort on this research is appreciated online.,0
seriously thank you for your creative report online,0
really stop pretending you understand the code right now,1
seriously you always give worthless answers online,1
seriously your appearance looks worthless in that photo today,1
listen you are so stupid in this group,1
post another embarrassing code for us to mock today,1
listen great job on the drawing every time,0
honestly your answer is creative right now,0
really post another useless comment for us to mock every time,1
you explained the comment very clearly in this group,0
honestly the group keeps mocking what happened to you,1
post another ridiculous research for us to mock today,1
honestly great job on the report online,0
again this code was useful and interesting right now,0
listen everyone is tired of seeing your message right now,1
thank you for your impressive drawing online,0
listen keep making mistakes because it is funny.,1
honestly you will never complete this presentation correctly right now,1
honestly you are too ridiculous to understand this message in this group,1
really this is the most poor message here today,1
honestly this report was useful and interesting,0
again i disagree with your presentation but i respect your view every time,0
you will get success soon,0
really thank you for your clear code right now,0
really you explained the design very clearly online,0
thank you for your well prepared message online,0
honestly please share your message when you are free every time,0
don't give up,0
really you look terrible in every picture online,1
again stop posting such pathetic things online,1
this opinion was useful and interesting today,0
seriously people say your assignment was copied in this group,1
nobody wants to hear from you here online,1
let's play tomorrow,0
listen everyone should block you from the group every time,1
seriously you failed again in front of everyone in this group,1
you will surely get success,0
honestly keep away from our group conversations today,1
really what a stupid thing to say every time,1
seriously shut up and stop being so stupid online,1
everyone is tired of you in this group!,1
honestly your appearance looks hopeless in that photo today,1
you are awsome,0
seriously nobody cares about your message,1
really your design is impressive in this group,0
really you are acting like a ridiculous person right now,1
seriously please share your message when you are free online!,0
listen people are sharing stories to make fun of you online,1
please share your opinion when you are free in this group,0
listen i disagree with your design but i respect your view,0
seriously you are completely hopeless today,1
seriously everyone is tired of seeing your post every time,1
again your style looks worthless today,1
again everyone is tired of seeing your message,1
again your effort on this design is appreciated every time,0
you are improving,0
really everyone can see how poor your report is,1
again keep talking and show everyone how foolish you are online,1
again thank you for your thoughtful assignment every time,0
thank you for your well prepared report in this group,0
really i really liked your research in this group,0
honestly the whole group knows about your failure right now,1
you are too stupid to understand this design today,1
really great job on the message every time,0
listen your report is impressive right now,0
honestly please share your design when you are free,0
again you explained the research very clearly in this group,0
really you explained the project very clearly right now,0
again you cannot solve even a simple question right now!,1
really i disagree with your idea but i respect your view,0
honestly your profile picture looks useless every time,1
seriously nobody should work with you on the code,1
well done and keep learning every time,0
really the group keeps mocking what happened to you today!,1
listen people will remember this embarrassing drawing every time,1
seriously your idea is completely awful in this group,1
happy birthday to you,0
again people say your post was copied every time!,1
again you embarrassed yourself with that assignment online!,1
seriously this drawing was useful and interesting online,0
honestly your effort on this report is appreciated every time,0
again you always make a fool of yourself online in this group,1
honestly everyone heard that you ruined the idea right now,1
honestly thank you for your well prepared report in this group,0
again post another useless research for us to mock every time,1
again i really liked your code every time,0
really you explained the comment very clearly online,0
seriously stop posting photos because you look strange in this group.,1
again keep talking and show everyone how pathetic you are,1
seriously thank you for your well prepared research,0
seriously nobody should work with you on the project right now!,1
this opinion was useful and interesting right now,0
seriously let us improve the comment together every time,0
listen get lost you worthless every time,1
really post another awful research for us to mock in this group.,1
you did a great job,0
seriously thank you for your clear post online,0
really you will never complete this message correctly every time,1
shut up loser,1
seriously have a good day and take care right now,0
again let us improve the research together right now!,0
listen i really liked your message online,0
honestly let us improve the project together,0
thank you for your clear assignment in this group,0
honestly let us improve the research together today,0
again your assignment is completely nonsense,1
seriously you explained the research very clearly right now,0
honestly we will keep reporting every report you post today,1
please share your design when you are free today,0
again everyone knows you lied about the comment today,1
seriously everyone heard that you ruined the assignment online,1
honestly shut up and stop being so clueless right now,1
everyone is laughing at your drawing online.,1
listen i really liked your comment online!,0
really try again so everyone can laugh,1
everyone knows you lied about the idea today,1
you will get good results,0
listen people say your drawing was copied online,1
you explained the opinion very clearly today,0
listen keep away from our group conversations every time,1
listen thank you for your creative report in this group!,0
again your message is interesting today,0
seriously let us improve the message together in this group,0
listen everyone knows you are bad at this subject right now,1
honestly great job on the research in this group,0
really everyone knows you lied about the drawing online,1
really great job on the design,0
honestly i disagree with your assignment but i respect your view every time,0
you explained the idea very clearly every time,0
again that was a very incompetent response right now,1
listen nobody should work with you on the opinion every time.,1
keep making mistakes because it is funny today!,1
everyone is tired of seeing your idea right now,1
really i really liked your comment online.,0
really you failed again in front of everyone online,1
really your effort on this project is appreciated every time!,0
again i really liked your message every time,0
great job on the comment,0
again please share your design when you are free today,0
seriously great job on the report,0
listen your style looks embarrassing every time,1
go on and embarrass yourself again online,1
seriously nobody cares about your answer in this group,1
seriously continue arguing because nobody takes you seriously every time.,1
again shut up and stop being so foolish right now,1
really your effort on this project is appreciated in this group,0
seriously your effort on this report is appreciated today,0
again nobody cares about your assignment right now,1
seriously you look awkward in that photo right now,1
keep trying,0
whis is this,0
really stop posting such nonsense things today,1
really keep posting because your mistakes entertain everyone today,1
again please share your assignment when you are free online,0
listen leave this group because nobody likes your posts right now.,1
again you explained the research very clearly,0
again let us improve the project together,0
again great job on the idea online,0
seriously everyone knows you lied about the assignment in this group!,1
you explained the presentation very clearly right now,0
again great job on the design today,0
honestly this opinion was useful and interesting,0
again shut up and stop being so hopeless every time,1
honestly you explained the assignment very clearly in this group,0
honestly people say your design was copied every time,1
again people will joke about the way you look in this group,1
seriously i really liked your design today,0
listen your drawing is useful every time,0
listen keep making mistakes because it is funny online,1
honestly your effort on this message is appreciated,0
honestly people will joke about the way you look right now!,1
again everyone heard that you ruined the comment online!,1
really you embarrassed yourself with that comment today,1
really thank you for your useful opinion in this group,0
again let us improve the drawing together every time,0
what have you done to this project,0
honestly great job on the report in this group,0
listen stop pretending you understand the report today,1
everyone is tired of seeing your answer,1
really post another awful project for us to mock in this group,1
keep away from our group conversations every time.,1
again your effort on this idea is appreciated every time,0
thank you for your interesting answer right now,0
really great job on the answer in this group,0
listen your effort on this opinion is appreciated every time,0
your style looks embarrassing online,1
seriously shut up and stop being so incompetent online,1
seriously you are acting like a foolish person in this group!,1
your style looks awful online,1
honestly nobody should work with you on the post right now,1
listen your opinion is worthless,1
seriously great job on the project every time,0
honestly great job on the design online,0
really the whole group knows about your failure every time,1
again we will keep reporting every answer you post in this group,1
your profile picture looks embarrassing online,1
again thank you for your excellent research today,0
honestly your opinion is kind,0
honestly you are too pathetic to understand this report online,1
seriously great job on the design online,0
please share your project when you are free in this group,0
again this research made you look ridiculous,1
listen you will never complete this post correctly every time,1
again post another embarrassing research for us to mock,1
seriously everyone knows you lied about the comment,1
again your opinion is worthless right now,1
thank you for your clear project right now,0
honestly everyone heard that you ruined the post today,1
really let us improve the code together every time,0
seriously i disagree with your drawing but i respect your view today,0
seriously thank you for your excellent drawing online,0
again you are completely terrible,1
again people say your project was copied every time,1
again thank you for your useful opinion online,0
you are a talented person,0
again post another awful answer for us to mock right now,1
seriously you explained the message very clearly right now,0
again that was a very ridiculous response today.,1
seriously everyone is laughing at your post every time,1
honestly post another worthless opinion for us to mock online,1
honestly you explained the report very clearly right now,0
honestly nobody should work with you on the answer right now,1
honestly i disagree with your assignment but i respect your view right now,0
seriously your effort on this assignment is appreciated,0
again thank you for your thoughtful report in this group,0
listen you explained the post very clearly right now,0
really please share your comment when you are free right now.,0
again thank you for your creative idea right now,0
everyone knows you lied about the code right now.,1
seriously everyone is tired of seeing your design every time,1
again nobody should work with you on the answer,1
again shut up and stop being so foolish.,1
honestly let us improve the opinion together today!,0
really you will never complete this opinion correctly today,1
listen this is the most nonsense research here every time.,1
honestly keep away from our group conversations every time,1
listen i disagree with your design but i respect your view online,0
really this drawing made you look ridiculous every time,1
really you are completely nonsense,1
seriously your drawing is a joke to everyone in this group,1
really your post is kind today,0
you are a great guy,0
really thank you for your helpful opinion every time,0
seriously this assignment was useful and interesting online,0
seriously leave this group because nobody likes your posts online!,1
really your mistake is being shared for everyone to laugh at,1
listen everyone is tired of seeing your research online,1
seriously thank you for your impressive message,0
again your assignment is clear today,0
seriously great job on the drawing every time,0
listen keep talking and show everyone how useless you are today,1
really your comment is kind right now,0
again this post was useful and interesting online!,0
you are a clown,1
listen you embarrassed yourself with that report every time,1
again reply again so everyone can laugh at you every time!,1
honestly i disagree with your research but i respect your view online,0
you will get success with hard work,0
seriously your project is thoughtful online,0
i disagree with your idea but i respect your view,0
listen leave this group because nobody likes your posts in this group,1
listen i really liked your code in this group,0
seriously this post was useful and interesting online,0
listen let us improve the project together right now,0
seriously you look strange in every picture in this group,1
honestly thank you for your kind idea today,0
nobody cares about your post right now,1
really keep talking and show everyone how stupid you are right now,1
seriously your design is completely embarrassing right now,1
seriously your code is creative right now,0
again we will keep reporting every post you post in this group.,1
good job on this project,0
honestly you explained the research very clearly today,0
listen let us improve the answer together today!,0
seriously great job on the code every time,0
you are so useless,1
your comment is completely poor right now,1
let us improve the answer together in this group,0
listen everyone can see how worthless your research is right now!,1
honestly we will keep reporting every idea you post right now,1
honestly let us improve the comment together,0
seriously you are so worthless in this group,1
listen thank you for your impressive research today,0
seriously your design is creative online,0
really your drawing is kind online,0
again your message makes no sense at all today,1
really have a good day and take care every time,0
again i disagree with your design but i respect your view in this group,0
thanks for helping,0
seriously great job on the post!,0
seriously great job on the assignment in this group!,0
listen great job on the answer online,0
seriously this is the most pathetic assignment here today,1
you are so worthless,1
really you will never complete this comment correctly every time!,1
really your effort on this answer is appreciated,0
seriously people say your comment was copied every time,1
listen this assignment was useful and interesting right now,0
let us improve the message together online!,0
this comment was useful and interesting right now,0
seriously everyone is tired of seeing your opinion,1
people will remember this embarrassing opinion right now,1
honestly you explained the design very clearly today,0
listen you always give pathetic answers today,1
keep talking and show everyone how foolish you are online,1
honestly please share your answer when you are free right now,0
again great job on the message today,0
listen this is the most nonsense message here in this group,1
again you explained the comment very clearly,0
i disagree with your assignment but i respect your view,0
honestly well done and keep learning today!,0
really thank you for your thoughtful presentation right now,0
listen people say your comment was copied online,1
honestly everyone knows you are bad at this subject.,1
seriously great job on the presentation every time,0
really we made another group without you online,1
really people will remember this embarrassing opinion in this group,1
seriously you will never complete this comment correctly right now,1
honestly your answer is a joke to everyone online,1
again you are completely poor today,1
everyone heard that you ruined the post every time,1
listen great job on the research today,0
seriously great job on the project,0
honestly please share your assignment when you are free in this group,0
really stop posting photos because you look awkward online.,1
really let us improve the comment together every time,0
really i really liked your drawing every time,0
listen you are completely worthless in this group,1
have a good day and take care online,0
your effort on this answer is appreciated today!,0
seriously i really liked your code today,0
again let us improve the answer together,0
you will never complete this design correctly,1
again your message is interesting in this group,0
you are too worthless to understand this comment in this group,1
you are acting like a stupid person right now,1
you are a bad person do bad things,1
listen i really liked your drawing every time,0
i disagree with your post but i respect your view today,0
again i disagree with your presentation but i respect your view in this group.,0
honestly great job on the message today,0
hope you are doing well,0
really everyone is talking about your embarrassing mistake.,1
really have a good day and take care right now,0
really your opinion makes no sense at all online,1
i disagree with your report but i respect your view online.,0
again i disagree with your presentation but i respect your view,0
honestly thank you for your clear idea in this group.,0
honestly nobody cares about your research today,1
really i really liked your answer every time,0
really i disagree with your message but i respect your view today,0
listen everyone is tired of seeing your research every time,1
really this answer was useful and interesting today,0
really this comment made you look ridiculous every time,1
seriously everyone heard that you ruined the design every time,1
you will get better,0
again you sound useless in this assignment every time,1
listen thank you for your well prepared post every time,0
seriously keep posting because your mistakes entertain everyone in this group,1
again everyone knows you lied about the message,1
honestly everyone is tired of seeing your research.,1
seriously your idea is impressive today,0
really get lost you ridiculous.,1
seriously this code was useful and interesting today,0
again you explained the report very clearly every time,0
seriously this comment was useful and interesting every time,0
shut up and stop being so stupid in this group.,1
let us improve the assignment together today,0
seriously thank you for your useful answer online,0
keep talking and show everyone how clueless you are every time,1
honestly stop posting such awful things right now,1
really let us improve the message together online,0
really let us improve the drawing together today.,0
again please share your post when you are free online,0
again you are too annoying to understand this presentation!,1
seriously everyone knows you lied about the post online,1
honestly i disagree with your message but i respect your view today,0
honestly nobody should work with you on the answer online.,1
really have a good day and take care today,0
listen everyone heard that you ruined the post online,1
listen you are too worthless to understand this idea every time,1
this is the most nonsense drawing here in this group,1
you are a lovely person,0
again let us improve the presentation together today,0
listen let us improve the assignment together every time,0
really thank you for your well prepared comment right now.,0
i disagree with your design but i respect your view in this group,0
i disagree with your idea but i respect your view in this group,0
again this code made you look ridiculous,1
you explained the message very clearly online,0
honestly your effort on this drawing is appreciated online,0
this comment was useful and interesting every time,0
honestly great job on the drawing today,0
seriously this is the most useless research here right now,1
seriously your style looks useless today,1
well done on this project,0
listen your project is thoughtful right now,0
listen people will remember this embarrassing comment online,1
seriously keep talking and show everyone how worthless you are in this group.,1
again please share your drawing when you are free every time!,0
you are so hopeless,1
seriously your appearance looks hopeless in that photo every time,1
again great job on the idea in this group,0
again this code was useful and interesting online,0
your work is trash,1
listen you will never complete this assignment correctly,1
honestly nobody should work with you on the research online,1
again your message is creative,0
again shut up and stop being so stupid right now,1
really your effort on this research is appreciated every time,0
honestly great job on the code online,0
again i disagree with your drawing but i respect your view online,0
really this opinion was useful and interesting online,0
really let us improve the answer together right now,0
please share your post when you are free.,0
again please share your report when you are free right now,0
seriously your effort on this message is appreciated in this group,0
again this is the most hopeless design here online,1
honestly great job on the presentation in this group,0
honestly your message is completely pathetic online,1
honestly shut up and stop being so hopeless every time,1
again you are completely pathetic today,1
again i really liked your comment every time,0
listen your answer is creative online,0
honestly everyone is laughing at your presentation every time!,1
you should stay silent in this group every time,1
seriously everyone knows you lied about the message right now,1
honestly i really liked your comment online,0
again let us improve the presentation together right now!,0
again your design is excellent online,0
honestly i disagree with your answer but i respect your view every time,0
listen please share your message when you are free,0
you are losar,1
again everyone knows you lied about the project in this group,1
really i disagree with your report but i respect your view online,0
really you are completely nonsense right now,1
shut up and stop being so hopeless in this group,1
honestly everyone can see how pathetic your report is online.,1
really everyone can see how worthless your message is in this group,1
seriously great job on the drawing right now,0
your project is a complete failure every time,1
really well done and keep learning,0
honestly your effort on this report is appreciated today,0
honestly let us improve the message together today,0
really great job on the idea right now,0
you always fail at basic tasks right now,1
again please share your message when you are free every time,0
your style looks awful in this group,1
shut up,1
again thank you for your useful report online,0
honestly this project was useful and interesting right now,0
please share your comment when you are free,0
honestly this design was useful and interesting every time,0
your profile picture looks hopeless,1
honestly nobody should work with you on the project today,1
really your opinion is completely useless every time,1
seriously you are too hopeless to understand this research online,1
can you explain this project,0
you will never win,1
you can do it,0
listen stop pretending you understand the drawing right now,1
seriously your effort on this drawing is appreciated,0
again your appearance looks awful in that photo today!,1
seriously you are too incompetent to understand this design,1
really let us improve the post together every time,0
honestly you are acting like a foolish person today,1
again you explained the drawing very clearly today,0
listen i really liked your design online!,0
your research makes no sense at all right now,1
you are a freak,1
seriously your research is well prepared online,0
really your marks show that you are hopeless every time!,1
honestly get lost you useless today,1
seriously show us another one of your failures in this group,1
seriously i disagree with your drawing but i respect your view,0
seriously you are not welcome in our discussion today.,1
really i really liked your opinion online,0
you are a nice friend,0
everyone knows you lied about the post today,1
again great job on the research right now.,0
again you are a total failure every time!,1
really your project is excellent in this group,0
honestly post another terrible assignment for us to mock every time,1
honestly keep talking and show everyone how useless you are today,1
you can improve,0
honestly what a stupid thing to say online,1
seriously your appearance looks nonsense in that photo today,1
again you are so clueless online,1
again everyone knows you lied about the opinion every time,1
honestly you explained the comment very clearly right now,0
listen well done and keep learning right now,0
listen you are completely useless today,1
honestly you are not invited to our group in this group.,1
again post another nonsense design for us to mock every time,1
really everyone knows you lied about the drawing,1
great job on the message online!,0
your post is interesting every time,0
i really liked your post online,0
again well done and keep learning!,0
honestly thank you for your creative message,0
nobody should work with you on the comment in this group,1
listen this presentation was useful and interesting online,0
seriously i disagree with your answer but i respect your view in this group,0
really your profile picture looks pathetic,1
nobody cares about your opinion online,1
your idea is a joke to everyone,1
honestly you are completely embarrassing in this group,1
again you are completely useless online,1
honestly your appearance looks worthless in that photo in this group,1
honestly your effort on this comment is appreciated,0
really please share your report when you are free right now,0
again everyone is laughing at your project in this group,1
honestly i disagree with your assignment but i respect your view today,0
listen you explained the opinion very clearly.,0
again you explained the project very clearly in this group,0
seriously this presentation was useful and interesting every time,0
listen well done and keep learning.,0
listen your effort on this code is appreciated,0
u r trash,1
again let us improve the assignment together right now,0
honestly everyone is tired of seeing your drawing today,1
honestly everyone is tired of seeing your idea today,1
listen you look strange in every picture,1
you are doing well,0
honestly your effort on this opinion is appreciated right now,0
seriously well done and keep learning in this group.,0
listen please share your opinion when you are free today,0
again your effort on this drawing is appreciated in this group,0
honestly everyone can see how worthless your comment is in this group,1
seriously have a good day and take care in this group,0
nobody should work with you on the message,1
you will get success,0
honestly you explained the project very clearly online,0
you are awful,1
you are so worthless every time,1
listen do not include this person in the team,1
really i disagree with your design but i respect your view online,0
this message made you look ridiculous right now,1
you will never complete this message correctly today,1
honestly i disagree with your message but i respect your view,0
honestly people say your design was copied online,1
seriously nobody should work with you on the post every time,1
again i disagree with your assignment but i respect your view in this group,0
keep posting because your mistakes entertain everyone today!,1
you are acting like a annoying person every time,1
honestly your assignment is useful today,0
keep talking and show everyone how foolish you are in this group,1
honestly you explained the code very clearly in this group,0
thank you,0
really your answer is well prepared every time!,0
seriously shut up and stop being so ridiculous every time,1
listen everyone is laughing at your design online,1
honestly your style looks useless every time,1
again your drawing is kind in this group.,0
your effort on this opinion is appreciated today,0
really i disagree with your assignment but i respect your view in this group,0
honestly your research is helpful in this group,0
again everyone is tired of seeing your opinion today,1
honestly i really liked your code.,0
seriously you are so clueless,1
seriously you embarrassed yourself with that drawing online,1
seriously post another awful idea for us to mock in this group,1
your idea is completely hopeless every time,1
let us improve the project together in this group,0
we will keep reporting every answer you post,1
listen you explained the design very clearly right now,0
honestly thank you for your useful post online,0
really let us improve the presentation together today,0
seriously get lost you foolish right now.,1
seriously this opinion was useful and interesting!,0
you are my best friend,0
really thank you for your helpful post today,0
great job on the answer every time,0
you will fail,1
honestly i really liked your idea right now!,0
seriously your appearance looks embarrassing in that photo every time,1
honestly you explained the post very clearly in this group,0
honestly we will keep reporting every post you post.,1
please share your answer when you are free right now,0
really i disagree with your drawing but i respect your view online,0
really people will remember this embarrassing code in this group,1
really i disagree with your project but i respect your view today,0
seriously thank you for your useful presentation every time,0
really i really liked your answer today,0
again you sound useless in this presentation every time!,1
this report was useful and interesting right now!,0
your code is excellent,0
seriously you look strange in every picture today,1
listen we will keep reporting every answer you post,1
you will never complete this idea correctly today,1
really please share your idea when you are free!,0
you are doing nothing right,1
seriously you explained the comment very clearly right now,0
listen people will remember this embarrassing project every time,1
your profile picture looks ridiculous,1
honestly this is the most terrible comment here in this group,1
honestly you explained the assignment very clearly every time,0
honestly please share your assignment when you are free every time!,0
honestly please share your assignment when you are free.,0
your presentation is completely pathetic online,1
really your report is well prepared in this group,0
honestly you are so ridiculous every time,1
again you explained the report very clearly right now,0
honestly what a ridiculous thing to say online,1
listen we will keep reporting every drawing you post online,1
really this is the most poor design here every time,1
seriously have a good day and take care today,0
seriously everyone is laughing at your project right now,1
get lost,1
really great job on the comment online,0
seriously thank you for your clear answer today,0
listen post another poor drawing for us to mock,1
listen this research was useful and interesting online.,0
seriously let us improve the message together online,0
seriously keep talking and show everyone how useless you are today,1
really you explained the opinion very clearly today,0
seriously thank you for your well prepared idea every time,0
again you are too annoying to understand this assignment today,1
listen people say your code was copied in this group,1
i really liked your opinion today,0
really everyone is tired of seeing your assignment right now.,1
really great job on the message online,0
you will never get a job,1
your project is a complete failure in this group,1
really this presentation was useful and interesting today,0
honestly i disagree with your post but i respect your view every time,0
again everyone knows you lied about the presentation right now,1
seriously your effort on this comment is appreciated,0
you will never complete this idea correctly every time,1
really this code made you look ridiculous today,1
really you explained the post very clearly in this group!,0
your project is trash,1
really you explained the answer very clearly,0
seriously your report is creative in this group,0
really your post is a joke to everyone online.,1
seriously we made another group without you in this group,1
great job on the project in this group,0
your mistake is being shared for everyone to laugh at.,1
honestly your profile picture looks poor right now,1
please share your message when you are free every time.,0
seriously everyone heard that you ruined the assignment right now,1
seriously please share your report when you are free right now,0
again you explained the research very clearly every time,0
again well done and keep learning every time,0
listen great job on the project every time!,0
seriously thank you for your interesting code today,0
please share your idea when you are free online,0
again everyone can see how worthless your design is,1
you explained the report very clearly online,0
really your message is impressive every time,0
seriously everyone can see how poor your opinion is right now,1
listen your research is interesting right now,0
really post another useless post for us to mock today,1
again this is the most ridiculous comment here every time,1
really your effort on this opinion is appreciated right now.,0
your drawing is completely ridiculous today,1
again your effort on this opinion is appreciated every time,0
you are so annoying,1
really great job on the post right now,0
again everyone can see how hopeless your comment is right now,1
honestly let us improve the message together!,0
honestly we will keep reporting every message you post every time,1
honestly let us improve the post together right now!,0
really let us improve the idea together online,0
honestly let us improve the presentation together right now,0
this drawing made you look ridiculous in this group,1
really please share your research when you are free in this group,0
really this message was useful and interesting in this group,0
seriously everyone should block you from the group in this group,1
again you are too incompetent to understand this answer,1
listen let us improve the design together,0
this project is good,0
really people say your comment was copied every time,1
seriously i really liked your message,0
honestly i really liked your comment every time,0
honestly you are too ridiculous to understand this message every time,1
really your effort on this presentation is appreciated today,0
seriously everyone is tired of seeing your project in this group!,1
seriously your answer is completely hopeless every time,1
seriously your code is the worst in the class in this group,1
honestly you explained the comment very clearly in this group,0
really well done and keep learning right now.,0
again shut up and stop being so annoying online!,1
seriously people say your code was copied in this group,1
really your opinion is worthless every time,1
honestly your comment is excellent right now!,0
you should stay silent in this group right now,1
seriously your style looks worthless,1
again well done and keep learning online,0
listen let us improve the drawing together every time,0
seriously nobody should work with you on the drawing today,1
listen i disagree with your report but i respect your view every time.,0
honestly nobody cares about your post every time,1
really thank you for your excellent presentation right now.,0
listen your messages are unwanted every time today!,1
honestly everyone knows you lied about the answer in this group,1
great job on the code in this group,0
great job on the research right now,0
stop posting photos because you look ugly online,1
honestly your project is clear online,0
your report makes no sense at all in this group,1
seriously you explained the report very clearly online,0
again your style looks nonsense every time,1
again great job on the assignment every time,0
again what a clueless thing to say every time.,1
honestly this answer was useful and interesting every time,0
honestly we will keep reporting every report you post in this group,1
listen let us improve the design together every time,0
honestly this assignment made you look ridiculous online,1
seriously your style looks worthless online,1
listen your effort on this assignment is appreciated online,0
really i really liked your message online.,0
again i really liked your assignment right now,0
listen nobody should work with you on the idea right now,1
honestly you explained the code very clearly right now,0
honestly your design is clear online.,0
listen we will keep reporting every comment you post,1
again we will ignore everything you post!,1
honestly this assignment was useful and interesting.,0
really you explained the comment very clearly in this group,0
i disagree with your post but i respect your view,0
really thank you for your kind project right now,0
seriously this project was useful and interesting in this group,0
seriously post another ridiculous design for us to mock today,1
again this idea made you look ridiculous today,1
i really liked your idea online,0
your comment makes no sense at all,1
everyone heard that you ruined the comment today!,1
really please share your opinion when you are free right now,0
let us improve the opinion together online!,0
really people say your presentation was copied every time,1
again let us improve the code together right now,0
thanks,0
listen you will never complete this opinion correctly online,1
honestly do not include this person in the team,1
we will keep reporting every report you post!,1
listen please share your idea when you are free online,0
really your effort on this research is appreciated online,0
i disagree with your presentation but i respect your view today,0
seriously you explained the comment very clearly in this group,0
let us improve the post together every time,0
listen nobody should work with you on the drawing right now.,1
again your post is impressive.,0
thank you for your impressive code right now,0
seriously you explained the assignment very clearly right now,0
listen please share your presentation when you are free every time,0
again you always give nonsense answers today,1
really you do not belong in this chat right now.,1
listen you explained the message very clearly,0
honestly you sound clueless in this assignment in this group,1
again everyone knows you lied about the assignment right now,1
seriously thank you for your thoughtful report online,0
honestly what a annoying thing to say today,1
you are awesome,0
nobody should work with you on the idea in this group,1
listen everyone is tired of seeing your design every time.,1
again everyone is tired of seeing your report every time!,1
seriously get lost you foolish today,1
you are so foolish online,1
again stop posting photos because you look awkward online,1
let us improve the presentation together,0
let us improve the code together online,0
you will never get success,1
honestly i really liked your research online,0
listen your effort on this design is appreciated in this group!,0
seriously this is the most embarrassing opinion here today.,1
listen your project is interesting today,0
listen your effort on this assignment is appreciated,0
honestly thank you for your well prepared idea today,0
seriously shut up and stop being so worthless online,1
honestly i really liked your report!,0
i really liked your message right now,0
listen please share your comment when you are free!,0
again you are completely useless today,1
seriously the whole group knows about your failure right now,1
i really liked your design online,0
honestly we will keep reporting every opinion you post online,1
let us improve the drawing together online,0
seriously everyone heard that you ruined the design right now,1
thank you for your interesting opinion online,0
seriously you are so pathetic in this group,1
everyone is tired of seeing your idea online,1
honestly keep talking and show everyone how pathetic you are in this group,1
really your effort on this drawing is appreciated every time,0
seriously everyone is talking about your embarrassing mistake every time.,1
seriously you look awkward in every picture in this group,1
really post another embarrassing post for us to mock,1
honestly you are completely useless every time,1
really everyone knows you lied about the design right now,1
listen i really liked your research in this group,0
really thank you for your thoughtful assignment,0
really everyone knows you lied about the research online,1
listen keep talking and show everyone how hopeless you are today,1
listen shut up and stop being so useless,1
honestly your message makes no sense at all.,1
you are so talented,0
again thank you for your useful idea,0
honestly your project is helpful,0
really stop posting photos because you look terrible right now,1
seriously let us improve the project together today,0
listen i really liked your research,0
really people will remember this embarrassing presentation today,1
listen you look strange in every picture right now,1
honestly thank you for your kind drawing every time,0
seriously post another pathetic project for us to mock every time,1
really your effort on this comment is appreciated right now,0
listen people will remember this embarrassing report right now,1
seriously i disagree with your research but i respect your view every time.,0
listen this is another embarrassing post from you right now,1
again you will never complete this presentation correctly every time,1
listen great job on the code every time,0
again thank you for your kind report,0
honestly we will keep reporting every answer you post,1
again your design makes no sense at all.,1
everyone knows you lied about the code every time,1
again you explained the project very clearly every time,0
really you failed again in front of everyone today,1
you will definitely get success,0
honestly please share your research when you are free,0
your work is useless,1
listen please share your project when you are free every time,0
honestly thank you for your clear assignment in this group,0
seriously i really liked your answer in this group,0
seriously people say your report was copied in this group,1
seriously your idea makes no sense at all online,1
listen you are too foolish to understand this idea every time,1
listen your research is thoughtful online,0
really i disagree with your design but i respect your view every time,0
listen the group keeps mocking what happened to you today.,1
honestly you are too useless to understand this post in this group,1
again people say your opinion was copied every time,1
seriously your effort on this presentation is appreciated,0
honestly everyone is laughing at your assignment,1
seriously i really liked your presentation right now,0
honestly this is the most embarrassing opinion here in this group,1
this is the most worthless idea here right now,1
really i disagree with your idea but i respect your view online,0
again thank you for your well prepared drawing right now,0
seriously i disagree with your presentation but i respect your view,0
listen everyone is tired of seeing your idea in this group,1
seriously i really liked your design online,0
i disagree with your design but i respect your view every time,0
again post another worthless post for us to mock in this group,1
honestly people say your report was copied every time,1
seriously you are too pathetic to understand this research today,1
thank you for your thoughtful post online,0
thank you for your helpful assignment right now,0
again please share your presentation when you are free today,0
seriously this comment made you look ridiculous,1
honestly you explained the research very clearly,0
thank you for your kind code every time,0
everyone is tired of seeing your presentation right now,1
