text,label
again you are too hopeless to understand this message today,1
you will never complete this idea correctly in this group,1
seriously everyone can see how useless your project is every time,1
listen everyone heard that you ruined the research today,1
seriously stop pretending you understand the message,1
You always make a fool of yourself online every time.,1
Again everyone knows you are bad at this subject today,1
we will keep reporting every research you post every time,1
seriously stop pretending you understand the design every time,1
seriously everyone heard that you ruined the answer right now,1
seriously nobody should work with you on the post today,1
really your profile picture looks hopeless right now,1
really i disagree with your idea but i respect your view right now,0
really your report is well prepared in this group,0
really thank you for your kind research today,0
again you are too clueless to understand this design every time,1
Really everyone can see how pathetic your comment is online!,1
seriously i really liked your design today,0
really what a stupid thing to say every time,1
people say your drawing was copied today,1
Really do not include this person in the team in this group,1
Honestly post another useless comment for us to mock every time!,1
honestly everyone is laughing at your project online,1
again you will never complete this code correctly online,1
again you sound clueless in this message right now,1
everyone knows you lied about the assignment right now,1
seriously this is the most hopeless presentation here online,1
again this presentation was useful and interesting,0
seriously nobody cares about your assignment in this group,1
honestly thank you for your well prepared report in this group,0
honestly everyone is tired of seeing your answer today,1
really everyone is tired of seeing your report every time,1
nobody cares about your message online,1
really your comment is completely pathetic right now,1
Again thank you for your helpful design online!,0
again great job on the project today,0
Really do not let this person join the project online,1
again nobody should work with you on the message right now,1
Again people are laughing at how you look in this group.,1
great job on the drawing,0
shut up and stop being so hopeless in this group,1
Again your project is a joke to everyone every time.,1
again you are completely terrible,1
seriously your profile picture looks hopeless online,1
honestly everyone heard that you ruined the report today,1
Again this is another embarrassing post from you in this group,1
Post another nonsense comment for us to mock.,1
Seriously nobody cares about your opinion today!,1
really stop posting photos because you look ridiculous today,1
everyone is tired of seeing your design every time,1
Honestly nobody should work with you on the post in this group,1
really your comment makes no sense at all online,1
post another terrible design for us to mock every time,1
listen your message is excellent every time,0
Really you will never complete this message correctly online,1
really everyone can see how terrible your report is,1
again post another embarrassing research for us to mock,1
Really that picture makes you look ridiculous right now!,1
seriously you are too ridiculous to understand this opinion in this group,1
listen shut up and stop being so ridiculous,1
honestly i disagree with your drawing but i respect your view,0
listen keep talking and show everyone how hopeless you are today,1
really everyone heard that you ruined the assignment online,1
your opinion makes no sense at all online,1
Shut up and stop being so annoying online,1
honestly nobody wants to hear from you here every time,1
honestly everyone heard that you ruined the assignment in this group,1
listen stop coming back to this page,1
seriously that was a very foolish response online,1
again you will never complete this project correctly every time,1
Stop pretending you understand the research online,1
listen get lost you annoying today,1
seriously this is the most nonsense code here today,1
seriously post another pathetic drawing for us to mock every time,1
again great job on the presentation right now,0
honestly get lost you ridiculous,1
Again people will remember this embarrassing idea in this group,1
have a good day and take care today,0
Your code is helpful!,0
again stop posting photos because you look ridiculous in this group,1
listen get lost you annoying in this group,1
listen people say your project was copied right now,1
everyone can see how ridiculous your report is in this group,1
you explained the project very clearly in this group,0
again your profile picture looks poor right now,1
honestly everyone is laughing at your message every time,1
listen everyone knows you lied about the assignment in this group,1
Really this is the most ridiculous idea here.,1
again this design was useful and interesting right now,0
this answer made you look ridiculous,1
really stop posting such hopeless things every time,1
Again your research makes no sense at all,1
seriously you are so stupid online,1
Seriously your appearance looks terrible in that photo every time.,1
shut up and stop being so incompetent every time,1
people will remember this embarrassing opinion right now,1
Honestly everyone heard that you ruined the research right now,1
you are acting like a useless person today,1
seriously your appearance looks poor in that photo,1
seriously your idea is a joke to everyone in this group,1
Really we do not want you in this discussion right now.,1
again this idea made you look ridiculous today,1
seriously nobody should work with you on the presentation right now,1
Again get lost you worthless in this group!,1
Your project is a complete failure in this group,1
again you explained the idea very clearly every time,0
Listen your appearance looks ridiculous in that photo online!,1
really you are so worthless right now,1
Really everyone knows you are bad at this subject right now.,1
your design makes no sense at all in this group,1
stop posting such worthless things in this group,1
Your profile picture looks pathetic in this group,1
seriously your design makes no sense at all in this group,1
honestly everyone heard that you ruined the research,1
again people say your report was copied in this group,1
honestly this design made you look ridiculous today,1
seriously everyone is laughing at your project every time,1
again everyone heard that you ruined the project,1
seriously people will remember this embarrassing opinion today,1
Honestly you are a total failure right now,1
really your effort on this comment is appreciated in this group,0
what a useless thing to say online,1
seriously you always give poor answers right now,1
stop posting such useless things online,1
Post another useless assignment for us to mock in this group!,1
again stop posting such awful things,1
honestly you sound stupid in this presentation every time,1
honestly great job on the message today,0
honestly you are completely nonsense today,1
seriously you are completely ridiculous in this group,1
You are acting like a foolish person in this group.,1
seriously you will never complete this project correctly every time,1
again your effort on this presentation is appreciated in this group,0
everyone will make fun of your appearance every time,1
really you embarrassed yourself with that idea in this group,1
honestly nobody should work with you on the post online,1
seriously great job on the design online,0
really let us improve the post together online,0
seriously post another useless answer for us to mock today,1
again i disagree with your research but i respect your view online,0
seriously post another ridiculous report for us to mock,1
really everyone knows you lied about the assignment today,1
listen this is another embarrassing post from you right now,1
really you are completely hopeless right now,1
Really your style looks pathetic in this group!,1
this opinion made you look ridiculous every time,1
honestly post another worthless drawing for us to mock today,1
really everyone is laughing at your project online,1
honestly nobody should work with you on the design in this group,1
really you sound pathetic in this message today,1
honestly everyone can see how pathetic your report is right now,1
Again nobody cares about your comment online!,1
Honestly everyone knows you lied about the assignment online!,1
really you sound annoying in this report every time,1
Really you look ridiculous in every picture every time.,1
that was a very clueless response,1
post another awful research for us to mock online,1
seriously nobody cares about your code,1
really you are acting like a clueless person online,1
seriously post another ridiculous design for us to mock online,1
really great job on the design every time,0
Seriously people say your post was copied in this group.,1
honestly we will keep reporting every post you post in this group,1
again let us improve the answer together online,0
Seriously post another embarrassing message for us to mock right now,1
again everyone is tired of seeing your research,1
Again people are laughing at how you look right now,1
honestly stop pretending you understand the idea,1
listen you are too worthless to understand this code today,1
Again the group keeps mocking what happened to you every time!,1
post another nonsense drawing for us to mock online,1
honestly post another useless assignment for us to mock today,1
really people will remember this embarrassing project today,1
seriously get lost you annoying online,1
Honestly you always fail at basic tasks!,1
Everyone will make fun of your appearance in this group!,1
Listen continue arguing because nobody takes you seriously every time!,1
really you explained the project very clearly today,0
listen you are completely poor,1
again post another hopeless code for us to mock,1
Nobody should work with you on the drawing today,1
keep talking and show everyone how ridiculous you are,1
Really your project is a complete failure online!,1
Seriously people will remember this embarrassing research right now!,1
Again everyone heard that you ruined the drawing today!,1
really everyone should block you from the group right now,1
seriously you always make a fool of yourself online,1
everyone is tired of seeing your presentation,1
seriously i disagree with your project but i respect your view right now,0
Seriously this code was useful and interesting online!,0
people will remember this embarrassing message today,1
Really we will keep reporting every answer you post online.,1
honestly shut up and stop being so incompetent in this group,1
honestly your report is completely hopeless in this group,1
Seriously keep talking and show everyone how incompetent you are online,1
listen your presentation makes no sense at all in this group,1
Honestly i really liked your answer in this group,0
shut up and stop being so foolish every time,1
really this project was useful and interesting every time,0
This message made you look ridiculous right now,1
really your drawing is a joke to everyone online,1
your message is a joke to everyone in this group,1
listen everyone knows you lied about the drawing right now,1
keep talking and show everyone how ridiculous you are every time,1
Again you are too worthless to understand this message every time,1
Really everyone is laughing at your design today.,1
Listen that was a very foolish response every time,1
really this is the most terrible drawing here right now,1
listen people will remember this embarrassing opinion right now,1
Really you are too hopeless to understand this message in this group,1
listen keep talking and show everyone how useless you are right now,1
Honestly your effort on this research is appreciated right now,0
Really please share your assignment when you are free in this group.,0
honestly this code was useful and interesting online,0
again everyone is laughing at your comment every time,1
Honestly post another embarrassing research for us to mock every time!,1
we will keep reporting every code you post,1
Seriously you are a total failure every time.,1
your style looks embarrassing today,1
you embarrassed yourself with that research,1
honestly this is another embarrassing post from you in this group,1
please share your presentation when you are free right now,0
seriously everyone can see how awful your answer is,1
seriously your appearance looks hopeless in that photo in this group,1
get lost you incompetent right now,1
honestly your project is a joke to everyone online,1
listen nobody should work with you on the answer every time,1
listen what a annoying thing to say,1
again let us improve the code together right now,0
really post another hopeless research for us to mock online,1
listen this is the most pathetic project here today,1
honestly post another nonsense assignment for us to mock every time,1
again get lost you stupid right now,1
Seriously you embarrassed yourself with that post!,1
listen you are too hopeless to understand this drawing every time,1
seriously please share your idea when you are free right now,0
honestly you are completely pathetic right now,1
Honestly this is the most hopeless report here in this group,1
again nobody should work with you on the comment every time,1
really shut up and stop being so incompetent right now,1
really you sound incompetent in this message in this group,1
again everyone heard that you ruined the report online,1
honestly i really liked your presentation in this group,0
post another terrible drawing for us to mock today,1
honestly people say your answer was copied right now,1
listen post another worthless drawing for us to mock,1
seriously this message made you look ridiculous,1
honestly your appearance looks awful in that photo,1
again this is the most nonsense code here every time,1
Again we will keep reporting every report you post right now!,1
Nobody cares about your post today,1
listen your idea makes no sense at all today,1
Again this is another embarrassing post from you right now.,1
really shut up and stop being so ridiculous,1
people say your project was copied online,1
honestly your appearance looks terrible in that photo online,1
Really keep away from our group conversations every time!,1
Really continue arguing because nobody takes you seriously right now!,1
listen you are too ridiculous to understand this post today,1
Seriously i disagree with your project but i respect your view.,0
You cannot solve even a simple question right now!,1
listen everyone knows you lied about the post today,1
honestly keep talking and show everyone how incompetent you are today,1
Honestly this report made you look ridiculous online,1
Seriously you are too useless to understand this idea in this group.,1
we will keep reporting every post you post every time,1
honestly stop posting such terrible things,1
listen you will never complete this opinion correctly right now,1
really you will never complete this post correctly in this group,1
listen your research is a joke to everyone,1
listen you are too pathetic to understand this post today,1
really nobody wants to hear from you here right now,1
honestly your appearance looks embarrassing in that photo,1
Keep posting because your mistakes entertain everyone.,1
Seriously nobody cares about your report right now!,1
Really your mistake is being shared for everyone to laugh at today!,1
Really we will ignore everything you post every time,1
That was a very hopeless response today,1
honestly you are too clueless to understand this project online,1
seriously i really liked your opinion,0
again everyone heard that you ruined the code online,1
your assignment is thoughtful today,0
Honestly everyone heard that you ruined the opinion today.,1
seriously thank you for your useful presentation every time,0
honestly we will keep reporting every comment you post,1
really everyone knows you lied about the presentation in this group,1
keep talking and show everyone how hopeless you are every time,1
listen everyone knows you lied about the answer in this group,1
really nobody cares about your presentation,1
seriously get lost you hopeless today,1
really you embarrassed yourself with that assignment right now,1
listen you are so incompetent,1
listen post another worthless design for us to mock right now,1
This is the most embarrassing project here online,1
seriously we will keep reporting every message you post in this group,1
listen stop posting photos because you look awkward right now,1
Seriously people are forwarding your mistake everywhere.,1
honestly please share your research when you are free today,0
listen nobody should work with you on the drawing,1
Everyone knows you lied about the message online.,1
listen this is another embarrassing post from you,1
honestly your messages are unwanted every time,1
Really you are not welcome in our discussion every time!,1
Really post another embarrassing opinion for us to mock in this group.,1
again you are completely embarrassing today,1
seriously your idea is completely embarrassing,1
Really you are a total failure online,1
let us improve the code together right now,0
honestly thank you for your creative drawing right now,0
Really keep talking and show everyone how pathetic you are!,1
listen this idea made you look ridiculous online,1
Seriously stop posting photos because you look ridiculous every time!,1
again your appearance looks nonsense in that photo,1
listen you will never complete this code correctly online,1
Listen people will remember this embarrassing message every time.,1
listen i disagree with your post but i respect your view every time,0
seriously nobody should work with you on the answer every time,1
seriously post another pathetic post for us to mock,1
again your style looks pathetic today,1
Listen everyone can see how nonsense your comment is,1
Get lost you worthless every time!,1
listen get lost you useless online,1
honestly your research is helpful in this group,0
again your effort on this post is appreciated online,0
Really stop posting such nonsense things right now!,1
your profile picture looks embarrassing,1
Honestly what a hopeless thing to say today,1
honestly get lost you hopeless right now,1
listen keep talking and show everyone how worthless you are online,1
you will never complete this post correctly,1
Post another hopeless design for us to mock!,1
really you are completely ridiculous every time,1
Really you are too ridiculous to understand this assignment today!,1
Seriously stay out of our online group today.,1
Listen everyone heard that you ruined the opinion online!,1
Seriously your presentation is completely terrible online,1
Seriously you sound incompetent in this post today,1
Shut up and stop being so stupid in this group.,1
honestly nobody should work with you on the presentation right now,1
you are so pathetic right now,1
listen your style looks embarrassing every time,1
Honestly this is another embarrassing post from you right now,1
again great job on the drawing right now,0
again your message makes no sense at all today,1
again you are too ridiculous to understand this drawing online,1
nobody should work with you on the idea,1
listen post another nonsense research for us to mock online,1
really people will remember this embarrassing idea,1
Seriously you look awkward in that photo in this group.,1
Honestly the group keeps mocking what happened to you every time,1
honestly thank you for your helpful idea online,0
Seriously people are forwarding your mistake everywhere online!,1
again this opinion was useful and interesting,0
listen stop pretending you understand the code in this group,1
Again your appearance looks awful in that photo today!,1
really we will keep reporting every project you post in this group,1
again your appearance looks nonsense in that photo today,1
you are completely awful in this group,1
Again people are sharing stories to make fun of you every time.,1
honestly you embarrassed yourself with that post,1
honestly this is the most pathetic answer here in this group,1
seriously nobody should work with you on the opinion,1
I disagree with your project but i respect your view right now,0
really your profile picture looks pathetic today,1
listen you always give useless answers,1
again your code is a joke to everyone,1
again post another ridiculous code for us to mock online,1
seriously your opinion is worthless today,1
listen keep talking and show everyone how foolish you are in this group,1
honestly shut up and stop being so hopeless in this group,1
again your profile picture looks terrible right now,1
really people say your comment was copied online,1
honestly shut up and stop being so useless right now,1
people will remember this embarrassing research right now,1
honestly your style looks worthless in this group,1
again your profile picture looks terrible today,1
honestly thank you for your clear answer every time,0
really shut up and stop being so useless online,1
everyone is tired of seeing your project today,1
seriously everyone heard that you ruined the research every time,1
honestly everyone is tired of seeing your code every time,1
again you sound hopeless in this message online,1
really your drawing is a joke to everyone every time,1
again your embarrassing story is spreading online today,1
listen everyone is laughing at your message in this group,1
stop posting photos because you look strange every time,1
honestly your profile picture looks useless right now,1
you are so stupid every time,1
Honestly everyone is tired of seeing your research in this group!,1
continue arguing because nobody takes you seriously in this group,1
Listen everyone can see how ridiculous your design is.,1
Listen stop pretending you understand the design right now,1
again we will keep reporting every comment you post,1
Really your style looks hopeless online,1
Again you do not belong in this chat.,1
nobody should work with you on the post today,1
really shut up and stop being so pathetic,1
Listen i really liked your comment today!,0
really this presentation was useful and interesting today,0
again people say your code was copied today,1
honestly post another awful report for us to mock in this group,1
really people say your design was copied right now,1
really you always give useless answers today,1
honestly keep talking and show everyone how annoying you are today,1
Seriously go on and embarrass yourself again right now,1
i really liked your comment today,0
really this message made you look ridiculous in this group,1
Really your assignment is a joke to everyone today!,1
really you cannot solve even a simple question,1
again i disagree with your design but i respect your view,0
everyone is tired of seeing your report online,1
again your profile picture looks poor,1
again you explained the research very clearly in this group,0
again people say your comment was copied today,1
Again post another terrible report for us to mock today.,1
again post another worthless project for us to mock today,1
really everyone knows you lied about the report right now,1
Honestly your post is kind in this group,0
Listen people are laughing at how you look in this group,1
honestly you sound useless in this research in this group,1
really thank you for your excellent post in this group,0
again you are completely ridiculous today,1
you are acting like a worthless person today,1
honestly this message made you look ridiculous right now,1
again you sound ridiculous in this idea today,1
listen people will remember this embarrassing idea right now,1
Honestly everyone can see how ridiculous your opinion is today!,1
you are completely embarrassing in this group,1
post another awful idea for us to mock online,1
really your effort on this code is appreciated every time,0
seriously you will never complete this design correctly in this group,1
really nobody cares about your report every time,1
everyone is tired of seeing your drawing in this group,1
really everyone can see how poor your answer is,1
you are completely awful every time,1
please share your code when you are free every time,0
seriously you are a joke every time,1
honestly you explained the comment very clearly every time,0
This is the most nonsense research here!,1
really shut up and stop being so worthless in this group,1
honestly we will keep reporting every answer you post today,1
listen everyone is tired of seeing your assignment in this group,1
Seriously keep talking and show everyone how clueless you are today,1
really everyone can see how poor your report is every time,1
Listen everyone is tired of you in this group,1
Again people will remember this embarrassing presentation online,1
Honestly you are not invited to our group online.,1
really you look terrible in every picture online,1
Again you cannot solve even a simple question!,1
honestly i really liked your drawing today,0
thank you for your thoughtful drawing online,0
really your message is a joke to everyone every time,1
Seriously post another ridiculous code for us to mock online,1
really we will keep reporting every opinion you post,1
Listen we will ignore everything you post in this group,1
listen people say your presentation was copied today,1
seriously you are completely pathetic online,1
everyone heard that you ruined the comment in this group,1
Listen everyone knows you lied about the message right now.,1
honestly you failed again in front of everyone every time,1
Honestly nobody cares about your code today,1
Really we will continue without you today,1
Really the group is joking about your latest mistake.,1
listen everyone knows you lied about the design every time,1
post another nonsense message for us to mock,1
listen you embarrassed yourself with that answer in this group,1
listen please share your comment when you are free right now,0
honestly you look unpleasant in every picture in this group,1
honestly try again so everyone can laugh today,1
we will keep reporting every idea you post every time,1
really everyone is tired of you every time,1
really the whole group knows about your failure right now,1
seriously people are sharing stories to make fun of you,1
Honestly everyone is laughing at your presentation every time!,1
Again you should stay silent in this group today.,1
Listen get lost you pathetic!,1
again you are acting like a stupid person,1
honestly post another worthless idea for us to mock in this group,1
Again get lost you incompetent every time.,1
again please share your presentation when you are free today,0
honestly post another embarrassing opinion for us to mock online,1
everyone is tired of seeing your answer online,1
really everyone is tired of seeing your drawing online,1
you are completely poor online,1
get lost you foolish today,1
seriously this comment made you look ridiculous in this group,1
seriously your answer is thoughtful today,0
Really i disagree with your research but i respect your view every time,0
Honestly you are too worthless to understand this idea,1
honestly everyone is laughing at your code online,1
seriously post another useless project for us to mock today,1
listen go on and embarrass yourself again today,1
Listen stop pretending you understand the presentation right now.,1
Honestly this answer was useful and interesting right now!,0
seriously people say your opinion was copied,1
again everyone is tired of seeing your design online,1
everyone knows you lied about the research in this group,1
Again shut up and stop being so clueless right now,1
seriously i really liked your comment in this group,0
really you explained the post very clearly,0
again post another terrible comment for us to mock right now,1
listen everyone can see how ridiculous your post is,1
again post another pathetic comment for us to mock,1
Listen nobody cares about your code every time,1
really nobody should work with you on the assignment in this group,1
honestly shut up and stop being so worthless,1
listen you are acting like a clueless person today,1
honestly shut up and stop being so worthless today,1
listen we will keep reporting every post you post online,1
Honestly continue arguing because nobody takes you seriously today,1
Seriously everyone should block you from the group right now.,1
seriously you are too annoying to understand this presentation online,1
really your idea is a joke to everyone,1
Seriously shut up and stop being so annoying right now!,1
really your profile picture looks awful in this group,1
really let us improve the idea together every time,0
Thank you for your well prepared message online,0
you are too hopeless to understand this idea every time,1
your marks show that you are hopeless in this group,1
Seriously your project is a complete failure in this group.,1
you are too foolish to understand this research in this group,1
listen people say your drawing was copied right now,1
really your design makes no sense at all in this group,1
Honestly nobody should work with you on the message online,1
stop posting such useless things in this group,1
again this research made you look ridiculous online,1
really people will remember this embarrassing project every time,1
this is the most useless post here in this group,1
honestly your drawing makes no sense at all today,1
really you are too clueless to understand this research in this group,1
honestly you are completely pathetic every time,1
Really you look awkward in every picture today.,1
your report is completely embarrassing,1
really post another pathetic drawing for us to mock today,1
seriously this is the most nonsense answer here today,1
again your effort on this design is appreciated online,0
again let us improve the research together,0
honestly you are too hopeless to understand this comment every time,1
this is another embarrassing post from you online,1
your code makes no sense at all every time,1
really everyone can see how poor your report is right now,1
again nobody should work with you on the comment online,1
listen you are too hopeless to understand this message every time,1
again you are too foolish to understand this assignment every time,1
Again you are too worthless to understand this message right now!,1
again everyone can see how worthless your message is right now,1
you are so useless every time,1
again people will remember this embarrassing research every time,1
seriously great job on the project online,0
honestly you are too hopeless to understand this report,1
Honestly we do not want you in this discussion online.,1
You look awkward in that photo today.,1
Listen you do not belong in this chat.,1
really what a stupid thing to say in this group,1
Again post another embarrassing assignment for us to mock right now!,1
Honestly your code is the worst in the class every time,1
listen everyone heard that you ruined the design right now,1
honestly i disagree with your assignment but i respect your view online,0
listen you are completely ridiculous,1
again your code is clear,0
seriously nobody should work with you on the report in this group,1
keep away from our group conversations today,1
listen thank you for your clear comment in this group,0
post another embarrassing post for us to mock every time,1
post another nonsense post for us to mock today,1
Honestly you embarrassed yourself with that idea today!,1
seriously your assignment is a joke to everyone,1
listen everyone can see how hopeless your design is every time,1
again your style looks useless,1
Listen you are too hopeless to understand this report in this group!,1
everyone knows you lied about the presentation every time,1
listen stop posting photos because you look ridiculous,1
Really you are not welcome in our discussion today!,1
seriously your appearance looks pathetic in that photo today,1
I disagree with your research but i respect your view right now!,0
seriously you are completely nonsense in this group,1
Again your presentation is a joke to everyone online,1
really you always give poor answers online,1
listen thank you for your helpful assignment today,0
stop pretending you understand the comment right now,1
Seriously have a good day and take care online!,0
again you explained the research very clearly right now,0
Listen stop coming back to this page today!,1
seriously that was a very ridiculous response in this group,1
seriously shut up and stop being so worthless today,1
listen you will never complete this answer correctly today,1
honestly please share your drawing when you are free online,0
seriously that was a very incompetent response today,1
again post another poor post for us to mock right now,1
Seriously everyone heard that you ruined the research in this group!,1
Really you should stay silent in this group today.,1
really shut up and stop being so stupid today,1
really you are so useless in this group,1
Listen you embarrassed yourself with that research online!,1
Listen people say your opinion was copied in this group!,1
honestly stop posting such hopeless things online,1
seriously your appearance looks awful in that photo,1
really you are too worthless to understand this research right now,1
honestly you explained the post very clearly today,0
seriously everyone can see how ridiculous your opinion is right now,1
Listen post another ridiculous comment for us to mock online,1
listen your project is completely embarrassing right now,1
Seriously nobody should work with you on the idea today!,1
i disagree with your post but i respect your view today,0
honestly everyone is laughing at your assignment every time,1
seriously keep talking and show everyone how useless you are in this group,1
honestly get lost you worthless today,1
Honestly your project is completely terrible,1
you will never complete this drawing correctly online,1
again that was a very ridiculous response online,1
seriously your profile picture looks ridiculous online,1
again shut up and stop being so annoying right now,1
seriously everyone can see how terrible your message is in this group,1
listen stop posting photos because you look unpleasant in this group,1
post another hopeless code for us to mock every time,1
really you explained the comment very clearly in this group,0
you sound foolish in this assignment today,1
honestly that was a very stupid response right now,1
Honestly people say your presentation was copied every time,1
really your comment is kind today,0
really please share your report when you are free right now,0
Listen nobody should work with you on the post in this group,1
really your style looks poor every time,1
again this is the most worthless drawing here online,1
honestly nobody should work with you on the report every time,1
please share your answer when you are free online,0
listen thank you for your well prepared post every time,0
Listen your embarrassing story is spreading online online!,1
Do not include this person in the team right now,1
really post another embarrassing assignment for us to mock in this group,1
Seriously this code made you look ridiculous today!,1
listen well done and keep learning online,0
honestly post another embarrassing design for us to mock in this group,1
shut up and stop being so worthless online,1
seriously you will never complete this presentation correctly today,1
listen people will remember this embarrassing drawing in this group,1
honestly we made another group without you today,1
Get lost you annoying today.,1
really this is another embarrassing post from you every time,1
listen you are completely poor today,1
again your code is completely useless in this group,1
seriously get lost you pathetic,1
again people will remember this embarrassing assignment right now,1
Honestly your profile picture looks awful online.,1
seriously your design is creative online,0
honestly you are completely ridiculous,1
Again we made another group without you in this group.,1
seriously you sound annoying in this assignment today,1
you look terrible in every picture online,1
listen people will remember this embarrassing drawing online,1
listen you sound incompetent in this drawing every time,1
Again keep away from our group conversations online,1
listen let us improve the report together right now,0
Honestly everyone heard that you ruined the project every time.,1
seriously this post was useful and interesting,0
honestly your code makes no sense at all in this group,1
again nobody should work with you on the opinion today,1
Listen your appearance looks ridiculous in that photo in this group,1
Really you always give worthless answers right now!,1
listen your comment is completely embarrassing today,1
stop posting such ridiculous things online,1
honestly you are too stupid to understand this comment online,1
you sound incompetent in this code right now,1
let us improve the comment together every time,0
listen thank you for your creative project every time,0
Everyone is tired of seeing your answer every time,1
Really do not include this person in the team online.,1
seriously you are completely poor every time,1
again everyone knows you lied about the presentation in this group,1
Honestly nobody wants to hear from you here right now!,1
honestly post another embarrassing answer for us to mock,1
honestly you are too useless to understand this opinion today,1
listen we will keep reporting every report you post in this group,1
Your profile picture looks poor in this group,1
Seriously that was a very hopeless response in this group.,1
seriously you sound foolish in this post right now,1
you are not welcome in our discussion every time,1
honestly your answer is completely awful every time,1
really we will keep reporting every drawing you post,1
Really we will continue without you every time.,1
really keep talking and show everyone how pathetic you are right now,1
again you are acting like a incompetent person today,1
really i disagree with your presentation but i respect your view,0
honestly stop pretending you understand the drawing in this group,1
Really people say your code was copied today,1
listen your answer is a joke to everyone every time,1
Really your research is clear today!,0
really your profile picture looks nonsense in this group,1
listen you look strange in every picture online,1
Honestly i really liked your report!,0
again your answer is a joke to everyone today,1
again your assignment is clear today,0
Honestly your embarrassing story is spreading online right now!,1
Really we will continue without you right now,1
honestly post another terrible comment for us to mock,1
honestly continue arguing because nobody takes you seriously,1
really your opinion is worthless,1
Stay out of our online group in this group!,1
do not let this person join the project right now,1
Seriously everyone is tired of seeing your message right now.,1
Honestly everyone can see how worthless your code is today,1
Really your appearance looks nonsense in that photo.,1
listen you are too stupid to understand this post today,1
Honestly we made another group without you online.,1
really you embarrassed yourself with that project today,1
listen we will keep reporting every presentation you post online,1
again this design made you look ridiculous,1
again this is the most ridiculous project here today,1
Again your project is a complete failure.,1
honestly everyone heard that you ruined the research today,1
nobody should work with you on the post,1
really let us improve the design together,0
honestly your profile picture looks embarrassing right now,1
really keep talking and show everyone how pathetic you are today,1
seriously your style looks ridiculous in this group,1
everyone is tired of seeing your idea right now,1
Honestly this idea made you look ridiculous today.,1
listen your profile picture looks poor online,1
Really nobody cares about your design right now.,1
everyone heard that you ruined the idea,1
Honestly your research is completely embarrassing in this group!,1
again everyone heard that you ruined the presentation,1
seriously please share your drawing when you are free right now,0
your appearance looks embarrassing in that photo right now,1
Again nobody cares about your assignment right now,1
shut up and stop being so clueless right now,1
Again this report was useful and interesting online,0
honestly you embarrassed yourself with that code,1
Thank you for your clear report online!,0
really your style looks worthless online,1
again your appearance looks useless in that photo today,1
listen stop pretending you understand the post today,1
post another terrible idea for us to mock,1
again people say your idea was copied every time,1
seriously you embarrassed yourself with that presentation in this group,1
again your message is completely useless every time,1
honestly everyone heard that you ruined the presentation online,1
Everyone can see how useless your answer is!,1
honestly you sound incompetent in this report today,1
Get lost you annoying right now.,1
Again post another useless code for us to mock online,1
listen you embarrassed yourself with that assignment online,1
Seriously we will keep reporting every project you post today.,1
seriously you sound clueless in this project today,1
honestly your assignment is a joke to everyone online,1
really nobody should work with you on the idea right now,1
again you are so clueless every time,1
Again your effort on this presentation is appreciated.,0
again let us improve the assignment together right now,0
really this is another embarrassing post from you right now,1
Honestly nobody cares about your drawing in this group!,1
everyone knows you lied about the report in this group,1
really you are completely embarrassing online,1
really your opinion makes no sense at all today,1
Honestly everyone knows you lied about the assignment every time.,1
really nobody wants to hear from you here in this group,1
again stop pretending you understand the code,1
seriously you will never complete this assignment correctly in this group,1
really everyone heard that you ruined the post right now,1
seriously please share your report when you are free today,0
again everyone can see how useless your report is in this group,1
seriously your style looks useless every time,1
honestly i disagree with your answer but i respect your view,0
again what a ridiculous thing to say right now,1
seriously you are too stupid to understand this message every time,1
listen people say your assignment was copied today,1
seriously stop coming back to this page right now,1
honestly you sound incompetent in this idea,1
listen you look ugly in every picture online,1
honestly this is the most pathetic assignment here right now,1
your appearance looks nonsense in that photo every time,1
honestly that was a very ridiculous response today,1
Really you are acting like a annoying person.,1
seriously get lost you annoying,1
nobody should work with you on the message online,1
stop posting photos because you look awkward in this group,1
listen try again so everyone can laugh in this group,1
seriously everyone can see how hopeless your comment is right now,1
honestly stop posting photos because you look strange today,1
honestly you are too clueless to understand this comment in this group,1
really this is the most ridiculous answer here right now,1
post another useless message for us to mock every time,1
this message was useful and interesting today,0
seriously your appearance looks poor in that photo every time,1
again you are completely worthless online,1
seriously you always give awful answers right now,1
Seriously stop pretending you understand the design.,1
seriously stop pretending you understand the research today,1
seriously we will keep reporting every code you post online,1
your style looks pathetic every time,1
seriously stop posting such useless things today,1
Honestly everyone knows you lied about the project right now,1
Listen nobody wants to hear from you here every time!,1
seriously we will keep reporting every project you post,1
your style looks hopeless in this group,1
Seriously everyone should block you from the group every time,1
really we will keep reporting every assignment you post today,1
listen you are too useless to understand this post,1
stop pretending you understand the code,1
honestly your style looks nonsense right now,1
listen post another embarrassing comment for us to mock today,1
You do not belong in this chat in this group!,1
listen you embarrassed yourself with that comment every time,1
Again continue arguing because nobody takes you seriously today.,1
Honestly people say your comment was copied right now,1
seriously your report is creative in this group,0
your code is the worst in the class online,1
seriously this comment made you look ridiculous,1
You are completely ridiculous right now,1
listen your opinion is completely embarrassing in this group,1
listen everyone is laughing at your presentation online,1
we will keep reporting every comment you post,1
Seriously you are too stupid to understand this research.,1
again thank you for your thoughtful project online,0
seriously post another useless design for us to mock,1
honestly this design was useful and interesting every time,0
seriously your opinion is a joke to everyone every time,1
everyone knows you lied about the post today,1
really keep talking and show everyone how incompetent you are online,1
Listen post another ridiculous answer for us to mock!,1
seriously you explained the research very clearly right now,0
post another hopeless opinion for us to mock today,1
honestly you are too annoying to understand this post right now,1
Your appearance looks hopeless in that photo every time.,1
Listen keep talking and show everyone how worthless you are in this group!,1
again get lost you ridiculous today,1
seriously we will keep reporting every assignment you post right now,1
honestly everyone heard that you ruined the idea right now,1
listen that was a very pathetic response,1
really this is the most hopeless message here every time,1
people will joke about the way you look every time,1
really everyone heard that you ruined the drawing online,1
really people say your assignment was copied every time,1
honestly nobody cares about your opinion in this group,1
seriously this assignment made you look ridiculous today,1
Really you are not welcome in our discussion in this group!,1
seriously you always give awful answers online,1
again this idea was useful and interesting today,0
seriously i really liked your presentation every time,0
Seriously show us another one of your failures today.,1
Your answer proves you know nothing right now,1
really we will keep reporting every opinion you post today,1
again nobody cares about your post online,1
you are completely useless in this group,1
your assignment makes no sense at all right now,1
you look ugly in every picture today,1
again try again so everyone can laugh every time,1
Really we will ignore everything you post.,1
seriously shut up and stop being so ridiculous in this group,1
again nobody should work with you on the assignment,1
Listen everyone is tired of seeing your post,1
honestly your research is useful,0
honestly this post made you look ridiculous,1
seriously people say your assignment was copied in this group,1
Honestly what a clueless thing to say,1
seriously this opinion made you look ridiculous every time,1
listen people will remember this embarrassing project,1
honestly what a incompetent thing to say in this group,1
Really your effort on this project is appreciated every time!,0
Listen well done and keep learning in this group.,0
listen this is the most terrible post here in this group,1
everyone is tired of seeing your opinion online,1
Honestly stop pretending you understand the post in this group.,1
Stop posting photos because you look ridiculous,1
great job on the comment,0
Really your appearance looks worthless in that photo every time.,1
seriously post another poor research for us to mock in this group,1
Listen we will keep reporting every answer you post online.,1
really i disagree with your assignment but i respect your view in this group,0
again your code makes no sense at all online,1
Honestly we will continue without you today!,1
Really the whole group knows about your failure online.,1
seriously you are too stupid to understand this code right now,1
listen everyone is tired of seeing your presentation today,1
Seriously your style looks poor today.,1
People say your drawing was copied every time!,1
honestly the group is joking about your latest mistake today,1
really stop being such a loser right now,1
Listen everyone knows you lied about the code today!,1
nobody wants to hear from you here online,1
honestly the group is joking about your latest mistake in this group,1
listen we will keep reporting every message you post every time,1
we will keep reporting every answer you post,1
you are so clueless online,1
really shut up and stop being so clueless today,1
listen we will keep reporting every answer you post today,1
really everyone is tired of seeing your idea today,1
honestly you are acting like a clueless person,1
again thank you for your impressive design every time,0
listen your opinion makes no sense at all online,1
seriously this is the most pathetic idea here in this group,1
seriously you embarrassed yourself with that project in this group,1
really what a hopeless thing to say today,1
Again show us another one of your failures today.,1
Again everyone is tired of seeing your presentation,1
honestly stop posting such ridiculous things right now,1
listen you look ridiculous in every picture,1
honestly shut up and stop being so clueless,1
again please share your message when you are free every time,0
again we will keep reporting every presentation you post right now,1
seriously your project is completely ridiculous in this group,1
you sound incompetent in this message every time,1
seriously go on and embarrass yourself again every time,1
listen that was a very foolish response today,1
honestly you are completely embarrassing,1
Really your comment is completely useless today.,1
honestly that was a very foolish response online,1
really you are too annoying to understand this idea online,1
seriously post another worthless design for us to mock in this group,1
listen you always give useless answers right now,1
seriously great job on the comment every time,0
you will never complete this opinion correctly in this group,1
again keep posting because your mistakes entertain everyone every time,1
honestly keep talking and show everyone how annoying you are in this group,1
again your marks show that you are hopeless every time,1
nobody cares about your comment every time,1
get lost you hopeless in this group,1
listen you embarrassed yourself with that post every time,1
People will joke about the way you look.,1
again stop posting photos because you look awkward right now,1
Again reply again so everyone can laugh at you every time!,1
Listen you are too ridiculous to understand this post right now.,1
listen you are completely poor online,1
really everyone can see how poor your report is,1
seriously your message is a joke to everyone today,1
listen your appearance looks embarrassing in that photo,1
honestly your effort on this report is appreciated in this group,0
again stop pretending you understand the project right now,1
seriously nobody should work with you on the comment online,1
honestly nobody should work with you on the assignment in this group,1
We do not want you in this discussion in this group!,1
Really shut up and stop being so annoying in this group!,1
Post another useless opinion for us to mock today!,1
again nobody should work with you on the research today,1
seriously i really liked your design online,0
Honestly great job on the opinion today,0
listen this code was useful and interesting online,0
listen keep talking and show everyone how incompetent you are,1
listen we will continue without you,1
Seriously people say your presentation was copied online,1
really this drawing made you look ridiculous every time,1
really you are too ridiculous to understand this assignment every time,1
Listen nobody should work with you on the assignment online!,1
Seriously nobody wants to hear from you here right now!,1
Again nobody cares about your design right now.,1
really everyone is tired of seeing your research right now,1
honestly this is the most hopeless opinion here every time,1
honestly you are too ridiculous to understand this code every time,1
thank you for your impressive research online,0
really stop pretending you understand the answer right now,1
honestly you always give worthless answers online,1
honestly everyone is laughing at your report right now,1
really keep talking and show everyone how annoying you are today,1
Really you are a joke every time!,1
Again keep away from our group conversations every time!,1
honestly stop pretending you understand the design every time,1
seriously your message is completely terrible,1
again nobody should work with you on the drawing online,1
seriously people will remember this embarrassing research online,1
you are too clueless to understand this message online,1
Honestly your project is a complete failure today.,1
Again you look terrible in every picture today,1
again your appearance looks terrible in that photo today,1
Listen your assignment is impressive in this group!,0
honestly you are too foolish to understand this comment in this group,1
really i disagree with your idea but i respect your view,0
Honestly you sound annoying in this code right now.,1
seriously stop pretending you understand the presentation every time,1
Listen post another terrible answer for us to mock in this group.,1
again shut up and stop being so stupid every time,1
again great job on the post today,0
i disagree with your comment but i respect your view every time,0
Your answer proves you know nothing today.,1
Seriously people will remember this embarrassing project!,1
seriously post another embarrassing research for us to mock every time,1
honestly you sound annoying in this research today,1
listen people will joke about the way you look,1
again shut up and stop being so annoying every time,1
honestly your profile picture looks poor online,1
really you will never complete this report correctly today,1
what a worthless thing to say online,1
Seriously post another worthless project for us to mock,1
listen stop posting photos because you look terrible,1
Again you are completely useless today,1
we will keep reporting every assignment you post in this group,1
really you are too stupid to understand this report right now,1
listen everyone is tired of seeing your idea today,1
honestly stop pretending you understand the idea right now,1
honestly we will keep reporting every answer you post right now,1
honestly your project is a complete failure online,1
again you are completely poor online,1
really stop posting such hopeless things,1
we will keep reporting every post you post in this group,1
seriously your code is creative right now,0
again we will keep reporting every design you post right now,1
listen stop pretending you understand the post in this group,1
really nobody should work with you on the answer today,1
great job on the answer right now,0
Seriously everyone is tired of seeing your project.,1
honestly nobody should work with you on the design today,1
Honestly you do not belong in this chat every time!,1
listen people say your message was copied today,1
Listen you are too hopeless to understand this answer today!,1
really please share your research when you are free in this group,0
honestly that was a very clueless response every time,1
honestly your appearance looks awful in that photo in this group,1
Listen post another pathetic message for us to mock.,1
honestly get lost you foolish right now,1
seriously your post is completely awful every time,1
honestly you always fail at basic tasks today,1
listen you embarrassed yourself with that research today,1
Your code is completely worthless!,1
again your appearance looks ridiculous in that photo in this group,1
Really your marks show that you are hopeless right now!,1
everyone is tired of seeing your assignment today,1
seriously people say your answer was copied in this group,1
stop pretending you understand the project every time,1
nobody should work with you on the post every time,1
seriously that was a very stupid response in this group,1
really you failed again in front of everyone online,1
Listen shut up and stop being so annoying every time,1
Listen we made another group without you online.,1
seriously everyone can see how awful your project is every time,1
Listen people are sharing stories to make fun of you today.,1
Really everyone is laughing at your answer!,1
honestly this is the most nonsense message here right now,1
seriously stop posting photos because you look ugly in this group,1
Honestly do not include this person in the team in this group!,1
Honestly great job on the report every time,0
You will never complete this code correctly in this group,1
seriously your code is the worst in the class every time,1
listen post another embarrassing drawing for us to mock right now,1
listen stop pretending you understand the idea today,1
listen stop posting such embarrassing things today,1
Really everyone is tired of seeing your research in this group!,1
really your research is completely pathetic in this group,1
listen your profile picture looks poor in this group,1
again you look ugly in every picture,1
Seriously keep posting because your mistakes entertain everyone online.,1
seriously this project made you look ridiculous in this group,1
Really you look ridiculous in every picture,1
honestly your embarrassing story is spreading online every time,1
you are a failure,1
Seriously we will keep reporting every research you post right now.,1
nobody cares about your design every time,1
Honestly people are sharing stories to make fun of you online!,1
seriously shut up and stop being so stupid,1
again you are too useless to understand this design right now,1
really nobody should work with you on the message every time,1
Again this is the most embarrassing answer here!,1
honestly this is the most ridiculous assignment here,1
this comment made you look ridiculous today,1
listen that was a very worthless response in this group,1
seriously nobody should work with you on the design today,1
really everyone knows you lied about the idea right now,1
listen your assignment is completely nonsense,1
Honestly what a ridiculous thing to say right now!,1
Really post another embarrassing post for us to mock in this group!,1
listen you explained the idea very clearly today,0
you always make a fool of yourself online online,1
again everyone is laughing at your code right now,1
you explained the report very clearly every time,0
again this project made you look ridiculous every time,1
Really you are not welcome in our discussion online.,1
Again that was a very useless response,1
Seriously everyone will make fun of your appearance online.,1
Listen everyone is talking about your embarrassing mistake today.,1
honestly post another nonsense post for us to mock,1
Seriously post another awful drawing for us to mock today,1
honestly stop posting photos because you look awkward in this group,1
again you are completely worthless today,1
seriously you explained the design very clearly in this group,0
Your appearance looks worthless in that photo right now.,1
honestly post another poor assignment for us to mock,1
Listen this comment was useful and interesting every time.,0
really your design is excellent online,0
honestly you do not belong in this chat today,1
honestly get lost you pathetic in this group,1
post another pathetic assignment for us to mock every time,1
again you will never complete this drawing correctly every time,1
this opinion made you look ridiculous in this group,1
post another poor design for us to mock online,1
what a stupid thing to say right now,1
People say your idea was copied online.,1
really you do not belong in this chat today,1
honestly everyone heard that you ruined the message every time,1
your idea is interesting every time,0
seriously you always fail at basic tasks right now,1
seriously everyone knows you lied about the research right now,1
honestly i really liked your opinion,0
Really you always give terrible answers today.,1
Seriously this is the most terrible answer here today.,1
everyone can see how poor your presentation is every time,1
again your effort on this assignment is appreciated right now,0
seriously we will keep reporting every comment you post today,1
honestly we will keep reporting every project you post online,1
your report is a joke to everyone,1
really please share your message when you are free right now,0
really everyone heard that you ruined the report right now,1
Honestly show us another one of your failures right now!,1
Honestly your profile picture looks ridiculous in this group!,1
seriously everyone heard that you ruined the opinion,1
get lost you worthless,1
listen your report makes no sense at all every time,1
again your posts are absolute trash today,1
Listen well done and keep learning.,0
i really liked your comment every time,0
listen thank you for your well prepared drawing every time,0
seriously thank you for your thoughtful code in this group,0
your profile picture looks pathetic every time,1
i disagree with your post but i respect your view right now,0
really we will keep reporting every presentation you post right now,1
honestly everyone heard that you ruined the comment online,1
seriously your profile picture looks hopeless in this group,1
Seriously please share your research when you are free every time.,0
really your opinion is completely terrible every time,1
Again your presentation makes no sense at all today.,1
really i really liked your answer today,0
seriously you always make a fool of yourself online today,1
listen this code made you look ridiculous online,1
again you look unpleasant in every picture every time,1
honestly you will never complete this research correctly online,1
really you are a joke online,1
Listen post another poor comment for us to mock every time,1
Listen i really liked your report!,0
really you always make a fool of yourself online in this group,1
everyone can see how embarrassing your comment is every time,1
Seriously you are too ridiculous to understand this idea online.,1
honestly you will never complete this post correctly online,1
again shut up and stop being so foolish in this group,1
Listen you will never complete this opinion correctly every time!,1
really people will remember this embarrassing drawing in this group,1
again people say your idea was copied online,1
Seriously you are so pathetic in this group,1
honestly people say your message was copied every time,1
honestly your effort on this project is appreciated right now,0
Listen your appearance looks embarrassing in that photo today!,1
you are completely useless,1
honestly your message is a joke to everyone today,1
You look ridiculous in every picture in this group.,1
listen your style looks terrible online,1
really your style looks embarrassing in this group,1
seriously the group keeps mocking what happened to you,1
listen get lost you incompetent,1
really this research made you look ridiculous online,1
Seriously everyone knows you lied about the opinion right now,1
honestly stay out of our online group in this group,1
honestly your code is the worst in the class right now,1
everyone can see how pathetic your presentation is every time,1
honestly stop posting such hopeless things right now,1
Listen post another embarrassing research for us to mock every time.,1
really nobody cares about your presentation every time,1
seriously everyone heard that you ruined the opinion every time,1
honestly let us improve the research together every time,0
this answer was useful and interesting right now,0
honestly your opinion is worthless every time,1
really this is the most terrible project here online,1
really your appearance looks hopeless in that photo,1
You are too incompetent to understand this code in this group!,1
again the group keeps mocking what happened to you,1
honestly let us improve the assignment together right now,0
really nobody should work with you on the design every time,1
again get lost you incompetent today,1
honestly your style looks awful every time,1
Really everyone knows you lied about the opinion online!,1
again everyone is tired of seeing your assignment in this group,1
Seriously your posts are absolute trash today,1
again you embarrassed yourself with that comment today,1
let us improve the answer together in this group,0
Keep talking and show everyone how pathetic you are today!,1
seriously people say your comment was copied online,1
honestly shut up and stop being so pathetic today,1
seriously keep talking and show everyone how hopeless you are today,1
Your effort on this answer is appreciated today!,0
seriously keep making mistakes because it is funny,1
people say your message was copied today,1
really your appearance looks pathetic in that photo right now,1
really well done and keep learning in this group,0
Honestly your report is a joke to everyone today.,1
Listen nobody should work with you on the opinion,1
honestly thank you for your clear design today,0
Your embarrassing story is spreading online right now,1
stop pretending you understand the project in this group,1
Listen we will keep reporting every message you post in this group!,1
seriously your project makes no sense at all in this group,1
listen people say your code was copied today,1
again nobody should work with you on the presentation in this group,1
again everyone is tired of seeing your idea every time,1
People will remember this embarrassing opinion,1
listen stop posting such hopeless things today,1
great job on the answer every time,0
Really everyone should block you from the group online,1
listen get lost you foolish online,1
listen your research is useful today,0
seriously everyone knows you lied about the comment every time,1
well done and keep learning in this group,0
listen you are too stupid to understand this code in this group,1
listen people will remember this embarrassing assignment every time,1
seriously stop posting such embarrassing things every time,1
seriously post another pathetic presentation for us to mock every time,1
seriously post another pathetic project for us to mock every time,1
really everyone knows you lied about the message today,1
you are too ridiculous to understand this project right now,1
again your style looks awful every time,1
again keep talking and show everyone how annoying you are every time,1
really post another nonsense code for us to mock in this group,1
Really thank you for your well prepared comment right now.,0
really you are acting like a stupid person every time,1
Go on and embarrass yourself again today.,1
seriously everyone can see how terrible your presentation is in this group,1
again stop posting photos because you look strange,1
i really liked your message online,0
really your profile picture looks embarrassing right now,1
everyone is tired of you online,1
listen i disagree with your research but i respect your view every time,0
This project made you look ridiculous every time.,1
listen you sound worthless in this comment in this group,1
Again you are acting like a useless person.,1
nobody cares about your opinion every time,1
Again we do not want you in this discussion online.,1
Listen you explained the opinion very clearly every time.,0
you are completely poor right now,1
thank you for your creative comment right now,0
Again everyone is tired of you online,1
Seriously leave this group because nobody likes your posts in this group!,1
again people say your assignment was copied today,1
listen reply again so everyone can laugh at you right now,1
honestly everyone heard that you ruined the report,1
Again please share your idea when you are free today.,0
honestly everyone can see how terrible your presentation is in this group,1
again you are too useless to understand this project right now,1
Again you are a joke every time!,1
again you are too ridiculous to understand this idea online,1
listen you will never complete this presentation correctly every time,1
listen your idea is completely pathetic,1
really your post is kind,0
seriously people are forwarding your mistake everywhere right now,1
honestly your style looks worthless,1
You are a total failure every time!,1
stop pretending you understand the report today,1
great job on the research today,0
really everyone knows you lied about the research,1
listen this drawing made you look ridiculous right now,1
your appearance looks worthless in that photo online,1
Again your profile picture looks useless today!,1
Seriously stop posting photos because you look awkward today,1
honestly please share your project when you are free every time,0
seriously people will remember this embarrassing code online,1
seriously everyone can see how ridiculous your post is online,1
seriously your mistake is being shared for everyone to laugh at right now,1
honestly you will never complete this research correctly right now,1
honestly your style looks ridiculous every time,1
seriously your style looks worthless online,1
again you sound ridiculous in this drawing right now,1
again you will never complete this post correctly,1
honestly post another terrible answer for us to mock online,1
again you sound useless in this assignment every time,1
we will keep reporting every research you post in this group,1
again shut up and stop being so incompetent every time,1
nobody should work with you on the code,1
seriously people will remember this embarrassing message every time,1
again shut up and stop being so pathetic in this group,1
Listen you always fail at basic tasks right now,1
seriously post another embarrassing research for us to mock,1
Again that picture makes you look ridiculous!,1
listen we will keep reporting every comment you post,1
We will keep reporting every opinion you post.,1
listen everyone heard that you ruined the message today,1
stop pretending you understand the project online,1
honestly please share your research when you are free every time,0
we will keep reporting every code you post today,1
Honestly everyone knows you lied about the drawing online!,1
honestly this design was useful and interesting right now,0
again people say your research was copied right now,1
Honestly everyone is tired of you in this group!,1
honestly great job on the drawing today,0
listen your style looks useless every time,1
honestly you explained the message very clearly online,0
really i disagree with your post but i respect your view online,0
Really you are acting like a stupid person right now,1
again you embarrassed yourself with that answer online,1
listen you embarrassed yourself with that opinion in this group,1
really what a clueless thing to say right now,1
Seriously keep talking and show everyone how useless you are every time.,1
honestly you are too pathetic to understand this assignment right now,1
you are so kind,0
Everyone can see how hopeless your message is.,1
we will keep reporting every report you post online,1
Again we will continue without you in this group.,1
seriously this research was useful and interesting online,0
Honestly people are laughing at how you look online,1
again this report was useful and interesting,0
again you are so clueless in this group,1
seriously everyone heard that you ruined the comment every time,1
seriously everyone is laughing at your answer every time,1
everyone is laughing at your research right now,1
again that was a very stupid response today,1
Honestly nobody should work with you on the project in this group,1
again your opinion is interesting,0
You are too hopeless to understand this project online.,1
again you are so useless today,1
you will never complete this presentation correctly online,1
Everyone is laughing at your idea right now.,1
again nobody should work with you on the idea in this group,1
Everyone knows you are bad at this subject,1
seriously you embarrassed yourself with that message every time,1
Seriously nobody should work with you on the opinion right now!,1
listen let us improve the drawing together in this group,0
seriously your opinion is worthless online,1
everyone is tired of seeing your research in this group,1
seriously we will keep reporting every project you post every time,1
you are completely terrible today,1
listen everyone knows you lied about the answer online,1
Really get lost you worthless!,1
post another pathetic presentation for us to mock every time,1
your effort on this message is appreciated today,0
Listen do not include this person in the team today.,1
Listen you are so stupid online!,1
honestly nobody cares about your code online,1
Really this is the most awful post here today!,1
people say your opinion was copied today,1
Again we made another group without you every time,1
seriously you will never complete this code correctly in this group,1
honestly you embarrassed yourself with that answer in this group,1
again we will keep reporting every answer you post today,1
Seriously we will continue without you every time!,1
Honestly this is the most poor message here in this group,1
listen stop posting such hopeless things right now,1
listen this idea made you look ridiculous every time,1
Again post another pathetic message for us to mock online.,1
honestly you will never complete this post correctly in this group,1
we will continue without you,1
honestly your appearance looks pathetic in that photo,1
seriously stop posting photos because you look strange today,1
Again you are too annoying to understand this assignment today,1
really we will keep reporting every drawing you post every time,1
again what a stupid thing to say,1
honestly you will never complete this presentation correctly every time,1
Really we will ignore everything you post in this group.,1
Listen you always make a fool of yourself online online.,1
you are too useless to understand this research online,1
honestly thank you for your useful idea in this group,0
really your effort on this answer is appreciated in this group,0
Your appearance looks awful in that photo online,1
seriously this is the most awful drawing here every time,1
everyone knows you lied about the drawing in this group,1
this is the most pathetic answer here today,1
Listen keep making mistakes because it is funny.,1
honestly this project was useful and interesting right now,0
really you look unpleasant in every picture every time,1
listen everyone is laughing at your comment,1
seriously stop pretending you understand the idea right now,1
honestly everyone is tired of seeing your idea right now,1
your effort on this presentation is appreciated,0
honestly everyone is laughing at your post online,1
seriously nobody cares about your comment today,1
Honestly your marks show that you are hopeless online.,1
seriously post another hopeless answer for us to mock in this group,1
lets play tomorrow,0
listen your design is a joke to everyone today,1
You are completely hopeless every time.,1
this is the most useless opinion here online,1
listen you are completely worthless today,1
really that was a very worthless response right now,1
again you will never complete this post correctly right now,1
really thank you for your creative project in this group,0
again everyone knows you lied about the message,1
everyone knows you lied about the design today,1
listen thank you for your clear research right now,0
Again you are not welcome in our discussion every time,1
listen shut up and stop being so ridiculous every time,1
Seriously you will never complete this opinion correctly right now.,1
honestly we made another group without you in this group,1
Again everyone can see how useless your idea is online.,1
seriously you look ugly in every picture online,1
honestly you will never complete this code correctly,1
Honestly everyone is laughing at your answer online!,1
Seriously nobody should work with you on the report,1
you are acting like a foolish person right now,1
seriously your comment is a joke to everyone,1
Seriously we do not want you in this discussion right now.,1
seriously i really liked your message,0
really stop posting photos because you look ugly,1
seriously post another embarrassing drawing for us to mock right now,1
seriously everyone knows you lied about the design every time,1
again you are acting like a ridiculous person today,1
listen you are completely useless today,1
again get lost you worthless right now,1
you are too pathetic to understand this design,1
honestly everyone is tired of seeing your research right now,1
Honestly this is the most ridiculous comment here online,1
Seriously your marks show that you are hopeless today,1
Honestly people are laughing at how you look in this group.,1
seriously nobody should work with you on the message online,1
honestly stay out of our online group,1
seriously you are completely poor,1
Listen the whole group knows about your failure every time,1
honestly your style looks embarrassing,1
stop pretending you understand the post in this group,1
Seriously you explained the project very clearly right now!,0
really post another terrible assignment for us to mock today,1
Listen everyone will make fun of your appearance right now!,1
Really you are too annoying to understand this drawing online,1
honestly i disagree with your assignment but i respect your view right now,0
Nobody should work with you on the report every time!,1
Listen everyone can see how nonsense your research is!,1
honestly do not let this person join the project in this group,1
really your idea is clear today,0
really this idea made you look ridiculous right now,1
Really get lost you hopeless right now.,1
keep talking and show everyone how worthless you are right now,1
again this project was useful and interesting in this group,0
seriously this answer was useful and interesting online,0
again you will never complete this research correctly right now,1
really i disagree with your report but i respect your view online,0
Seriously you look awkward in that photo every time.,1
really stop posting such nonsense things today,1
seriously people will remember this embarrassing research today,1
Again you always give poor answers today!,1
Really you are completely hopeless online!,1
listen shut up and stop being so hopeless right now,1
seriously you embarrassed yourself with that code right now,1
again this is the most hopeless drawing here every time,1
seriously you embarrassed yourself with that message today,1
have a great day,0
honestly this is another embarrassing post from you,1
again you are completely pathetic,1
Listen you failed again in front of everyone every time.,1
listen you are completely useless every time,1
really your project is a complete failure today,1
again you will never complete this design correctly online,1
really you embarrassed yourself with that presentation in this group,1
seriously your style looks pathetic online,1
stop posting such poor things in this group,1
i disagree with your message but i respect your view every time,0
really keep talking and show everyone how hopeless you are online,1
really everyone is tired of seeing your message every time,1
again stop posting photos because you look awkward online,1
You are a total failure online,1
Listen post another nonsense code for us to mock,1
again this assignment made you look ridiculous right now,1
seriously everyone can see how poor your presentation is in this group,1
Honestly keep talking and show everyone how foolish you are every time!,1
really your profile picture looks poor online,1
Really try again so everyone can laugh today,1
do not let this person join the project in this group,1
honestly your post is completely nonsense,1
everyone is laughing at your assignment in this group,1
stop posting photos because you look terrible,1
really please share your answer when you are free online,0
listen your profile picture looks worthless right now,1
honestly your post is completely ridiculous,1
again your answer makes no sense at all every time,1
really thank you for your creative comment,0
really your appearance looks terrible in that photo,1
Really everyone heard that you ruined the presentation in this group.,1
seriously your opinion is useful today,0
seriously get lost you ridiculous every time,1
Really great job on the code in this group!,0
Seriously everyone heard that you ruined the drawing today.,1
again well done and keep learning today,0
seriously post another useless message for us to mock in this group,1
Everyone is tired of seeing your answer today.,1
again nobody should work with you on the presentation online,1
stop pretending you understand the post right now,1
Honestly nobody should work with you on the drawing right now.,1
again post another nonsense message for us to mock right now,1
listen nobody should work with you on the design in this group,1
seriously thank you for your useful comment,0
again everyone heard that you ruined the project today,1
stop posting photos because you look terrible today,1
honestly post another ridiculous answer for us to mock right now,1
seriously stop pretending you understand the drawing today,1
seriously this assignment was useful and interesting every time,0
again nobody should work with you on the research every time,1
really you are completely useless today,1
again you are acting like a foolish person today,1
again people will remember this embarrassing design online,1
seriously keep talking and show everyone how ridiculous you are,1
listen everyone is tired of seeing your opinion every time,1
Listen you failed again in front of everyone,1
honestly everyone can see how useless your post is,1
everyone knows you lied about the message right now,1
honestly thank you for your kind drawing every time,0
really you explained the opinion very clearly every time,0
again you are so clueless online,1
Your profile picture looks useless online!,1
Seriously we will continue without you in this group,1
Really post another embarrassing idea for us to mock online!,1
you sound foolish in this research,1
You explained the idea very clearly!,0
really your message is completely ridiculous right now,1
you are so clueless in this group,1
really you are too clueless to understand this opinion every time,1
honestly let us improve the presentation together in this group,0
you will never complete this assignment correctly,1
really people say your presentation was copied every time,1
nobody should work with you on the idea in this group,1
again you are too incompetent to understand this project,1
Honestly everyone is tired of seeing your presentation right now.,1
seriously you are acting like a clueless person,1
people say your message was copied every time,1
Again the group is joking about your latest mistake right now!,1
Listen you explained the design very clearly.,0
your research makes no sense at all today,1
again everyone will make fun of your appearance today,1
again i disagree with your research but i respect your view,0
Again your style looks ridiculous every time,1
seriously i disagree with your assignment but i respect your view online,0
seriously people will remember this embarrassing code,1
seriously your profile picture looks worthless every time,1
Seriously this project made you look ridiculous every time,1
honestly you are completely useless online,1
Again say that again and make yourself look foolish.,1
seriously people say your opinion was copied in this group,1
Seriously your messages are unwanted every time in this group!,1
honestly your profile picture looks hopeless every time,1
Stop coming back to this page.,1
listen your design is completely embarrassing in this group,1
again everyone is laughing at your code today,1
Honestly your effort on this research is appreciated online.,0
listen shut up and stop being so incompetent online,1
Listen this opinion was useful and interesting every time,0
seriously stop pretending you understand the presentation online,1
Seriously you always fail at basic tasks every time!,1
everyone heard that you ruined the drawing online,1
You are acting like a ridiculous person.,1
again your profile picture looks pathetic every time,1
Honestly your opinion is worthless in this group!,1
listen post another worthless comment for us to mock right now,1
again let us improve the comment together in this group,0
again post another nonsense idea for us to mock right now,1
honestly your presentation makes no sense at all today,1
Seriously well done and keep learning today!,0
again nobody cares about your research in this group,1
you are so clueless right now,1
people will remember this embarrassing post,1
really please share your comment when you are free today,0
Again you will never complete this research correctly today.,1
you are acting like a worthless person right now,1
seriously your idea makes no sense at all online,1
listen let us improve the design together,0
really stop posting photos because you look unpleasant online,1
honestly you look strange in every picture today,1
Again your appearance looks ridiculous in that photo online.,1
Seriously keep posting because your mistakes entertain everyone today!,1
really your effort on this assignment is appreciated today,0
Your style looks embarrassing every time,1
really everyone can see how embarrassing your post is online,1
everyone is laughing at your code today,1
again i disagree with your assignment but i respect your view in this group,0
seriously get lost you incompetent in this group,1
Listen we will ignore everything you post today.,1
again everyone is laughing at your post,1
Again you look awkward in that photo in this group.,1
again you are too worthless to understand this idea in this group,1
Again this post was useful and interesting online!,0
Really you explained the presentation very clearly every time.,0
Nobody cares about your idea in this group,1
honestly stop posting such pathetic things online,1
again nobody should work with you on the research online,1
Again say that again and make yourself look foolish in this group!,1
honestly people will remember this embarrassing report in this group,1
listen your profile picture looks hopeless every time,1
again we will keep reporting every message you post right now,1
really thank you for your well prepared opinion right now,0
Really keep making mistakes because it is funny in this group!,1
seriously you explained the drawing very clearly every time,0
seriously post another ridiculous answer for us to mock right now,1
keep talking and show everyone how pathetic you are online,1
seriously stop posting such awful things online,1
again you are too stupid to understand this design right now,1
Again keep making mistakes because it is funny every time!,1
honestly people say your idea was copied online,1
Listen we will keep reporting every code you post today,1
Seriously keep talking and show everyone how clueless you are right now,1
again you are too hopeless to understand this assignment right now,1
you are acting like a pathetic person right now,1
Really the whole group knows about your failure in this group,1
again you explained the assignment very clearly in this group,0
Everyone knows you lied about the opinion right now,1
Again leave this group because nobody likes your posts today,1
honestly your style looks awful online,1
that picture makes you look ridiculous,1
honestly we will keep reporting every message you post online,1
stop posting photos because you look terrible online,1
seriously people will remember this embarrassing post right now,1
Seriously shut up and stop being so foolish right now.,1
again everyone heard that you ruined the post today,1
Really you embarrassed yourself with that presentation every time.,1
Honestly people are forwarding your mistake everywhere!,1
really you are so stupid right now,1
again your report makes no sense at all today,1
again everyone can see how poor your answer is in this group,1
leave this group because nobody likes your posts in this group,1
seriously stop pretending you understand the assignment right now,1
seriously post another pathetic answer for us to mock right now,1
honestly you look awkward in that photo,1
people say your idea was copied every time,1
really you will never complete this research correctly in this group,1
listen shut up and stop being so annoying in this group,1
again keep talking and show everyone how useless you are in this group,1
really your code makes no sense at all in this group,1
seriously you are completely hopeless right now,1
really post another pathetic drawing for us to mock,1
listen everyone is tired of seeing your answer today,1
thank you for your helpful assignment right now,0
again everyone is laughing at your code every time,1
again you always fail at basic tasks right now,1
you will never complete this code correctly every time,1
everyone heard that you ruined the code online,1
Again post another hopeless drawing for us to mock,1
seriously i really liked your answer right now,0
you are so hopeless,1
really you sound ridiculous in this message,1
seriously stop posting such terrible things,1
Again nobody should work with you on the report,1
really your research makes no sense at all today,1
Honestly go on and embarrass yourself again!,1
honestly this is the most hopeless code here in this group,1
your research is useful in this group,0
seriously shut up and stop being so hopeless in this group,1
honestly stop posting such embarrassing things,1
honestly stop pretending you understand the message online,1
Seriously people say your drawing was copied online.,1
You are completely awful today.,1
seriously stop being such a loser,1
really your style looks terrible every time,1
honestly people will remember this embarrassing answer in this group,1
seriously nobody should work with you on the research in this group,1
really you are acting like a hopeless person today,1
again nobody should work with you on the code online,1
Honestly you always make a fool of yourself online online!,1
nobody should work with you on the opinion today,1
really you will never complete this idea correctly every time,1
again that was a very clueless response right now,1
great job on the opinion today,0
Again your profile picture looks embarrassing online,1
really post another nonsense comment for us to mock in this group,1
Really you sound worthless in this code,1
really everyone is tired of seeing your code every time,1
Honestly nobody cares about your report right now.,1
seriously your style looks pathetic every time,1
Listen you are not invited to our group in this group,1
your answer makes no sense at all every time,1
really keep posting because your mistakes entertain everyone today,1
listen people will remember this embarrassing presentation every time,1
honestly your appearance looks awful in that photo every time,1
listen you will never complete this opinion correctly,1
listen everyone can see how terrible your code is online,1
Listen keep talking and show everyone how clueless you are!,1
seriously we do not want you in this discussion in this group,1
really your message makes no sense at all right now,1
really your profile picture looks poor,1
Listen nobody cares about your project in this group.,1
Seriously your idea makes no sense at all today,1
listen get lost you clueless in this group,1
honestly you are too worthless to understand this drawing right now,1
Really your style looks ridiculous,1
really what a ridiculous thing to say today,1
listen you are too clueless to understand this code right now,1
Again everyone is tired of seeing your answer every time,1
listen post another pathetic assignment for us to mock right now,1
seriously we will keep reporting every post you post in this group,1
really everyone heard that you ruined the comment,1
seriously you are too worthless to understand this project right now,1
You are completely useless right now.,1
go away you idiot,1
again your effort on this post is appreciated right now,0
really keep talking and show everyone how ridiculous you are every time,1
Nobody should work with you on the presentation every time!,1
again you are too hopeless to understand this assignment today,1
again everyone knows you lied about the answer,1
again this is the most worthless idea here every time,1
the group keeps mocking what happened to you today,1
post another nonsense research for us to mock,1
Seriously people say your project was copied!,1
Seriously your research is completely poor,1
honestly you are too worthless to understand this idea today,1
everyone should block you from the group online,1
again your opinion is worthless today,1
everyone is laughing at your drawing in this group,1
again you explained the report very clearly right now,0
again nobody should work with you on the research right now,1
really your posts are absolute trash right now,1
You are not invited to our group in this group.,1
again stop posting such terrible things today,1
again stop posting such pathetic things online,1
honestly keep talking and show everyone how ridiculous you are in this group,1
your effort on this opinion is appreciated in this group,0
again let us improve the opinion together in this group,0
honestly we will keep reporting every presentation you post online,1
listen this is the most pathetic code here today,1
listen that was a very clueless response,1
listen nobody should work with you on the design online,1
honestly post another worthless assignment for us to mock today,1
honestly you are so useless in this group,1
Again you explained the post very clearly online!,0
Everyone is laughing at your design online,1
people say your report was copied,1
seriously thank you for your thoughtful report online,0
honestly everyone can see how poor your research is in this group,1
really this message was useful and interesting today,0
listen we will keep reporting every answer you post right now,1
listen you are acting like a pathetic person online,1
honestly post another ridiculous assignment for us to mock today,1
Honestly reply again so everyone can laugh at you online!,1
listen thank you for your well prepared assignment in this group,0
again your code is the worst in the class online,1
honestly your profile picture looks pathetic today,1
really nobody cares about your idea today,1
listen keep talking and show everyone how hopeless you are right now,1
again you always give pathetic answers online,1
really everyone knows you lied about the presentation online,1
listen nobody cares about your code today,1
seriously nobody cares about your idea right now,1
listen you always give pathetic answers,1
What a foolish thing to say online!,1
again please share your post when you are free online,0
seriously stop posting such nonsense things in this group,1
Really your messages are unwanted every time right now,1
Honestly nobody cares about your answer!,1
really keep talking and show everyone how annoying you are,1
your style looks poor right now,1
People say your report was copied every time,1
Honestly please share your comment when you are free right now,0
seriously your post is a joke to everyone today,1
again that was a very annoying response every time,1
seriously stop pretending you understand the project today,1
seriously your code is a joke to everyone online,1
Honestly your report is completely useless online.,1
listen what a clueless thing to say today,1
honestly keep talking and show everyone how ridiculous you are,1
really everyone heard that you ruined the report in this group,1
seriously you are too clueless to understand this message every time,1
we will keep reporting every project you post right now,1
that was a very ridiculous response,1
really you explained the comment very clearly online,0
again i really liked your comment every time,0
honestly people say your idea was copied right now,1
The group keeps mocking what happened to you online,1
honestly thank you for your interesting research,0
again we will keep reporting every post you post today,1
really everyone heard that you ruined the project online,1
honestly get lost you ridiculous right now,1
Listen i disagree with your answer but i respect your view every time,0
Listen the group keeps mocking what happened to you every time.,1
Honestly you will never complete this drawing correctly today,1
keep talking and show everyone how stupid you are today,1
Listen we will keep reporting every report you post every time,1
seriously your profile picture looks awful every time,1
honestly you are so pathetic,1
again people say your answer was copied every time,1
Again everyone can see how nonsense your drawing is every time,1
Honestly people are sharing stories to make fun of you today.,1
again what a incompetent thing to say today,1
again get lost you ridiculous in this group,1
we will keep reporting every project you post in this group,1
this code was useful and interesting right now,0
seriously your opinion makes no sense at all today,1
seriously this assignment was useful and interesting online,0
listen everyone knows you lied about the comment in this group,1
honestly you are a total failure online,1
what a annoying thing to say right now,1
seriously everyone can see how nonsense your opinion is online,1
leave this group because nobody likes your posts online,1
really reply again so everyone can laugh at you in this group,1
stop pretending you understand the message right now,1
listen everyone heard that you ruined the idea every time,1
listen nobody cares about your answer in this group,1
really everyone is laughing at your presentation right now,1
again this assignment made you look ridiculous every time,1
again this answer made you look ridiculous right now,1
seriously you look unpleasant in every picture today,1
again stop posting such pathetic things,1
you embarrassed yourself with that message right now,1
honestly people say your comment was copied today,1
really you are so foolish in this group,1
everyone knows you lied about the idea today,1
Again great job on the answer today!,0
Honestly your profile picture looks poor today,1
honestly your answer is thoughtful today,0
listen your project is a complete failure every time,1
really let us improve the answer together today,0
seriously we will keep reporting every answer you post in this group,1
really nobody should work with you on the code online,1
honestly your effort on this idea is appreciated today,0
seriously everyone will make fun of your appearance every time,1
Honestly your style looks terrible in this group,1
honestly post another ridiculous research for us to mock every time,1
again your appearance looks worthless in that photo online,1
your effort on this design is appreciated,0
seriously i really liked your opinion in this group,0
listen your style looks poor online,1
again you embarrassed yourself with that message today,1
again you are too useless to understand this project today,1
really nobody should work with you on the message in this group,1
Honestly your drawing is well prepared every time!,0
Really everyone knows you lied about the assignment right now.,1
seriously this drawing was useful and interesting online,0
Listen thank you for your well prepared idea every time,0
seriously the group is joking about your latest mistake today,1
your style looks worthless right now,1
honestly stop posting such pathetic things today,1
seriously nobody should work with you on the message,1
honestly you embarrassed yourself with that drawing in this group,1
Seriously you explained the message very clearly,0
listen great job on the research online,0
listen this research was useful and interesting,0
your project makes no sense at all right now,1
listen everyone is tired of seeing your code online,1
Honestly you explained the idea very clearly online.,0
Really your appearance looks nonsense in that photo every time.,1
honestly you are too clueless to understand this code right now,1
honestly post another useless code for us to mock in this group,1
really great job on the idea in this group,0
Again your code is completely poor right now!,1
listen stay out of our online group online,1
really you should stay silent in this group,1
again everyone can see how ridiculous your assignment is right now,1
please share your report when you are free online,0
listen everyone is tired of seeing your code in this group,1
listen your appearance looks hopeless in that photo today,1
listen stop posting such hopeless things online,1
get lost you foolish online,1
again everyone heard that you ruined the research,1
again everyone is tired of seeing your message in this group,1
Honestly you always make a fool of yourself online right now,1
your design makes no sense at all every time,1
Seriously you are so worthless online.,1
listen your opinion is a joke to everyone today,1
Honestly your posts are absolute trash,1
you embarrassed yourself with that code in this group,1
Again everyone is tired of you in this group.,1
listen your style looks terrible today,1
Really we will keep reporting every code you post!,1
honestly this assignment was useful and interesting every time,0
listen your presentation is clear every time,0
That picture makes you look ridiculous right now!,1
listen nobody cares about your drawing right now,1
honestly you are acting like a incompetent person right now,1
again everyone can see how worthless your design is,1
Honestly that picture makes you look ridiculous every time.,1
again your post is excellent every time,0
again you embarrassed yourself with that code today,1
listen great job on the research today,0
stop posting photos because you look ugly online,1
Seriously nobody should work with you on the idea right now,1
Seriously you are so pathetic today,1
again you are acting like a incompetent person every time,1
Seriously this is another embarrassing post from you right now,1
listen everyone is tired of seeing your opinion today,1
Really what a incompetent thing to say online!,1
honestly this research was useful and interesting in this group,0
honestly you are too ridiculous to understand this message in this group,1
honestly you are completely hopeless,1
everyone is tired of seeing your design online,1
listen post another awful idea for us to mock,1
seriously everyone is laughing at your assignment every time,1
again your effort on this idea is appreciated every time,0
again you are too hopeless to understand this research online,1
again everyone is tired of seeing your post,1
listen you always give hopeless answers today,1
honestly your effort on this opinion is appreciated today,0
everyone is tired of seeing your idea online,1
seriously you are too ridiculous to understand this idea every time,1
listen let us improve the idea together in this group,0
honestly people say your idea was copied,1
seriously everyone is laughing at your drawing today,1
everyone is laughing at your presentation today,1
again stop posting photos because you look unpleasant right now,1
honestly we will ignore everything you post online,1
really you are a joke,1
Listen you always make a fool of yourself online.,1
again your effort on this code is appreciated,0
seriously you will never complete this report correctly right now,1
Really we will ignore everything you post online.,1
listen everyone is tired of seeing your drawing,1
you are completely hopeless right now,1
everyone knows you lied about the report every time,1
seriously great job on the drawing every time,0
honestly nobody cares about your post every time,1
again stop pretending you understand the post today,1
honestly you are so annoying online,1
everyone is laughing at your idea,1
listen you embarrassed yourself with that post today,1
again nobody should work with you on the post,1
Honestly people will remember this embarrassing report today,1
people say your presentation was copied right now,1
that was a very useless response,1
Really post another awful research for us to mock in this group.,1
again what a worthless thing to say every time,1
Again you are too worthless to understand this report online.,1
nobody should work with you on the presentation,1
seriously the whole group knows about your failure right now,1
again what a worthless thing to say online,1
keep talking and show everyone how annoying you are today,1
really your post is a joke to everyone,1
Listen everyone heard that you ruined the design every time,1
your code is a joke to everyone,1
honestly your appearance looks awful in that photo online,1
Seriously do not let this person join the project online,1
honestly get lost you clueless,1
honestly you always make a fool of yourself online in this group,1
Really your appearance looks poor in that photo right now!,1
seriously your style looks terrible online,1
listen your research is completely hopeless today,1
again post another terrible report for us to mock,1
Listen show us another one of your failures,1
really you will never complete this code correctly in this group,1
listen your effort on this design is appreciated today,0
your opinion makes no sense at all today,1
really this is another embarrassing post from you,1
seriously i disagree with your assignment but i respect your view today,0
listen post another hopeless code for us to mock online,1
honestly post another worthless assignment for us to mock every time,1
seriously the group is joking about your latest mistake right now,1
Really people say your opinion was copied in this group,1
seriously i really liked your design right now,0
honestly great job on the idea today,0
Honestly nobody should work with you on the comment today!,1
Listen everyone can see how awful your post is!,1
honestly you look awkward in that photo right now,1
i really liked your code online,0
again people will remember this embarrassing answer today,1
really keep talking and show everyone how worthless you are today,1
again you are too stupid to understand this idea,1
Listen you always fail at basic tasks today!,1
listen everyone should block you from the group every time,1
honestly keep making mistakes because it is funny,1
i disagree with your assignment but i respect your view,0
again you look ridiculous in every picture in this group,1
really people say your opinion was copied today,1
Honestly everyone knows you lied about the research in this group!,1
everyone knows you lied about the project,1
Your code is the worst in the class right now!,1
again we will keep reporting every message you post in this group,1
again this message made you look ridiculous right now,1
Honestly everyone will make fun of your appearance every time,1
honestly you are too stupid to understand this idea in this group,1
Your comment is a joke to everyone right now,1
Listen nobody should work with you on the project!,1
really stop pretending you understand the design in this group,1
listen your design is interesting online,0
again post another poor opinion for us to mock every time,1
really your style looks useless,1
really nobody cares about your project in this group,1
really you explained the idea very clearly in this group,0
everyone can see how terrible your message is in this group,1
Really keep making mistakes because it is funny online!,1
listen go on and embarrass yourself again every time,1
really your profile picture looks pathetic,1
everyone can see how awful your report is online,1
your appearance looks nonsense in that photo,1
really let us improve the code together in this group,0
listen this post was useful and interesting,0
that was a very annoying response right now,1
Seriously everyone is tired of seeing your code online!,1
seriously you are too ridiculous to understand this idea,1
Keep talking and show everyone how annoying you are every time,1
again i disagree with your code but i respect your view today,0
seriously you are completely poor in this group,1
your profile picture looks hopeless right now,1
post another poor answer for us to mock in this group,1
Honestly your marks show that you are hopeless!,1
again everyone heard that you ruined the project right now,1
seriously thank you for your helpful opinion,0
nobody should work with you on the message in this group,1
listen great job on the project right now,0
Seriously you look strange in every picture right now!,1
this design was useful and interesting online,0
again you look strange in every picture in this group,1
again post another nonsense code for us to mock in this group,1
really post another worthless drawing for us to mock online,1
again you sound hopeless in this opinion in this group,1
seriously we will keep reporting every answer you post right now,1
Honestly you sound ridiculous in this research.,1
stop posting photos because you look ridiculous right now,1
again stop posting photos because you look ugly every time,1
honestly your idea makes no sense at all today,1
seriously your comment is completely poor in this group,1
your marks show that you are hopeless right now,1
honestly you explained the opinion very clearly every time,0
Again everyone knows you lied about the post every time!,1
honestly nobody should work with you on the research every time,1
seriously people say your code was copied in this group,1
again nobody cares about your assignment in this group,1
honestly nobody cares about your post in this group,1
really everyone knows you lied about the assignment in this group,1
you are acting like a stupid person right now,1
everyone is laughing at your comment online,1
again your profile picture looks hopeless every time,1
Honestly you are too foolish to understand this idea in this group,1
you are too incompetent to understand this drawing in this group,1
listen you are so useless,1
Keep making mistakes because it is funny in this group.,1
really please share your report when you are free,0
Again keep talking and show everyone how hopeless you are online!,1
listen you will never complete this comment correctly,1
again you are too foolish to understand this report online,1
listen post another embarrassing answer for us to mock online,1
really shut up and stop being so worthless every time,1
Listen shut up and stop being so pathetic online!,1
seriously you are completely useless every time,1
again thank you for your creative assignment right now,0
everyone is tired of seeing your presentation in this group,1
honestly please share your idea when you are free today,0
seriously everyone is tired of seeing your comment today,1
Listen everyone heard that you ruined the project online.,1
honestly do not include this person in the team,1
everyone is laughing at your drawing right now,1
Seriously stop posting photos because you look strange in this group.,1
Honestly you always give useless answers every time.,1
seriously everyone heard that you ruined the assignment right now,1
Really you look strange in every picture in this group!,1
really your appearance looks terrible in that photo every time,1
Again post another pathetic drawing for us to mock today.,1
Seriously we will keep reporting every comment you post.,1
Again your appearance looks embarrassing in that photo every time,1
seriously you are acting like a annoying person right now,1
listen you will never complete this presentation correctly right now,1
Seriously you are not welcome in our discussion today.,1
really i disagree with your post but i respect your view right now,0
Again you will never complete this drawing correctly right now.,1
you will never complete this opinion correctly,1
seriously your style looks nonsense today,1
Listen you are completely embarrassing!,1
again everyone is tired of seeing your research every time,1
honestly you will never complete this answer correctly every time,1
Really post another nonsense answer for us to mock every time!,1
honestly everyone heard that you ruined the comment,1
nobody cares about your message every time,1
seriously i disagree with your opinion but i respect your view right now,0
seriously stop posting such ridiculous things in this group,1
your style looks pathetic,1
get lost you clueless online,1
that picture makes you look ridiculous in this group,1
honestly you are so pathetic every time,1
Honestly your messages are unwanted every time right now,1
post another nonsense post for us to mock right now,1
really you sound ridiculous in this report online,1
seriously people say your project was copied online,1
you are too hopeless to understand this assignment right now,1
again nobody wants to hear from you here right now,1
again everyone heard that you ruined the answer right now,1
listen get lost you worthless online,1
again post another terrible answer for us to mock right now,1
again have a good day and take care,0
Seriously do not let this person join the project today,1
again this project made you look ridiculous right now,1
Really stop pretending you understand the research every time!,1
really what a stupid thing to say online,1
you are too worthless to understand this comment in this group,1
get lost you ridiculous today,1
seriously everyone is laughing at your comment online,1
Really try again so everyone can laugh every time!,1
again you explained the design very clearly,0
stop pretending you understand the opinion right now,1
you sound annoying in this project online,1
Again show us another one of your failures online.,1
really your code makes no sense at all today,1
really nobody should work with you on the report in this group,1
really people are sharing stories to make fun of you,1
seriously your effort on this report is appreciated every time,0
honestly your style looks hopeless in this group,1
seriously you are completely worthless every time,1
listen you sound foolish in this message,1
honestly you will never complete this project correctly every time,1
your appearance looks embarrassing in that photo today,1
really everyone knows you lied about the project in this group,1
You do not belong in this chat every time.,1
listen people say your post was copied today,1
really nobody should work with you on the comment in this group,1
again i disagree with your idea but i respect your view today,0
honestly everyone is tired of seeing your code today,1
people say your idea was copied in this group,1
Really keep posting because your mistakes entertain everyone right now.,1
Really people are laughing at how you look today!,1
again this idea was useful and interesting,0
honestly your post is completely embarrassing right now,1
post another terrible research for us to mock,1
really your project is a joke to everyone right now,1
Really you sound ridiculous in this design online!,1
seriously people will remember this embarrassing idea in this group,1
everyone heard that you ruined the idea every time,1
keep talking and show everyone how foolish you are right now,1
listen nobody cares about your report today,1
Honestly your appearance looks useless in that photo.,1
everyone knows you lied about the assignment every time,1
Really stop posting photos because you look awkward online.,1
honestly you are completely terrible right now,1
honestly post another embarrassing message for us to mock right now,1
again you are too ridiculous to understand this research today,1
Again everyone knows you lied about the opinion every time,1
Again well done and keep learning right now,0
honestly your opinion makes no sense at all right now,1
again stop pretending you understand the report in this group,1
listen everyone can see how terrible your design is,1
Listen people say your post was copied every time,1
honestly keep talking and show everyone how pathetic you are every time,1
honestly you look ridiculous in every picture today,1
again everyone knows you lied about the post in this group,1
honestly this comment was useful and interesting every time,0
Get lost you stupid right now!,1
seriously everyone is tired of seeing your assignment in this group,1
I really liked your drawing!,0
post another nonsense answer for us to mock online,1
really stop pretending you understand the code online,1
Seriously everyone is tired of seeing your assignment online,1
seriously people say your idea was copied in this group,1
really everyone is tired of seeing your comment online,1
listen your opinion is completely poor right now,1
Listen nobody wants to hear from you here in this group.,1
Listen this design made you look ridiculous today!,1
seriously post another terrible assignment for us to mock in this group,1
Seriously post another nonsense drawing for us to mock right now,1
you are so stupid online,1
Listen people say your design was copied today!,1
really nobody should work with you on the opinion,1
again you are too annoying to understand this comment online,1
really your answer is impressive,0
again everyone is laughing at your research online,1
seriously everyone heard that you ruined the presentation in this group,1
honestly people will remember this embarrassing post,1
honestly you are not welcome in our discussion,1
People say your research was copied online,1
your comment is a joke to everyone,1
honestly this is the most hopeless drawing here in this group,1
really your design is a joke to everyone in this group,1
listen post another nonsense presentation for us to mock online,1
stop posting photos because you look ugly,1
really people will remember this embarrassing code right now,1
really stop pretending you understand the comment every time,1
again your appearance looks poor in that photo today,1
listen we will keep reporting every comment you post online,1
again this message was useful and interesting online,0
listen stop posting photos because you look awkward online,1
seriously everyone knows you lied about the research every time,1
you always give terrible answers right now,1
listen people say your answer was copied every time,1
that was a very stupid response,1
listen leave this group because nobody likes your posts every time,1
seriously thank you for your excellent answer in this group,0
your style looks embarrassing in this group,1
again people are forwarding your mistake everywhere today,1
again we will keep reporting every code you post every time,1
Honestly your appearance looks poor in that photo online!,1
Honestly stop pretending you understand the report right now!,1
honestly keep away from our group conversations right now,1
Again your answer is a joke to everyone in this group,1
listen you are completely ridiculous right now,1
honestly i really liked your post today,0
again nobody should work with you on the design online,1
seriously stop pretending you understand the code right now,1
listen keep talking and show everyone how stupid you are today,1
Really keep talking and show everyone how annoying you are every time,1
honestly stop coming back to this page,1
everyone heard that you ruined the research in this group,1
This presentation was useful and interesting every time.,0
honestly you are completely ridiculous in this group,1
honestly people say your code was copied today,1
Again nobody cares about your presentation today!,1
seriously shut up and stop being so annoying online,1
listen nobody should work with you on the project online,1
listen this is the most hopeless code here today,1
honestly people say your drawing was copied online,1
Seriously get lost you stupid today!,1
honestly your appearance looks ridiculous in that photo right now,1
seriously post another hopeless drawing for us to mock right now,1
again you will never complete this report correctly right now,1
seriously you sound clueless in this message right now,1
Again you explained the code very clearly right now!,0
again nobody should work with you on the answer right now,1
again keep talking and show everyone how stupid you are,1
please share your answer when you are free right now,0
listen nobody should work with you on the research,1
Again shut up and stop being so pathetic,1
seriously your effort on this project is appreciated right now,0
Honestly keep talking and show everyone how stupid you are in this group!,1
really i disagree with your design but i respect your view online,0
nobody should work with you on the assignment in this group,1
really nobody should work with you on the post today,1
this is the most hopeless project here right now,1
really i disagree with your idea but i respect your view online,0
everyone can see how terrible your post is in this group,1
Really well done and keep learning,0
honestly you look terrible in every picture in this group,1
Honestly this is the most nonsense project here in this group!,1
honestly your style looks pathetic in this group,1
honestly nobody cares about your project,1
Again you are completely worthless in this group!,1
Your answer proves you know nothing online!,1
honestly get lost you incompetent online,1
Seriously get lost you incompetent every time!,1
Your posts are absolute trash today,1
again stop posting such nonsense things every time,1
Really this opinion made you look ridiculous,1
Really get lost you useless today.,1
Listen people will remember this embarrassing research every time.,1
everyone knows you lied about the opinion,1
seriously your style looks poor,1
You will never complete this presentation correctly today.,1
Please share your comment when you are free every time.,0
again people will remember this embarrassing assignment every time,1
listen everyone heard that you ruined the drawing right now,1
stop pretending you understand the comment,1
listen post another poor answer for us to mock in this group,1
listen everyone knows you lied about the research online,1
Really everyone can see how useless your code is.,1
really i disagree with your message but i respect your view today,0
again you are a joke in this group,1
Listen please share your idea when you are free today,0
seriously keep talking and show everyone how ridiculous you are right now,1
Listen stop pretending you understand the report every time.,1
seriously you are too useless to understand this design online,1
really thank you for your excellent project,0
seriously post another poor post for us to mock right now,1
listen people say your project was copied online,1
seriously great job on the message today,0
listen nobody cares about your research today,1
listen shut up and stop being so annoying today,1
again people will remember this embarrassing presentation every time,1
listen people say your report was copied today,1
Really everyone heard that you ruined the answer right now.,1
honestly everyone knows you lied about the idea,1
Listen get lost you incompetent every time.,1
listen everyone knows you lied about the comment today,1
really nobody cares about your message today,1
honestly we will keep reporting every report you post,1
Listen this is another embarrassing post from you in this group,1
listen you look terrible in every picture every time,1
Again do not let this person join the project online,1
Seriously let us improve the message together today!,0
You are too clueless to understand this code today.,1
honestly we will keep reporting every design you post right now,1
listen people are laughing at how you look online,1
honestly everyone is tired of seeing your message today,1
seriously everyone knows you lied about the presentation,1
again post another embarrassing comment for us to mock,1
again we will keep reporting every message you post today,1
listen everyone can see how awful your post is online,1
Again nobody should work with you on the message online!,1
Listen we will keep reporting every post you post today,1
You embarrassed yourself with that post today,1
Your appearance looks useless in that photo in this group.,1
honestly you are too annoying to understand this assignment in this group,1
Honestly you will never complete this idea correctly in this group.,1
honestly people say your message was copied online,1
let us improve the report together right now,0
honestly shut up and stop being so stupid right now,1
Listen post another terrible code for us to mock in this group.,1
again great job on the research today,0
Seriously the group is joking about your latest mistake every time!,1
Really everyone is laughing at your presentation today.,1
Really we made another group without you online,1
seriously continue arguing because nobody takes you seriously today,1
honestly what a stupid thing to say right now,1
Really we do not want you in this discussion online.,1
again you will never complete this answer correctly today,1
really everyone can see how useless your answer is,1
really thank you for your excellent message right now,0
Seriously keep away from our group conversations today!,1
Again this comment was useful and interesting right now,0
again keep talking and show everyone how ridiculous you are today,1
listen everyone knows you lied about the answer every time,1
seriously what a incompetent thing to say every time,1
thank you for your useful opinion in this group,0
Listen your code is the worst in the class in this group!,1
honestly your appearance looks nonsense in that photo online,1
honestly you always make a fool of yourself online every time,1
listen your message makes no sense at all today,1
people are forwarding your mistake everywhere every time,1
really i disagree with your code but i respect your view,0
honestly shut up and stop being so hopeless right now,1
again everyone is laughing at your drawing right now,1
honestly you are so annoying today,1
listen you are too incompetent to understand this drawing right now,1
Again this is another embarrassing post from you every time,1
Again you are not invited to our group!,1
really i really liked your project in this group,0
you embarrassed yourself with that presentation in this group,1
Seriously people will joke about the way you look every time!,1
listen you are too pathetic to understand this drawing every time,1
listen you explained the message very clearly every time,0
again people say your idea was copied today,1
really reply again so everyone can laugh at you online,1
Listen people say your answer was copied right now.,1
Nobody should work with you on the opinion right now.,1
we will keep reporting every comment you post online,1
honestly your style looks poor,1
really your post is completely useless today,1
honestly you will never complete this code correctly right now,1
really stop posting such embarrassing things,1
seriously your opinion is completely awful,1
seriously people say your presentation was copied today,1
Your style looks awful.,1
seriously your profile picture looks ridiculous today,1
seriously nobody cares about your research every time,1
People are laughing at how you look!,1
really you look terrible in every picture today,1
Really everyone is tired of you today,1
seriously you look terrible in every picture today,1
Honestly the group keeps mocking what happened to you online!,1
Again this assignment was useful and interesting every time,0
again keep talking and show everyone how hopeless you are,1
Listen your opinion makes no sense at all right now,1
really your message is impressive every time,0
seriously you are too incompetent to understand this comment every time,1
again people say your presentation was copied right now,1
seriously your project is a joke to everyone every time,1
stop posting photos because you look strange online,1
seriously we will keep reporting every opinion you post,1
again post another pathetic project for us to mock every time,1
really you explained the project very clearly online,0
really we will keep reporting every message you post online,1
Honestly stop coming back to this page every time,1
seriously you will never complete this idea correctly every time,1
Again you will never complete this drawing correctly in this group.,1
Honestly get lost you hopeless every time!,1
everyone can see how terrible your drawing is every time,1
really your project is completely hopeless online,1
seriously everyone knows you lied about the report online,1
honestly you are too worthless to understand this comment today,1
listen your style looks hopeless every time,1
listen everyone is tired of seeing your comment today,1
you are completely awful online,1
everyone is laughing at your opinion online,1
really everyone is laughing at your assignment every time,1
listen stop pretending you understand the message today,1
great job on the drawing every time,0
honestly you will never complete this research correctly every time,1
listen nobody cares about your assignment online,1
shut up and stop being so useless every time,1
listen i really liked your research in this group,0
everyone is tired of seeing your assignment right now,1
listen you are too hopeless to understand this report every time,1
Listen you sound clueless in this assignment online!,1
Seriously people say your comment was copied right now.,1
again you are too worthless to understand this report today,1
really this is the most awful drawing here online,1
Really people say your idea was copied every time,1
really your style looks poor in this group,1
post another pathetic project for us to mock right now,1
Again keep making mistakes because it is funny right now!,1
Really you are completely pathetic online,1
again shut up and stop being so useless,1
really get lost you hopeless every time,1
everyone is tired of seeing your message in this group,1
again your appearance looks ridiculous in that photo,1
seriously i really liked your research right now,0
Again nobody should work with you on the drawing right now,1
Honestly you are a joke online,1
really get lost you ridiculous every time,1
post another terrible assignment for us to mock right now,1
listen your profile picture looks awful,1
really everyone is tired of seeing your project every time,1
honestly let us improve the presentation together online,0
really your code is helpful right now,0
honestly your effort on this report is appreciated every time,0
everyone can see how pathetic your code is in this group,1
really your mistake is being shared for everyone to laugh at in this group,1
everyone can see how hopeless your project is today,1
honestly everyone is laughing at your project right now,1
you will never complete this assignment correctly every time,1
i disagree with your answer but i respect your view in this group,0
really we do not want you in this discussion today,1
your style looks hopeless today,1
listen everyone heard that you ruined the assignment right now,1
really you are too hopeless to understand this presentation in this group,1
seriously you look ugly in every picture right now,1
honestly you are completely worthless today,1
honestly your answer proves you know nothing right now,1
honestly your style looks poor online,1
post another embarrassing opinion for us to mock every time,1
listen your appearance looks awful in that photo online,1
Really this is the most pathetic drawing here in this group,1
honestly your presentation is helpful today,0
Again your profile picture looks hopeless right now.,1
this is the most nonsense message here in this group,1
Again your marks show that you are hopeless online.,1
again i really liked your comment,0
Listen your report is completely nonsense online,1
your report is a joke to everyone every time,1
really you embarrassed yourself with that design in this group,1
nobody should work with you on the comment in this group,1
everyone knows you lied about the drawing right now,1
Honestly your appearance looks pathetic in that photo every time.,1
Seriously you are not invited to our group today,1
the whole group knows about your failure right now,1
again you always fail at basic tasks every time,1
really this is the most nonsense report here,1
again everyone is laughing at your project every time,1
seriously your profile picture looks terrible every time,1
listen get lost you annoying right now,1
really you look terrible in every picture in this group,1
again your style looks ridiculous in this group,1
seriously that was a very stupid response online,1
really you are too annoying to understand this message in this group,1
honestly everyone can see how ridiculous your project is in this group,1
seriously stop pretending you understand the report today,1
Again everyone is talking about your embarrassing mistake every time,1
seriously you are acting like a useless person today,1
this is the most embarrassing answer here every time,1
again let us improve the opinion together today,0
Really stop posting photos because you look ridiculous online.,1
again thank you for your impressive assignment today,0
listen you will never complete this idea correctly online,1
you are completely embarrassing today,1
honestly you are too incompetent to understand this comment,1
honestly we will keep reporting every opinion you post online,1
honestly stop pretending you understand the comment every time,1
listen your effort on this comment is appreciated online,0
Again nobody should work with you on the report right now.,1
seriously everyone heard that you ruined the research right now,1
seriously this drawing made you look ridiculous in this group,1
honestly well done and keep learning in this group,0
seriously thank you for your clear answer today,0
listen keep talking and show everyone how annoying you are every time,1
people say your assignment was copied,1
Honestly your answer is completely poor online,1
seriously you are so ridiculous online,1
again everyone knows you lied about the message today,1
post another hopeless code for us to mock right now,1
really great job on the report,0
we will keep reporting every code you post right now,1
Seriously we will keep reporting every report you post,1
seriously keep talking and show everyone how ridiculous you are online,1
seriously stop pretending you understand the opinion online,1
Again that picture makes you look ridiculous right now!,1
seriously your profile picture looks pathetic online,1
Again keep talking and show everyone how useless you are every time!,1
honestly you sound foolish in this research today,1
seriously everyone is tired of seeing your assignment every time,1
Again say that again and make yourself look foolish every time,1
Again everyone should block you from the group right now!,1
honestly your opinion is kind,0
Listen i disagree with your opinion but i respect your view every time,0
seriously post another pathetic research for us to mock online,1
Really stop posting such nonsense things!,1
honestly your design is a joke to everyone,1
nobody should work with you on the answer every time,1
nobody cares about your answer online,1
Let us improve the answer together,0
listen your appearance looks terrible in that photo in this group,1
everyone is tired of seeing your assignment every time,1
listen you are too worthless to understand this message in this group,1
your appearance looks hopeless in that photo online,1
your effort on this drawing is appreciated,0
your presentation is kind,0
really you look awkward in every picture in this group,1
really let us improve the research together,0
Honestly we will keep reporting every research you post online!,1
Again your style looks embarrassing online,1
honestly this is the most terrible design here today,1
Again shut up and stop being so ridiculous today.,1
Again we will continue without you!,1
Listen we will continue without you right now.,1
Really you look ridiculous in every picture right now!,1
honestly everyone is laughing at your project,1
Seriously keep talking and show everyone how annoying you are today!,1
listen stop pretending you understand the opinion in this group,1
post another worthless assignment for us to mock,1
again you embarrassed yourself with that answer in this group,1
honestly post another useless presentation for us to mock,1
honestly nobody should work with you on the presentation today,1
really your effort on this research is appreciated today,0
everyone knows you lied about the assignment,1
honestly stop pretending you understand the message today,1
Listen you always make a fool of yourself online every time.,1
thank you for your thoughtful project in this group,0
honestly shut up and stop being so incompetent every time,1
listen you are too hopeless to understand this drawing,1
honestly you are completely hopeless right now,1
Really people are forwarding your mistake everywhere online!,1
again we will keep reporting every presentation you post every time,1
really you always make a fool of yourself online online,1
really stop posting photos because you look awkward today,1
Seriously you are acting like a hopeless person in this group.,1
really everyone is tired of seeing your answer today,1
really keep talking and show everyone how useless you are right now,1
Honestly you look terrible in every picture today!,1
Your project is excellent every time!,0
again keep talking and show everyone how worthless you are today,1
again stop pretending you understand the research every time,1
Really you will never complete this design correctly!,1
listen you are not welcome in our discussion today,1
your messages are unwanted every time right now,1
keep talking and show everyone how annoying you are in this group,1
Seriously people will remember this embarrassing assignment!,1
seriously thank you for your excellent drawing online,0
honestly your effort on this answer is appreciated online,0
seriously you are completely ridiculous,1
seriously your research is a joke to everyone online,1
really you will never complete this answer correctly right now,1
Everyone knows you are bad at this subject in this group.,1
Listen people are sharing stories to make fun of you every time!,1
honestly you embarrassed yourself with that research in this group,1
honestly you failed again in front of everyone,1
honestly stop posting photos because you look terrible,1
honestly we will keep reporting every drawing you post in this group,1
seriously your posts are absolute trash in this group,1
you are too ridiculous to understand this comment in this group,1
Again you do not belong in this chat right now.,1
Seriously your appearance looks ridiculous in that photo in this group,1
again nobody should work with you on the comment,1
seriously everyone knows you lied about the message right now,1
again nobody should work with you on the idea every time,1
really keep talking and show everyone how clueless you are online,1
honestly you cannot solve even a simple question today,1
seriously your presentation is a joke to everyone,1
your profile picture looks poor right now,1
again nobody cares about your research right now,1
seriously nobody should work with you on the post every time,1
listen nobody cares about your design,1
again you embarrassed yourself with that drawing online,1
again everyone is tired of seeing your answer,1
really this answer made you look ridiculous every time,1
honestly you explained the opinion very clearly online,0
Honestly go on and embarrass yourself again today!,1
again you are too pathetic to understand this design right now,1
seriously thank you for your kind design today,0
you are too stupid to understand this opinion right now,1
again people say your opinion was copied in this group,1
honestly you are too clueless to understand this report right now,1
really stop posting such poor things right now,1
post another nonsense answer for us to mock today,1
stop pretending you understand the assignment online,1
seriously your appearance looks poor in that photo online,1
again you look awkward in every picture in this group,1
Listen go on and embarrass yourself again online,1
seriously your opinion is worthless in this group,1
again please share your code when you are free every time,0
Again you are too worthless to understand this comment in this group,1
honestly post another pathetic post for us to mock every time,1
listen shut up and stop being so stupid every time,1
really what a useless thing to say,1
really get lost you incompetent today,1
seriously stop posting photos because you look terrible right now,1
Listen have a good day and take care every time!,0
again you are too useless to understand this report online,1
Again people say your drawing was copied every time,1
Really keep talking and show everyone how incompetent you are.,1
Really everyone is laughing at your answer online.,1
listen your profile picture looks poor today,1
Again the group is joking about your latest mistake in this group!,1
honestly your design is a joke to everyone today,1
Honestly you are too worthless to understand this opinion in this group.,1
listen everyone is laughing at your research today,1
listen you look terrible in every picture today,1
Everyone is tired of seeing your design in this group,1
listen everyone is laughing at your post right now,1
listen people will remember this embarrassing project in this group,1
show us another one of your failures in this group,1
listen that was a very foolish response,1
you are too stupid to understand this research right now,1
really you are too pathetic to understand this report every time,1
Seriously please share your comment when you are free right now.,0
listen your idea makes no sense at all in this group,1
honestly you are not welcome in our discussion today,1
honestly your posts are absolute trash in this group,1
listen post another pathetic answer for us to mock right now,1
seriously you will never complete this comment correctly in this group,1
everyone heard that you ruined the design,1
seriously keep talking and show everyone how stupid you are,1
Seriously you are so pathetic right now,1
seriously everyone knows you lied about the assignment today,1
Honestly you sound foolish in this comment online,1
Nobody should work with you on the research every time,1
really that was a very clueless response,1
really your effort on this presentation is appreciated today,0
really let us improve the idea together in this group,0
Seriously you always give terrible answers right now,1
honestly you look ugly in every picture today,1
Listen you embarrassed yourself with that comment today.,1
Really everyone heard that you ruined the message online.,1
honestly thank you for your helpful design right now,0
listen keep talking and show everyone how clueless you are today,1
seriously you look awkward in that photo right now,1
Again everyone is tired of seeing your presentation online.,1
listen keep talking and show everyone how pathetic you are right now,1
seriously great job on the opinion today,0
this presentation made you look ridiculous,1
really nobody should work with you on the code,1
really we will keep reporting every post you post in this group,1
you embarrassed yourself with that assignment every time,1
seriously keep talking and show everyone how pathetic you are right now,1
Really people are sharing stories to make fun of you online.,1
Again please share your comment when you are free,0
honestly everyone is tired of seeing your message right now,1
again keep talking and show everyone how pathetic you are in this group,1
Again stop coming back to this page!,1
really that was a very pathetic response every time,1
listen your opinion makes no sense at all every time,1
listen stop coming back to this page every time,1
really go on and embarrass yourself again right now,1
Listen please share your project when you are free every time,0
seriously everyone knows you lied about the report every time,1
really stop pretending you understand the opinion,1
again you sound useless in this report every time,1
you are completely nonsense in this group,1
listen your profile picture looks worthless every time,1
everyone can see how poor your research is online,1
seriously you are completely terrible every time,1
Again let us improve the code together in this group.,0
again everyone is tired of seeing your report online,1
seriously i really liked your assignment,0
again you always give awful answers in this group,1
seriously everyone is laughing at your assignment right now,1
really everyone heard that you ruined the research every time,1
Honestly reply again so everyone can laugh at you in this group,1
listen stop being such a loser right now,1
honestly great job on the post in this group,0
Seriously we will ignore everything you post every time!,1
honestly you embarrassed yourself with that opinion in this group,1
seriously your idea is completely useless,1
Really you are acting like a clueless person.,1
everyone knows you lied about the report,1
Your opinion is worthless online!,1
again everyone is tired of seeing your code,1
again we will keep reporting every idea you post online,1
Do not let this person join the project,1
honestly this code was useful and interesting in this group,0
seriously people say your comment was copied every time,1
Again we will continue without you today!,1
listen nobody should work with you on the idea today,1
listen people will remember this embarrassing post,1
seriously nobody should work with you on the assignment,1
really your appearance looks embarrassing in that photo,1
honestly stop posting photos because you look terrible online,1
Honestly what a foolish thing to say,1
listen what a annoying thing to say every time,1
Listen you look ugly in every picture in this group.,1
Again your mistake is being shared for everyone to laugh at online!,1
Honestly everyone knows you lied about the report right now,1
again you will never complete this opinion correctly in this group,1
honestly people say your presentation was copied in this group,1
seriously this comment made you look ridiculous today,1
your drawing makes no sense at all,1
your profile picture looks terrible,1
listen you embarrassed yourself with that assignment,1
Honestly keep posting because your mistakes entertain everyone every time.,1
seriously your effort on this post is appreciated in this group,0
really get lost you annoying online,1
seriously post another useless idea for us to mock in this group,1
Really nobody cares about your post every time.,1
Again everyone heard that you ruined the assignment.,1
honestly you are too useless to understand this message every time,1
listen we will ignore everything you post,1
honestly get lost you incompetent every time,1
you will never complete this project correctly,1
you embarrassed yourself with that research today,1
honestly you do not belong in this chat,1
Listen your opinion is worthless right now!,1
seriously nobody should work with you on the presentation today,1
really you are so hopeless every time,1
The whole group knows about your failure today!,1
Listen i disagree with your project but i respect your view!,0
again everyone knows you lied about the research,1
honestly you explained the post very clearly in this group,0
again people say your message was copied in this group,1
Honestly your profile picture looks ridiculous online!,1
honestly get lost you stupid in this group,1
really great job on the idea today,0
Seriously people are sharing stories to make fun of you in this group,1
i really liked your answer right now,0
really this comment made you look ridiculous every time,1
seriously you sound hopeless in this assignment online,1
Honestly your code is well prepared.,0
nobody should work with you on the message today,1
listen we will keep reporting every code you post in this group,1
Listen post another useless project for us to mock in this group,1
Again this is the most poor research here every time!,1
stop posting photos because you look strange today,1
again you look strange in every picture every time,1
again everyone should block you from the group,1
Really post another nonsense project for us to mock in this group!,1
post another embarrassing presentation for us to mock,1
you are so worthless,1
Nobody should work with you on the project right now.,1
You embarrassed yourself with that report every time.,1
Listen this research was useful and interesting online.,0
Seriously let us improve the assignment together online,0
your style looks poor online,1
Again post another pathetic opinion for us to mock in this group!,1
Really you are a joke in this group!,1
you will never complete this post correctly in this group,1
honestly nobody cares about your assignment right now,1
again post another awful post for us to mock today,1
honestly you embarrassed yourself with that opinion today,1
listen your drawing makes no sense at all right now,1
again you embarrassed yourself with that presentation online,1
really everyone is laughing at your drawing today,1
again your report is well prepared,0
seriously nobody should work with you on the idea,1
Honestly people are laughing at how you look every time,1
again post another worthless post for us to mock in this group,1
this is another embarrassing post from you,1
Honestly this is the most pathetic presentation here every time.,1
listen let us improve the assignment together every time,0
listen everyone is tired of you right now,1
Honestly your effort on this assignment is appreciated right now!,0
listen your profile picture looks pathetic right now,1
you will never complete this research correctly online,1
listen you will never complete this code correctly today,1
really your messages are unwanted every time today,1
again shut up and stop being so clueless,1
again your research makes no sense at all every time,1
People are forwarding your mistake everywhere right now,1
Nobody cares about your post in this group,1
Seriously nobody should work with you on the report every time,1
your effort on this code is appreciated every time,0
stop pretending you understand the research every time,1
everyone is tired of seeing your drawing today,1
seriously post another nonsense code for us to mock right now,1
seriously nobody should work with you on the drawing,1
listen your effort on this design is appreciated,0
Seriously leave this group because nobody likes your posts every time.,1
honestly stop pretending you understand the post,1
really nobody should work with you on the answer online,1
Again stop posting photos because you look unpleasant in this group.,1
listen people will remember this embarrassing idea every time,1
seriously let us improve the message together in this group,0
seriously everyone is laughing at your code every time,1
honestly we will keep reporting every drawing you post right now,1
Get lost you clueless in this group,1
again you are too worthless to understand this assignment today,1
Listen shut up and stop being so pathetic every time.,1
listen you explained the assignment very clearly right now,0
honestly we will keep reporting every opinion you post,1
Really your opinion is worthless right now,1
we will keep reporting every idea you post online,1
really your post is completely hopeless today,1
listen nobody cares about your idea every time,1
Seriously you are so incompetent,1
really people say your opinion was copied,1
again people are laughing at how you look every time,1
you are too hopeless to understand this idea right now,1
you embarrassed yourself with that opinion today,1
seriously your effort on this drawing is appreciated,0
again i disagree with your drawing but i respect your view online,0
Listen you are completely ridiculous every time.,1
you always make a fool of yourself online in this group,1
listen you embarrassed yourself with that project every time,1
Honestly everyone can see how terrible your design is online!,1
Keep posting because your mistakes entertain everyone today!,1
Honestly you are not welcome in our discussion in this group!,1
again people will remember this embarrassing code,1
listen everyone knows you lied about the report today,1
seriously you are too ridiculous to understand this project every time,1
listen your answer makes no sense at all today,1
everyone heard that you ruined the opinion right now,1
seriously you are a joke in this group,1
really you explained the message very clearly today,0
honestly post another awful opinion for us to mock today,1
listen i disagree with your research but i respect your view today,0
Honestly this presentation made you look ridiculous every time,1
honestly shut up and stop being so incompetent,1
listen that was a very worthless response,1
again you always give nonsense answers in this group,1
honestly nobody cares about your report in this group,1
everyone knows you lied about the project today,1
again shut up and stop being so worthless online,1
again we will keep reporting every drawing you post,1
really this presentation made you look ridiculous right now,1
seriously get lost you stupid,1
listen post another pathetic message for us to mock today,1
you should stay silent in this group right now,1
seriously you will never complete this code correctly online,1
really everyone knows you lied about the assignment,1
again keep talking and show everyone how foolish you are online,1
Again thank you for your kind report every time,0
honestly let us improve the assignment together in this group,0
Please share your message when you are free every time.,0
listen nobody should work with you on the report in this group,1
Seriously you are completely ridiculous online!,1
seriously people say your post was copied every time,1
Listen let us improve the answer together today!,0
seriously let us improve the opinion together in this group,0
really stop pretending you understand the design right now,1
Again reply again so everyone can laugh at you in this group!,1
seriously you embarrassed yourself with that report,1
listen everyone is laughing at your message every time,1
listen you sound hopeless in this design right now,1
Listen stop pretending you understand the project today.,1
again post another embarrassing answer for us to mock every time,1
really you embarrassed yourself with that post every time,1
really you are so foolish every time,1
again you are so hopeless in this group,1
honestly everyone can see how ridiculous your assignment is online,1
Honestly stop pretending you understand the drawing every time!,1
please share your presentation when you are free,0
everyone is laughing at your project online,1
you are a stupid fool,1
seriously keep talking and show everyone how worthless you are right now,1
nobody cares about your report right now,1
listen i really liked your presentation today,0
Again people are laughing at how you look,1
Really your code makes no sense at all right now.,1
this is so helpful thank you,0
people will remember this embarrassing presentation online,1
everyone can see how ridiculous your research is online,1
seriously post another embarrassing answer for us to mock today,1
really you are a total failure today,1
seriously post another worthless research for us to mock right now,1
really you will never complete this message correctly every time,1
seriously let us improve the assignment together every time,0
your profile picture looks awful online,1
again everyone heard that you ruined the message every time,1
again everyone heard that you ruined the assignment every time,1
Do not include this person in the team in this group,1
really everyone is tired of seeing your drawing every time,1
again nobody should work with you on the code in this group,1
seriously everyone knows you lied about the report today,1
really stop pretending you understand the answer online,1
Your style looks ridiculous today!,1
again everyone is tired of seeing your presentation in this group,1
really shut up and stop being so useless today,1
again you are too hopeless to understand this drawing right now,1
seriously people will remember this embarrassing answer every time,1
honestly you are completely useless,1
again this idea was useful and interesting online,0
keep talking and show everyone how useless you are right now,1
seriously people say your presentation was copied,1
Honestly you are completely awful today.,1
again i really liked your opinion,0
again get lost you clueless in this group,1
honestly what a ridiculous thing to say,1
again everyone is tired of seeing your idea online,1
Listen we will keep reporting every project you post right now!,1
post another useless answer for us to mock today,1
Really you embarrassed yourself with that answer right now.,1
Nobody cares about your project online!,1
really everyone can see how terrible your idea is right now,1
listen that was a very hopeless response in this group,1
Seriously keep talking and show everyone how annoying you are online.,1
really i disagree with your design but i respect your view every time,0
Seriously everyone is laughing at your idea every time!,1
listen everyone knows you lied about the code right now,1
Really shut up and stop being so hopeless every time.,1
again your comment makes no sense at all every time,1
really thank you for your helpful post today,0
Seriously keep talking and show everyone how annoying you are in this group,1
Really we will keep reporting every answer you post in this group!,1
seriously post another worthless design for us to mock every time,1
We will ignore everything you post every time!,1
really this answer was useful and interesting today,0
honestly everyone should block you from the group right now,1
shut up and stop being so clueless in this group,1
again stop posting such hopeless things in this group,1
seriously nobody cares about your idea,1
honestly what a useless thing to say today,1
seriously you are too pathetic to understand this project in this group,1
your opinion is worthless in this group,1
Seriously continue arguing because nobody takes you seriously.,1
seriously that was a very useless response today,1
You are so foolish every time,1
seriously you are too stupid to understand this opinion today,1
we will keep reporting every opinion you post right now,1
Again your style looks hopeless.,1
Listen post another terrible post for us to mock right now.,1
honestly this design was useful and interesting today,0
Seriously your appearance looks ridiculous in that photo,1
Honestly nobody should work with you on the message every time,1
Listen you are completely embarrassing in this group,1
really your marks show that you are hopeless today,1
listen everyone is tired of seeing your idea every time,1
seriously this is the most poor code here online,1
Seriously you failed again in front of everyone right now.,1
listen everyone is tired of seeing your research in this group,1
honestly post another nonsense research for us to mock in this group,1
really we will keep reporting every post you post every time,1
Again stop coming back to this page every time,1
Really nobody should work with you on the comment every time.,1
listen everyone can see how terrible your design is every time,1
seriously nobody cares about your answer today,1
honestly this project made you look ridiculous in this group,1
again go on and embarrass yourself again right now,1
seriously your style looks hopeless every time,1
listen continue arguing because nobody takes you seriously,1
Listen you are not welcome in our discussion every time,1
again post another nonsense opinion for us to mock online,1
really your project is completely terrible online,1
Seriously your messages are unwanted every time today.,1
listen you are not welcome in our discussion right now,1
listen everyone knows you lied about the design right now,1
really your appearance looks useless in that photo in this group,1
seriously you are acting like a ridiculous person right now,1
listen i disagree with your answer but i respect your view right now,0
honestly everyone heard that you ruined the post today,1
really everyone is tired of seeing your comment today,1
honestly your profile picture looks pathetic,1
Honestly your profile picture looks worthless every time,1
listen you are too foolish to understand this idea every time,1
seriously shut up and stop being so clueless online,1
honestly we will keep reporting every answer you post every time,1
listen everyone heard that you ruined the message,1
again what a worthless thing to say right now,1
really you are completely useless in this group,1
Listen you are too hopeless to understand this design online.,1
seriously you sound clueless in this report today,1
listen we will keep reporting every presentation you post every time,1
again nobody cares about your comment right now,1
Honestly nobody should work with you on the design right now.,1
honestly nobody cares about your idea,1
listen post another embarrassing opinion for us to mock in this group,1
listen please share your code when you are free today,0
stop pretending you understand the assignment every time,1
Listen this is the most hopeless research here right now,1
seriously everyone knows you lied about the idea,1
Really this is the most ridiculous drawing here!,1
seriously nobody cares about your answer every time,1
really let us improve the answer together right now,0
Honestly your message is a joke to everyone right now!,1
honestly you sound annoying in this presentation right now,1
listen you always give poor answers right now,1
again you are completely terrible today,1
honestly get lost you ridiculous online,1
Again the group is joking about your latest mistake today,1
Seriously you are completely hopeless!,1
again you are completely ridiculous right now,1
again everyone can see how hopeless your report is right now,1
really continue arguing because nobody takes you seriously today,1
seriously your report is completely ridiculous every time,1
again keep talking and show everyone how stupid you are online,1
listen this opinion made you look ridiculous in this group,1
honestly everyone is laughing at your report,1
listen your messages are unwanted every time in this group,1
seriously everyone knows you lied about the design,1
seriously your appearance looks useless in that photo today,1
really thank you for your helpful opinion every time,0
listen you sound hopeless in this post right now,1
seriously people say your message was copied right now,1
Honestly people will remember this embarrassing drawing every time,1
honestly you explained the research very clearly today,0
Listen stop posting photos because you look strange online!,1
seriously you look unpleasant in every picture,1
Seriously stop posting photos because you look terrible today.,1
again what a useless thing to say every time,1
We will continue without you today,1
honestly stop pretending you understand the design,1
again we will keep reporting every comment you post online,1
really everyone is talking about your embarrassing mistake every time,1
again you are too hopeless to understand this project every time,1
again stop posting such pathetic things in this group,1
again this comment made you look ridiculous in this group,1
Really have a good day and take care.,0
really you are a joke right now,1
really your style looks terrible online,1
Honestly your code makes no sense at all every time,1
listen nobody cares about your opinion every time,1
honestly everyone heard that you ruined the post in this group,1
seriously you explained the opinion very clearly right now,0
again post another worthless code for us to mock right now,1
honestly that was a very useless response in this group,1
really you explained the assignment very clearly every time,0
Again the whole group knows about your failure every time.,1
listen everyone heard that you ruined the drawing every time,1
really post another terrible drawing for us to mock online,1
Really we made another group without you today,1
listen thank you for your useful post online,0
really thank you for your useful post in this group,0
listen your posts are absolute trash online,1
really people say your presentation was copied today,1
Again i disagree with your report but i respect your view online!,0
again everyone can see how awful your comment is in this group,1
really get lost you foolish online,1
listen you are acting like a ridiculous person today,1
seriously you embarrassed yourself with that design,1
seriously please share your design when you are free every time,0
really nobody should work with you on the design online,1
Your presentation is interesting!,0
Seriously have a good day and take care every time.,0
really your design is well prepared online,0
really everyone can see how terrible your answer is in this group,1
you look awkward in every picture in this group,1
honestly your comment is completely ridiculous online,1
again your appearance looks pathetic in that photo online,1
again this design made you look ridiculous every time,1
really you always give terrible answers every time,1
again you look ugly in every picture every time,1
Again you will never complete this post correctly every time!,1
seriously you are so useless in this group,1
really post another worthless idea for us to mock right now,1
Great job on the comment right now!,0
listen this is the most ridiculous comment here online,1
Listen you cannot solve even a simple question today,1
seriously everyone heard that you ruined the opinion online,1
seriously your appearance looks ridiculous in that photo right now,1
seriously everyone heard that you ruined the idea right now,1
seriously your profile picture looks worthless today,1
Again stop coming back to this page online!,1
honestly nobody should work with you on the research,1
honestly this opinion was useful and interesting online,0
Seriously your assignment is completely hopeless right now.,1
again post another worthless idea for us to mock online,1
stop pretending you understand the code in this group,1
honestly everyone is tired of seeing your opinion,1
seriously we will keep reporting every comment you post in this group,1
listen your project is useful,0
seriously your drawing is a joke to everyone today,1
Again that picture makes you look ridiculous online!,1
seriously everyone is tired of seeing your project today,1
your code makes no sense at all today,1
your mistake is being shared for everyone to laugh at right now,1
really your appearance looks awful in that photo in this group,1
post another embarrassing answer for us to mock online,1
listen you are so pathetic in this group,1
again show us another one of your failures every time,1
everyone knows you lied about the comment,1
really post another embarrassing idea for us to mock every time,1
honestly your style looks awful right now,1
again post another worthless presentation for us to mock today,1
honestly everyone can see how useless your project is right now,1
again you look strange in every picture today,1
seriously you are completely terrible right now,1
Honestly show us another one of your failures in this group.,1
listen everyone heard that you ruined the answer today,1
thank you for your useful post every time,0
Listen people say your opinion was copied,1
stop pretending you understand the design,1
seriously we will keep reporting every answer you post every time,1
Seriously everyone can see how terrible your answer is.,1
your appearance looks ridiculous in that photo in this group,1
seriously everyone knows you lied about the opinion every time,1
post another poor presentation for us to mock online,1
everyone heard that you ruined the presentation right now,1
honestly your comment is interesting every time,0
That was a very foolish response right now!,1
again that was a very useless response in this group,1
Really your profile picture looks pathetic online!,1
really you are too incompetent to understand this assignment today,1
seriously you sound incompetent in this report today,1
again this project made you look ridiculous in this group,1
seriously get lost you annoying every time,1
honestly let us improve the comment together,0
again your research is a joke to everyone,1
really this opinion made you look ridiculous in this group,1
Seriously you are too clueless to understand this message online.,1
really nobody should work with you on the research online,1
Honestly everyone knows you are bad at this subject in this group,1
really people will remember this embarrassing code in this group,1
Honestly that was a very foolish response in this group,1
seriously your report is completely awful in this group,1
Seriously you look ridiculous in every picture every time!,1
listen this drawing was useful and interesting in this group,0
Again your style looks ridiculous online,1
Again we will keep reporting every post you post in this group.,1
again everyone knows you lied about the design every time,1
again thank you for your creative idea right now,0
Seriously everyone can see how nonsense your presentation is!,1
Seriously your style looks awful every time.,1
really you will never complete this idea correctly in this group,1
Listen your profile picture looks nonsense,1
Everyone knows you lied about the design in this group.,1
seriously people say your design was copied online,1
again keep talking and show everyone how annoying you are online,1
You embarrassed yourself with that research online,1
again post another nonsense code for us to mock every time,1
honestly post another hopeless post for us to mock,1
really you sound incompetent in this idea right now,1
listen this message made you look ridiculous in this group,1
seriously you are too ridiculous to understand this design every time,1
really i really liked your opinion in this group,0
Again you always give embarrassing answers in this group,1
seriously people say your research was copied in this group,1
again nobody should work with you on the design right now,1
again post another nonsense design for us to mock today,1
Really people say your assignment was copied in this group!,1
Listen your embarrassing story is spreading online in this group!,1
again this presentation made you look ridiculous today,1
honestly well done and keep learning online,0
seriously stop coming back to this page online,1
listen your effort on this idea is appreciated,0
honestly this is the most terrible presentation here online,1
let us improve the presentation together every time,0
seriously you look awkward in every picture every time,1
listen stop posting photos because you look unpleasant every time,1
You look unpleasant in every picture online,1
really post another ridiculous assignment for us to mock online,1
Honestly you will never complete this report correctly!,1
honestly people will remember this embarrassing presentation,1
honestly nobody should work with you on the opinion in this group,1
Honestly we will keep reporting every message you post in this group,1
really stop pretending you understand the project,1
Honestly everyone heard that you ruined the code today!,1
again you are too annoying to understand this idea in this group,1
listen your appearance looks poor in that photo in this group,1
honestly you embarrassed yourself with that post every time,1
you are too pathetic to understand this idea every time,1
really please share your project when you are free online,0
listen stop pretending you understand the research,1
really you are acting like a clueless person in this group,1
again your opinion is interesting every time,0
honestly let us improve the design together in this group,0
again great job on the code right now,0
really you are so foolish,1
again your mistake is being shared for everyone to laugh at in this group,1
again this code was useful and interesting right now,0
Honestly we will keep reporting every answer you post online!,1
really everyone heard that you ruined the design today,1
Really people are sharing stories to make fun of you every time.,1
again everyone knows you lied about the project,1
seriously your appearance looks pathetic in that photo,1
Seriously nobody cares about your design right now.,1
listen stop pretending you understand the assignment online,1
really you are so pathetic every time,1
honestly you will never complete this drawing correctly every time,1
honestly you are too worthless to understand this project right now,1
listen post another terrible assignment for us to mock,1
nobody should work with you on the report in this group,1
Your messages are unwanted every time in this group,1
again everyone can see how pathetic your project is online,1
you are too worthless to understand this post every time,1
Listen great job on the idea,0
Listen you explained the project very clearly today!,0
seriously your idea is completely pathetic,1
listen you are too annoying to understand this project every time,1
again your comment is a joke to everyone in this group,1
your profile picture looks embarrassing online,1
let us improve the comment together in this group,0
Really post another useless design for us to mock.,1
Seriously nobody cares about your report every time,1
really everyone is tired of seeing your opinion every time,1
really please share your opinion when you are free every time,0
listen get lost you stupid in this group,1
Again keep talking and show everyone how foolish you are every time!,1
Honestly i really liked your comment online,0
honestly everyone can see how embarrassing your answer is online,1
i disagree with your presentation but i respect your view right now,0
again shut up and stop being so worthless in this group,1
Seriously you sound worthless in this drawing online!,1
everyone can see how ridiculous your drawing is online,1
really this is another embarrassing post from you today,1
really your opinion makes no sense at all in this group,1
your drawing is completely ridiculous today,1
Again you sound worthless in this drawing every time!,1
again your post is well prepared online,0
again let us improve the comment together online,0
post another terrible presentation for us to mock in this group,1
honestly everyone is tired of seeing your report today,1
listen your message is a joke to everyone right now,1
again people will remember this embarrassing opinion right now,1
honestly i disagree with your idea but i respect your view in this group,0
honestly stop pretending you understand the drawing online,1
honestly you sound ridiculous in this report online,1
really you are completely pathetic today,1
listen stop posting such useless things,1
again this message made you look ridiculous today,1
you will never complete this assignment correctly online,1
listen you embarrassed yourself with that assignment right now,1
honestly this opinion was useful and interesting,0
Honestly everyone can see how pathetic your research is online!,1
honestly you always give embarrassing answers today,1
Again we will keep reporting every presentation you post today!,1
listen shut up and stop being so incompetent right now,1
really i really liked your message today,0
seriously stop pretending you understand the answer online,1
seriously this is the most nonsense opinion here in this group,1
Honestly your style looks awful in this group.,1
listen post another awful comment for us to mock today,1
Listen reply again so everyone can laugh at you in this group.,1
Honestly stop posting such hopeless things!,1
Again you are a total failure online,1
honestly people will remember this embarrassing report online,1
honestly everyone knows you are bad at this subject right now,1
seriously everyone heard that you ruined the project right now,1
really this is the most hopeless project here right now,1
Really nobody wants to hear from you here!,1
listen please share your presentation when you are free,0
honestly post another nonsense message for us to mock in this group,1
leave this group because nobody likes your posts,1
Honestly you will never complete this message correctly in this group!,1
honestly you are completely useless in this group,1
Really you are not invited to our group online.,1
everyone knows you lied about the answer right now,1
honestly everyone is tired of seeing your report in this group,1
listen shut up and stop being so stupid right now,1
Listen stop posting such pathetic things in this group.,1
Listen your drawing is a joke to everyone every time.,1
listen shut up and stop being so foolish online,1
everyone is talking about your embarrassing mistake every time,1
again your profile picture looks awful,1
really post another worthless opinion for us to mock right now,1
Honestly everyone is tired of seeing your project in this group!,1
seriously your style looks pathetic,1
Really your appearance looks useless in that photo!,1
listen well done and keep learning right now,0
Seriously you are completely embarrassing,1
seriously your profile picture looks worthless in this group,1
Honestly we will ignore everything you post every time.,1
Listen people are sharing stories to make fun of you.,1
Seriously you embarrassed yourself with that drawing online,1
listen you are a joke,1
honestly you will never complete this opinion correctly,1
seriously everyone is laughing at your post online,1
honestly your appearance looks hopeless in that photo online,1
seriously you are so ridiculous every time,1
really stop posting such pathetic things today,1
seriously this answer made you look ridiculous online,1
Listen everyone knows you lied about the drawing in this group!,1
honestly you always fail at basic tasks in this group,1
Really nobody should work with you on the opinion today!,1
your research makes no sense at all online,1
seriously your profile picture looks ridiculous,1
Seriously your code is the worst in the class today!,1
really you always give ridiculous answers today,1
Listen your appearance looks useless in that photo today!,1
Listen everyone is tired of seeing your design today!,1
everyone can see how nonsense your research is today,1
seriously that was a very worthless response right now,1
seriously you always make a fool of yourself online in this group,1
again keep talking and show everyone how hopeless you are every time,1
again your report is a joke to everyone,1
again you look awkward in that photo right now,1
again you will never complete this code correctly right now,1
we will keep reporting every drawing you post every time,1
listen your message is a joke to everyone online,1
Really nobody should work with you on the opinion right now!,1
your embarrassing story is spreading online every time,1
everyone is tired of seeing your idea,1
seriously i disagree with your report but i respect your view online,0
Seriously you are completely useless today.,1
really your style looks hopeless today,1
really you will never complete this project correctly right now,1
again thank you for your thoughtful assignment every time,0
Again your design is useful right now!,0
seriously that was a very hopeless response right now,1
honestly you sound worthless in this assignment online,1
really everyone is laughing at your design online,1
again your assignment is thoughtful in this group,0
your idea is great,0
honestly you are acting like a pathetic person right now,1
Again you cannot solve even a simple question every time,1
i disagree with your message but i respect your view right now,0
your profile picture looks embarrassing in this group,1
Seriously people say your opinion was copied today,1
Really this is the most poor research here online.,1
Honestly your idea is completely ridiculous.,1
again you will never complete this research correctly,1
again we will keep reporting every code you post online,1
your comment is a joke to everyone in this group,1
really your message is thoughtful every time,0
honestly keep talking and show everyone how annoying you are,1
really you sound hopeless in this assignment in this group,1
really you embarrassed yourself with that research online,1
listen you sound incompetent in this project,1
Again everyone is tired of seeing your post every time!,1
listen get lost you clueless,1
seriously everyone knows you lied about the answer online,1
Seriously everyone should block you from the group!,1
seriously people say your post was copied today,1
honestly your answer is a joke to everyone every time,1
Honestly we made another group without you every time,1
seriously you always give useless answers online,1
this is the most hopeless project here online,1
seriously everyone is tired of seeing your comment in this group,1
listen this post made you look ridiculous online,1
really your effort on this post is appreciated right now,0
again post another worthless opinion for us to mock every time,1
again your assignment is completely nonsense,1
really your appearance looks embarrassing in that photo right now,1
Honestly you look terrible in every picture online.,1
Honestly that picture makes you look ridiculous online,1
Really everyone knows you lied about the drawing in this group!,1
this research was useful and interesting in this group,0
listen get lost you pathetic right now,1
again people say your project was copied,1
this presentation made you look ridiculous right now,1
listen shut up and stop being so useless right now,1
great job on the design today,0
Honestly everyone heard that you ruined the answer online,1
again everyone heard that you ruined the report right now,1
really everyone knows you lied about the post right now,1
seriously your code is interesting today,0
your project makes no sense at all in this group,1
seriously everyone is tired of seeing your idea right now,1
this is the most poor report here right now,1
Honestly post another nonsense project for us to mock right now.,1
Seriously your appearance looks terrible in that photo online.,1
again you are too ridiculous to understand this drawing every time,1
seriously your appearance looks nonsense in that photo today,1
again everyone is laughing at your report today,1
nobody cares about your message right now,1
honestly get lost you ridiculous today,1
honestly everyone is tired of seeing your project every time,1
listen this code was useful and interesting right now,0
seriously everyone is tired of seeing your research every time,1
seriously you are too pathetic to understand this idea every time,1
That was a very worthless response in this group!,1
really people are forwarding your mistake everywhere right now,1
listen you embarrassed yourself with that answer online,1
seriously post another ridiculous design for us to mock,1
Really nobody should work with you on the research today!,1
Again you are not welcome in our discussion today.,1
honestly stop pretending you understand the message right now,1
this is the most pathetic answer here online,1
again people say your answer was copied online,1
again we will keep reporting every opinion you post today,1
listen everyone can see how terrible your assignment is online,1
listen shut up and stop being so ridiculous in this group,1
really nobody cares about your project every time,1
really everyone is tired of seeing your code,1
really your appearance looks poor in that photo online,1
listen nobody should work with you on the presentation in this group,1
honestly stop posting photos because you look unpleasant every time,1
again you look terrible in every picture online,1
honestly you look terrible in every picture right now,1
You are too incompetent to understand this comment today,1
Honestly your mistake is being shared for everyone to laugh at online.,1
Seriously everyone is tired of you every time!,1
everyone knows you lied about the idea every time,1
Honestly well done and keep learning today!,0
honestly your presentation is a joke to everyone in this group,1
Honestly people will remember this embarrassing answer today,1
listen this post made you look ridiculous in this group,1
again your marks show that you are hopeless right now,1
honestly you are too stupid to understand this post every time,1
listen nobody cares about your assignment,1
really get lost you foolish every time,1
honestly you will never complete this assignment correctly today,1
Really people will remember this embarrassing opinion right now.,1
listen keep talking and show everyone how incompetent you are right now,1
Seriously your mistake is being shared for everyone to laugh at online,1
again you sound ridiculous in this code right now,1
that was a very useless response every time,1
again post another hopeless code for us to mock today,1
this design was useful and interesting right now,0
honestly you cannot solve even a simple question every time,1
again thank you for your useful report online,0
Seriously thank you for your thoughtful post.,0
again thank you for your useful comment right now,0
seriously everyone is tired of seeing your assignment,1
really everyone knows you lied about the code online,1
really your presentation makes no sense at all in this group,1
really you will never complete this presentation correctly online,1
seriously everyone is tired of you,1
listen that was a very annoying response in this group,1
Listen keep talking and show everyone how ridiculous you are right now.,1
again your effort on this drawing is appreciated in this group,0
listen people will remember this embarrassing answer right now,1
really your presentation is a joke to everyone,1
Listen your marks show that you are hopeless right now!,1
you explained the idea very clearly every time,0
seriously we will ignore everything you post,1
really everyone is tired of seeing your answer right now,1
listen you are acting like a ridiculous person online,1
honestly people say your assignment was copied every time,1
Listen you sound useless in this drawing in this group,1
Seriously you are not welcome in our discussion online.,1
really you look ridiculous in every picture in this group,1
Listen you always give nonsense answers right now!,1
seriously you are too pathetic to understand this code,1
again this comment was useful and interesting in this group,0
Seriously you explained the post very clearly!,0
Again we will ignore everything you post online.,1
again you look awkward in that photo every time,1
again post another poor message for us to mock every time,1
seriously you always give pathetic answers in this group,1
really everyone heard that you ruined the answer every time,1
you are too annoying to understand this code in this group,1
really your appearance looks pathetic in that photo today,1
again people say your post was copied,1
you explained the drawing very clearly in this group,0
really i disagree with your assignment but i respect your view every time,0
honestly everyone is tired of seeing your drawing in this group,1
listen your research is completely hopeless every time,1
Really you will never complete this drawing correctly right now.,1
Again what a annoying thing to say online,1
listen you embarrassed yourself with that message in this group,1
really everyone heard that you ruined the answer,1
again great job on the post right now,0
seriously great job on the research,0
Really you sound foolish in this opinion online,1
again you embarrassed yourself with that comment in this group,1
nobody should work with you on the research,1
Listen nobody should work with you on the assignment today,1
really let us improve the post together today,0
really nobody cares about your code online,1
listen get lost you pathetic every time,1
again stop posting photos because you look ugly today,1
again your profile picture looks poor online,1
Again everyone can see how ridiculous your comment is online,1
seriously people will remember this embarrassing presentation in this group,1
seriously i disagree with your assignment but i respect your view in this group,0
seriously your drawing is a joke to everyone every time,1
seriously everyone knows you lied about the idea in this group,1
Really get lost you incompetent every time!,1
really everyone is laughing at your research every time,1
Honestly people say your message was copied right now.,1
again post another hopeless message for us to mock,1
listen people will remember this embarrassing answer every time,1
Seriously your appearance looks nonsense in that photo online.,1
show us another one of your failures online,1
Honestly nobody cares about your design,1
honestly this answer made you look ridiculous every time,1
your design is a joke to everyone right now,1
again people will remember this embarrassing design today,1
Everyone is laughing at your code right now.,1
Really you should stay silent in this group in this group.,1
honestly stop pretending you understand the comment,1
honestly what a annoying thing to say online,1
again shut up and stop being so worthless,1
You are completely embarrassing right now,1
Listen you are too hopeless to understand this assignment today!,1
Your effort on this opinion is appreciated online.,0
really you sound stupid in this message online,1
really your appearance looks useless in that photo every time,1
everyone can see how worthless your code is in this group,1
really great job on the drawing in this group,0
honestly everyone is tired of seeing your answer,1
listen have a good day and take care online,0
Honestly your style looks useless online.,1
Again please share your project when you are free online,0
really everyone can see how useless your assignment is in this group,1
again you embarrassed yourself with that project,1
Honestly everyone knows you lied about the project today.,1
your profile picture looks poor every time,1
really everyone heard that you ruined the research in this group,1
honestly your messages are unwanted every time today,1
i disagree with your research but i respect your view in this group,0
Honestly you are so foolish in this group,1
honestly i disagree with your code but i respect your view today,0
listen post another embarrassing assignment for us to mock today,1
listen you sound incompetent in this presentation every time,1
Again your effort on this research is appreciated today!,0
thank you for your well prepared opinion today,0
listen this is the most pathetic comment here in this group,1
Seriously the group keeps mocking what happened to you every time!,1
listen your style looks pathetic in this group,1
again everyone is laughing at your design online,1
Listen everyone knows you lied about the design online!,1
again people say your message was copied right now,1
honestly people will remember this embarrassing project today,1
listen let us improve the drawing together every time,0
let us improve the post together every time,0
really stop posting photos because you look strange today,1
again you are completely hopeless today,1
honestly nobody cares about your assignment today,1
seriously you look strange in every picture in this group,1
Seriously everyone is talking about your embarrassing mistake right now,1
again everyone knows you lied about the message in this group,1
Really the whole group knows about your failure today.,1
again have a good day and take care in this group,0
keep away from our group conversations in this group,1
Again you are too stupid to understand this report,1
listen stop posting photos because you look unpleasant,1
honestly well done and keep learning every time,0
again you are too ridiculous to understand this design online,1
again get lost you ridiculous right now,1
honestly nobody should work with you on the research right now,1
Again the group is joking about your latest mistake every time!,1
post another hopeless post for us to mock today,1
honestly everyone heard that you ruined the answer in this group,1
seriously your report is completely awful every time,1
Listen your answer is completely terrible right now!,1
again you sound ridiculous in this idea,1
Listen we do not want you in this discussion online.,1
again thank you for your clear presentation every time,0
you are a joke every time,1
really you embarrassed yourself with that project,1
seriously your effort on this research is appreciated,0
really your answer is kind online,0
you will never complete this design correctly in this group,1
really nobody should work with you on the idea in this group,1
Say that again and make yourself look foolish online,1
again you always give nonsense answers today,1
Honestly everyone should block you from the group in this group.,1
again your style looks awful in this group,1
honestly post another ridiculous report for us to mock,1
really keep making mistakes because it is funny,1
listen nobody cares about your project today,1
Nobody cares about your presentation today.,1
listen everyone is tired of seeing your presentation right now,1
I really liked your idea every time!,0
everyone is laughing at your project,1
again stop pretending you understand the code right now,1
nobody should work with you on the code online,1
listen everyone can see how worthless your message is in this group,1
Really you always make a fool of yourself online every time.,1
honestly you are so pathetic right now,1
again stop posting photos because you look terrible in this group,1
Again stop pretending you understand the message in this group,1
Really nobody cares about your drawing online!,1
seriously your message is impressive today,0
honestly people say your presentation was copied online,1
nobody cares about your project every time,1
really you are acting like a ridiculous person right now,1
really keep talking and show everyone how worthless you are online,1
Really you are too annoying to understand this opinion today,1
Really your appearance looks poor in that photo every time.,1
really we will keep reporting every assignment you post,1
again you do not belong in this chat today,1
listen this comment made you look ridiculous,1
seriously your appearance looks embarrassing in that photo,1
listen everyone can see how hopeless your comment is right now,1
honestly nobody should work with you on the answer,1
listen your profile picture looks useless in this group,1
honestly everyone can see how ridiculous your answer is online,1
seriously everyone heard that you ruined the drawing right now,1
Really let us improve the drawing together today.,0
really everyone can see how worthless your message is in this group,1
seriously your project makes no sense at all online,1
really your profile picture looks embarrassing every time,1
Listen nobody cares about your answer.,1
you look ridiculous in every picture every time,1
listen everyone can see how embarrassing your assignment is online,1
again we will keep reporting every drawing you post every time,1
you embarrassed yourself with that message today,1
really you embarrassed yourself with that idea,1
Please share your report when you are free,0
really your report is excellent right now,0
listen your research is completely embarrassing today,1
honestly you are too pathetic to understand this report online,1
honestly nobody should work with you on the comment in this group,1
honestly keep talking and show everyone how ridiculous you are right now,1
stop posting such terrible things online,1
Seriously your post is a joke to everyone every time,1
Listen everyone knows you lied about the report online,1
listen nobody should work with you on the research today,1
seriously keep talking and show everyone how worthless you are,1
Really people say your project was copied today!,1
Honestly post another awful report for us to mock today!,1
Seriously keep talking and show everyone how worthless you are in this group.,1
Listen nobody should work with you on the drawing right now.,1
Really post another hopeless answer for us to mock,1
everyone is tired of seeing your message every time,1
you are completely terrible in this group,1
seriously you embarrassed yourself with that post online,1
please share your design when you are free today,0
really please share your design when you are free online,0
we will keep reporting every project you post,1
honestly you embarrassed yourself with that opinion,1
honestly you are too pathetic to understand this project,1
Really people will joke about the way you look!,1
seriously let us improve the drawing together online,0
listen nobody cares about your message online,1
seriously everyone knows you are bad at this subject,1
really your code is the worst in the class in this group,1
listen everyone can see how awful your report is,1
Listen you look ugly in every picture every time,1
seriously everyone knows you are bad at this subject in this group,1
again your comment is a joke to everyone every time,1
honestly everyone is tired of seeing your code right now,1
seriously you always give poor answers,1
again you are completely useless,1
Honestly your mistake is being shared for everyone to laugh at.,1
Again stop pretending you understand the code online!,1
this is the most useless message here online,1
again that was a very foolish response every time,1
seriously you are so hopeless,1
everyone heard that you ruined the answer,1
your post is a joke to everyone every time,1
listen thank you for your thoughtful drawing today,0
Listen nobody should work with you on the message today!,1
listen this design was useful and interesting online,0
listen stop pretending you understand the opinion today,1
seriously stop posting such pathetic things in this group,1
Listen your embarrassing story is spreading online every time,1
really nobody should work with you on the report today,1
listen you failed again in front of everyone in this group,1
listen people are sharing stories to make fun of you online,1
again thank you for your creative comment online,0
really keep talking and show everyone how useless you are,1
again your presentation is a joke to everyone,1
Again you failed again in front of everyone right now,1
listen nobody should work with you on the code today,1
seriously this project made you look ridiculous right now,1
again post another poor drawing for us to mock right now,1
honestly your style looks terrible today,1
listen i disagree with your code but i respect your view right now,0
Really people are laughing at how you look online.,1
listen you are completely pathetic,1
Stop pretending you understand the code right now!,1
listen nobody cares about your presentation,1
seriously your answer is completely worthless online,1
seriously people will remember this embarrassing presentation every time,1
really your answer proves you know nothing,1
Everyone can see how poor your project is,1
honestly let us improve the presentation together right now,0
really get lost you stupid in this group,1
seriously post another nonsense answer for us to mock in this group,1
honestly thank you for your impressive report,0
again everyone is tired of seeing your report today,1
seriously everyone heard that you ruined the post every time,1
Again do not include this person in the team right now.,1
seriously leave this group because nobody likes your posts today,1
listen this opinion made you look ridiculous right now,1
again you are too useless to understand this answer right now,1
honestly post another embarrassing project for us to mock in this group,1
really you always give awful answers in this group,1
really people say your comment was copied,1
seriously get lost you foolish in this group,1
really your style looks worthless right now,1
honestly you explained the code very clearly in this group,0
seriously your assignment is a joke to everyone right now,1
again you will never complete this message correctly every time,1
Listen stop posting such hopeless things in this group,1
really everyone is tired of seeing your message right now,1
really stop posting such terrible things right now,1
Again you look terrible in every picture every time.,1
Really post another worthless answer for us to mock!,1
listen everyone can see how useless your comment is,1
Honestly you should stay silent in this group!,1
honestly you are acting like a pathetic person,1
again post another pathetic answer for us to mock,1
honestly post another worthless post for us to mock right now,1
honestly get lost you worthless in this group,1
seriously this is the most pathetic assignment here today,1
Seriously this is another embarrassing post from you.,1
listen nobody should work with you on the opinion right now,1
listen stop posting such hopeless things every time,1
again leave this group because nobody likes your posts in this group,1
you are completely worthless online,1
again everyone knows you lied about the research online,1
really you look awkward in every picture every time,1
listen everyone heard that you ruined the idea right now,1
Seriously please share your project when you are free right now.,0
again everyone is tired of seeing your design,1
really your appearance looks hopeless in that photo today,1
listen everyone can see how embarrassing your assignment is today,1
again you always give awful answers online,1
Again great job on the research right now.,0
Really you are not invited to our group today.,1
honestly everyone knows you lied about the presentation online,1
honestly get lost you stupid every time,1
listen well done and keep learning every time,0
seriously we will keep reporting every idea you post,1
again that picture makes you look ridiculous every time,1
really you are a total failure in this group,1
again post another worthless opinion for us to mock,1
everyone hates you,1
honestly keep talking and show everyone how foolish you are online,1
honestly your profile picture looks awful right now,1
again everyone can see how awful your post is every time,1
listen keep making mistakes because it is funny in this group,1
Listen everyone is tired of seeing your design every time.,1
Everyone knows you lied about the comment online,1
really this is the most nonsense project here every time,1
Really post another nonsense comment for us to mock every time.,1
honestly your profile picture looks pathetic in this group,1
seriously stop posting such embarrassing things right now,1
again this code made you look ridiculous right now,1
seriously your appearance looks ridiculous in that photo today,1
really everyone is tired of seeing your message online,1
seriously you are completely hopeless in this group,1
seriously people say your answer was copied online,1
Seriously stop pretending you understand the presentation right now.,1
Honestly i disagree with your post but i respect your view online.,0
Seriously you always give terrible answers in this group!,1
Really you embarrassed yourself with that comment online!,1
Seriously nobody should work with you on the presentation in this group.,1
Really we will continue without you.,1
honestly everyone is tired of you today,1
listen stop posting such pathetic things,1
seriously nobody cares about your code online,1
seriously everyone knows you lied about the presentation right now,1
honestly your report is impressive in this group,0
Listen nobody should work with you on the answer in this group.,1
thank you for your interesting answer right now,0
Seriously you always fail at basic tasks.,1
seriously we will keep reporting every report you post right now,1
seriously that was a very annoying response,1
listen you always give pathetic answers in this group,1
really everyone is laughing at your code in this group,1
honestly this message was useful and interesting right now,0
really you are too stupid to understand this code right now,1
really i disagree with your message but i respect your view in this group,0
again your profile picture looks useless online,1
really this research made you look ridiculous right now,1
really you look ugly in every picture in this group,1
Your research is a joke to everyone,1
listen you are too stupid to understand this assignment today,1
Really you always fail at basic tasks in this group.,1
keep talking and show everyone how useless you are every time,1
Honestly you will never complete this idea correctly.,1
honestly your profile picture looks hopeless online,1
Again that was a very useless response right now.,1
seriously your answer proves you know nothing,1
Listen everyone is laughing at your assignment today,1
listen your research is interesting right now,0
listen people say your assignment was copied right now,1
again everyone is tired of seeing your report right now,1
seriously you will never complete this report correctly,1
Seriously you sound incompetent in this code today.,1
we will keep reporting every idea you post today,1
really you are too clueless to understand this opinion online,1
listen this is the most nonsense idea here,1
Listen nobody wants to hear from you here online!,1
seriously let us improve the presentation together every time,0
Again nobody wants to hear from you here today,1
seriously post another useless post for us to mock today,1
honestly people will remember this embarrassing research every time,1
really people will remember this embarrassing post in this group,1
again your message makes no sense at all right now,1
honestly you will never complete this code correctly in this group,1
listen shut up and stop being so worthless online,1
great job on the idea today,0
again your comment is creative today,0
Honestly this assignment was useful and interesting.,0
honestly you are acting like a foolish person,1
Really your opinion is worthless today.,1
again you sound stupid in this presentation right now,1
your code is completely ridiculous every time,1
honestly you are acting like a worthless person online,1
really you are too pathetic to understand this idea every time,1
listen stop pretending you understand the idea,1
honestly please share your assignment when you are free in this group,0
seriously this idea made you look ridiculous every time,1
honestly you always give poor answers right now,1
Seriously everyone is tired of seeing your message,1
You should stay silent in this group online,1
Honestly you are a joke today!,1
Your embarrassing story is spreading online in this group.,1
again post another ridiculous design for us to mock,1
this idea made you look ridiculous,1
again we will keep reporting every assignment you post in this group,1
really please share your design when you are free,0
seriously you sound stupid in this design right now,1
listen this project was useful and interesting every time,0
Seriously shut up and stop being so useless every time,1
seriously let us improve the report together right now,0
again your code is well prepared in this group,0
listen people say your comment was copied right now,1
again show us another one of your failures,1
honestly everyone is laughing at your drawing in this group,1
again get lost you incompetent right now,1
listen you are completely terrible,1
really nobody cares about your post today,1
really great job on the research today,0
Listen the group keeps mocking what happened to you in this group.,1
great job on the design online,0
honestly people say your answer was copied today,1
honestly you always give embarrassing answers,1
honestly this drawing was useful and interesting every time,0
really i disagree with your opinion but i respect your view today,0
listen i disagree with your answer but i respect your view online,0
Again we will keep reporting every drawing you post online.,1
really we made another group without you right now,1
again great job on the idea in this group,0
seriously your appearance looks terrible in that photo,1
Seriously get lost you clueless today.,1
honestly you sound ridiculous in this assignment in this group,1
listen post another embarrassing idea for us to mock,1
honestly get lost you hopeless today,1
again stop posting such nonsense things in this group,1
stop pretending you understand the assignment right now,1
honestly stop pretending you understand the report in this group,1
honestly this idea made you look ridiculous,1
listen nobody cares about your report every time,1
honestly your assignment is completely useless right now,1
Again keep talking and show everyone how stupid you are today.,1
you are too incompetent to understand this drawing every time,1
seriously keep talking and show everyone how useless you are today,1
seriously everyone knows you lied about the post today,1
everyone heard that you ruined the message right now,1
listen your drawing is thoughtful,0
really shut up and stop being so ridiculous right now,1
Really show us another one of your failures online,1
Listen stop posting such awful things,1
listen we will keep reporting every presentation you post right now,1
really your appearance looks pathetic in that photo online,1
you always give hopeless answers online,1
honestly your appearance looks worthless in that photo in this group,1
Listen this idea made you look ridiculous right now,1
again we will keep reporting every answer you post online,1
seriously you are too annoying to understand this assignment online,1
everyone heard that you ruined the code in this group,1
get lost you useless in this group,1
listen shut up and stop being so clueless,1
Seriously nobody cares about your post today,1
Seriously everyone should block you from the group online.,1
listen stop pretending you understand the project every time,1
everyone can see how ridiculous your assignment is online,1
your drawing is a joke to everyone right now,1
really stop pretending you understand the research today,1
Reply again so everyone can laugh at you,1
really everyone can see how nonsense your comment is online,1
Again we will keep reporting every project you post in this group!,1
listen your effort on this post is appreciated online,0
Honestly we will ignore everything you post in this group,1
stop posting such hopeless things,1
again everyone is laughing at your answer in this group,1
listen this post made you look ridiculous,1
honestly everyone is tired of seeing your research today,1
really your assignment makes no sense at all right now,1
listen everyone heard that you ruined the drawing today,1
your report makes no sense at all,1
listen people say your drawing was copied in this group,1
listen your appearance looks awful in that photo,1
again keep away from our group conversations,1
honestly great job on the message every time,0
honestly you embarrassed yourself with that design in this group,1
really we will keep reporting every assignment you post online,1
this answer was useful and interesting,0
Listen everyone heard that you ruined the answer online!,1
again nobody should work with you on the code today,1
listen your opinion is interesting,0
again everyone knows you lied about the message online,1
really this presentation was useful and interesting in this group,0
really please share your presentation when you are free in this group,0
Really your embarrassing story is spreading online.,1
seriously your drawing is a joke to everyone in this group,1
Honestly your appearance looks nonsense in that photo right now!,1
Again everyone is tired of you right now.,1
again your message is a joke to everyone,1
Listen you always fail at basic tasks in this group!,1
really the group keeps mocking what happened to you online,1
honestly everyone is tired of seeing your report every time,1
Nobody should work with you on the presentation in this group.,1
seriously you sound foolish in this research online,1
honestly everyone will make fun of your appearance today,1
nice to meet you,0
seriously everyone heard that you ruined the answer,1
again everyone knows you lied about the drawing,1
seriously we do not want you in this discussion today,1
this is the most poor code here,1
really your profile picture looks awful online,1
again you embarrassed yourself with that project every time,1
really post another useless project for us to mock every time,1
stop pretending you understand the research,1
honestly i disagree with your research but i respect your view online,0
honestly keep talking and show everyone how useless you are today,1
honestly you are so stupid right now,1
really stop posting photos because you look terrible,1
Go on and embarrass yourself again in this group!,1
again thank you for your helpful post online,0
honestly stop posting photos because you look ridiculous every time,1
listen we will continue without you in this group,1
Again you cannot solve even a simple question right now!,1
really you look ugly in every picture right now,1
really you are too foolish to understand this research online,1
seriously nobody should work with you on the code in this group,1
Seriously everyone is tired of seeing your design,1
listen your report is a joke to everyone,1
really nobody cares about your post right now,1
again you sound stupid in this idea,1
listen you will never complete this design correctly in this group,1
seriously let us improve the project together today,0
again you will never complete this project correctly,1
You are not welcome in our discussion!,1
Again i really liked your drawing in this group!,0
listen post another useless code for us to mock in this group,1
really get lost you stupid online,1
honestly keep posting because your mistakes entertain everyone,1
again you will never complete this research correctly every time,1
really we will keep reporting every research you post,1
seriously i disagree with your project but i respect your view in this group,0
again thank you for your well prepared drawing right now,0
honestly post another nonsense project for us to mock,1
again everyone heard that you ruined the post right now,1
listen you embarrassed yourself with that idea every time,1
honestly this is the most poor message here right now,1
seriously people say your code was copied right now,1
really you are completely poor today,1
Shut up and stop being so pathetic in this group,1
seriously everyone can see how ridiculous your message is right now,1
Honestly your effort on this idea is appreciated.,0
honestly get lost you useless right now,1
really you are too stupid to understand this design every time,1
again great job on the idea online,0
again i really liked your comment online,0
again your drawing is completely poor right now,1
seriously this is the most nonsense assignment here in this group,1
Really show us another one of your failures!,1
really you always give nonsense answers online,1
again you explained the design very clearly every time,0
Listen your messages are unwanted every time right now!,1
seriously stop posting such nonsense things today,1
honestly stop posting photos because you look ridiculous right now,1
seriously you will never complete this assignment correctly,1
Really reply again so everyone can laugh at you!,1
stay out of our online group today,1
stop posting photos because you look terrible right now,1
seriously everyone is tired of seeing your code every time,1
really everyone can see how ridiculous your report is every time,1
Honestly everyone will make fun of your appearance,1
honestly you explained the comment very clearly in this group,0
you are completely nonsense right now,1
Listen do not include this person in the team in this group!,1
honestly this comment made you look ridiculous online,1
this message made you look ridiculous today,1
seriously nobody cares about your idea every time,1
Seriously people say your presentation was copied in this group,1
Listen stop pretending you understand the answer in this group,1
really post another awful drawing for us to mock right now,1
honestly shut up and stop being so hopeless,1
Seriously everyone is tired of seeing your project online.,1
Listen you are not invited to our group,1
listen keep away from our group conversations right now,1
honestly you will never complete this comment correctly in this group,1
that was a very annoying response in this group,1
people will remember this embarrassing drawing online,1
honestly your effort on this comment is appreciated online,0
you always give pathetic answers right now,1
again i disagree with your idea but i respect your view in this group,0
listen everyone is tired of seeing your comment in this group,1
Again people are sharing stories to make fun of you online.,1
seriously your profile picture looks embarrassing,1
honestly you look strange in every picture every time,1
Really go on and embarrass yourself again every time.,1
again i disagree with your presentation but i respect your view every time,0
Honestly stop posting photos because you look unpleasant online,1
Listen everyone can see how worthless your report is.,1
Seriously everyone is tired of seeing your presentation every time.,1
Honestly your drawing is thoughtful in this group,0
seriously great job on the report,0
Really this is the most poor opinion here every time!,1
really your presentation makes no sense at all every time,1
again you are so worthless today,1
Again stay out of our online group every time.,1
Seriously post another nonsense answer for us to mock right now.,1
really you will never complete this project correctly today,1
Again leave this group because nobody likes your posts,1
seriously nobody should work with you on the project today,1
again stop posting photos because you look strange right now,1
really we will keep reporting every report you post today,1
Really people are sharing stories to make fun of you today,1
again everyone can see how embarrassing your idea is,1
seriously stop pretending you understand the code every time,1
you always give embarrassing answers every time,1
Listen i really liked your research right now.,0
seriously post another poor project for us to mock today,1
really you are completely poor every time,1
really everyone can see how nonsense your answer is online,1
your style looks terrible every time,1
Again great job on the idea!,0
honestly everyone can see how worthless your comment is every time,1
Seriously everyone heard that you ruined the research online,1
listen i really liked your code in this group,0
really keep talking and show everyone how worthless you are right now,1
Again nobody should work with you on the design today!,1
seriously you look ridiculous in every picture,1
i disagree with your design but i respect your view every time,0
honestly get lost you useless today,1
seriously great job on the comment today,0
listen people say your idea was copied in this group,1
your style looks worthless in this group,1
honestly we will keep reporting every message you post every time,1
Seriously you always give pathetic answers every time,1
nobody cares about your comment right now,1
again you are too incompetent to understand this post today,1
seriously you will never complete this design correctly every time,1
Honestly your design is a joke to everyone online!,1
you will never complete this report correctly,1
listen everyone should block you from the group online,1
Listen this is another embarrassing post from you today.,1
Listen nobody should work with you on the post every time!,1
seriously thank you for your well prepared research,0
honestly shut up and stop being so foolish online,1
Get lost you useless online,1
seriously your answer is a joke to everyone online,1
Again everyone heard that you ruined the design every time.,1
really let us improve the opinion together today,0
I disagree with your report but i respect your view online.,0
seriously we will keep reporting every design you post every time,1
really what a useless thing to say in this group,1
you explained the drawing very clearly online,0
really people say your report was copied right now,1
honestly your idea is a joke to everyone,1
you will never complete this research correctly every time,1
listen your profile picture looks ridiculous every time,1
Everyone is laughing at your research in this group,1
Again you are completely ridiculous in this group,1
listen you sound stupid in this assignment today,1
We will keep reporting every comment you post every time!,1
honestly post another terrible design for us to mock,1
seriously you are too clueless to understand this presentation every time,1
seriously people are laughing at how you look right now,1
listen great job on the code in this group,0
honestly your drawing makes no sense at all online,1
really we will keep reporting every report you post right now,1
Seriously you will never complete this idea correctly today,1
Honestly stop coming back to this page right now,1
Really everyone is tired of seeing your design every time!,1
again great job on the drawing today,0
honestly people will remember this embarrassing code today,1
honestly what a worthless thing to say in this group,1
seriously you are completely awful right now,1
Listen everyone can see how ridiculous your research is today,1
Really your appearance looks awful in that photo right now.,1
seriously everyone is laughing at your code,1
honestly your profile picture looks poor every time,1
again your style looks terrible in this group,1
Listen everyone knows you lied about the post online!,1
Really we will keep reporting every report you post in this group.,1
really post another nonsense assignment for us to mock,1
Seriously stop being such a loser in this group.,1
really you are completely hopeless every time,1
again your comment is completely hopeless every time,1
Really you are completely awful online,1
again you are so stupid right now,1
Seriously nobody should work with you on the message every time,1
seriously shut up and stop being so stupid every time,1
listen post another useless assignment for us to mock online,1
Listen stop pretending you understand the message every time!,1
really your assignment is a joke to everyone,1
again great job on the drawing online,0
honestly everyone is laughing at your presentation online,1
Your messages are unwanted every time online,1
really keep talking and show everyone how ridiculous you are right now,1
honestly nobody should work with you on the research online,1
again everyone knows you lied about the code online,1
again thank you for your thoughtful report in this group,0
seriously people will remember this embarrassing research in this group,1
listen post another ridiculous post for us to mock today,1
Listen i really liked your design online!,0
Honestly your messages are unwanted every time every time,1
Seriously post another ridiculous drawing for us to mock online.,1
Honestly everyone is laughing at your message today,1
honestly everyone knows you lied about the message today,1
seriously you are too hopeless to understand this code online,1
seriously your profile picture looks awful online,1
listen everyone can see how ridiculous your idea is today,1
Honestly nobody cares about your message online!,1
Really you will never complete this message correctly in this group!,1
Nobody should work with you on the project in this group!,1
really that was a very incompetent response right now,1
again people will remember this embarrassing design,1
seriously you explained the opinion very clearly,0
Again you are acting like a incompetent person right now,1
listen you sound stupid in this report in this group,1
nobody cares about your comment,1
Seriously you embarrassed yourself with that message right now!,1
Again your profile picture looks hopeless in this group.,1
honestly let us improve the idea together right now,0
listen your appearance looks poor in that photo,1
Really people will remember this embarrassing code every time!,1
honestly nobody cares about your presentation every time,1
Honestly everyone knows you are bad at this subject.,1
stop posting such poor things every time,1
Really your drawing makes no sense at all every time.,1
say that again and make yourself look foolish every time,1
again nobody should work with you on the post in this group,1
honestly everyone is tired of seeing your post,1
listen what a useless thing to say in this group,1
Really well done and keep learning right now.,0
again you are too worthless to understand this opinion,1
Listen you embarrassed yourself with that design.,1
again everyone can see how embarrassing your post is online,1
listen nobody should work with you on the comment right now,1
seriously people say your project was copied right now,1
your style looks useless,1
Seriously stop coming back to this page!,1
Listen you are a total failure right now!,1
listen nobody cares about your comment,1
we will keep reporting every opinion you post today,1
stop pretending you understand the idea right now,1
honestly everyone heard that you ruined the code every time,1
honestly everyone is tired of seeing your code,1
your effort on this assignment is appreciated,0
really your effort on this project is appreciated in this group,0
you explained the answer very clearly online,0
seriously your style looks useless online,1
really people are forwarding your mistake everywhere in this group,1
again post another worthless drawing for us to mock today,1
really get lost you worthless right now,1
really we will keep reporting every presentation you post online,1
seriously your profile picture looks poor in this group,1
really we will keep reporting every idea you post in this group,1
again post another awful design for us to mock every time,1
Listen i disagree with your assignment but i respect your view online,0
honestly people will remember this embarrassing post every time,1
honestly nobody should work with you on the idea,1
again this is the most embarrassing assignment here online,1
get lost you ridiculous right now,1
again everyone is laughing at your opinion,1
your idea is a joke to everyone right now,1
you are acting like a clueless person in this group,1
nobody cares about your research,1
again everyone can see how pathetic your message is,1
honestly this is the most ridiculous answer here online,1
honestly we will keep reporting every post you post today,1
stop pretending you understand the drawing right now,1
listen this is the most awful report here today,1
thank you for your useful message today,0
seriously keep talking and show everyone how hopeless you are right now,1
honestly you are too foolish to understand this project in this group,1
you embarrassed yourself with that assignment today,1
seriously people will remember this embarrassing idea,1
again you embarrassed yourself with that design in this group,1
listen your effort on this opinion is appreciated every time,0
you are too foolish to understand this assignment online,1
again stop pretending you understand the message every time,1
get lost you annoying online,1
again stop posting such terrible things,1
honestly everyone is tired of seeing your idea today,1
honestly post another embarrassing project for us to mock right now,1
Honestly everyone is tired of seeing your comment online!,1
again this answer made you look ridiculous today,1
honestly that picture makes you look ridiculous right now,1
the group is joking about your latest mistake right now,1
again everyone is laughing at your research today,1
honestly nobody cares about your assignment,1
This opinion made you look ridiculous today,1
get lost you annoying,1
seriously everyone is laughing at your comment,1
people say your opinion was copied every time,1
stop posting photos because you look ridiculous today,1
that was a very ridiculous response in this group,1
Seriously reply again so everyone can laugh at you every time,1
Listen this is another embarrassing post from you every time!,1
honestly this code made you look ridiculous today,1
really you sound hopeless in this idea online,1
honestly stop posting photos because you look unpleasant in this group,1
listen what a useless thing to say,1
really everyone is laughing at your presentation online,1
Listen this presentation was useful and interesting online,0
listen nobody should work with you on the research in this group,1
seriously you will never complete this post correctly online,1
again nobody cares about your code today,1
seriously keep talking and show everyone how worthless you are every time,1
seriously this opinion made you look ridiculous online,1
honestly people are sharing stories to make fun of you in this group,1
really nobody cares about your assignment online,1
listen i really liked your opinion every time,0
we will keep reporting every report you post in this group,1
seriously shut up and stop being so ridiculous,1
Seriously post another useless answer for us to mock right now.,1
listen you will never complete this research correctly today,1
everyone heard that you ruined the code today,1
nobody cares about your code online,1
seriously everyone can see how hopeless your post is,1
listen post another useless drawing for us to mock,1
again people say your presentation was copied today,1
listen keep talking and show everyone how stupid you are right now,1
honestly this code made you look ridiculous in this group,1
listen your profile picture looks pathetic today,1
seriously everyone heard that you ruined the design online,1
keep talking and show everyone how useless you are online,1
honestly your report makes no sense at all online,1
Really do not let this person join the project every time,1
Seriously people are forwarding your mistake everywhere in this group!,1
Listen nobody should work with you on the presentation right now,1
again post another awful presentation for us to mock today,1
Honestly everyone is laughing at your comment.,1
really please share your research when you are free,0
Really you are completely poor in this group,1
listen stop posting such terrible things today,1
Your appearance looks terrible in that photo.,1
honestly you explained the assignment very clearly in this group,0
Nobody should work with you on the project online!,1
honestly stop pretending you understand the research online,1
Again you failed again in front of everyone in this group!,1
again your idea is interesting,0
listen nobody cares about your idea today,1
You look awkward in every picture,1
honestly nobody cares about your message in this group,1
Honestly the group is joking about your latest mistake!,1
really you embarrassed yourself with that opinion right now,1
Really post another embarrassing answer for us to mock.,1
really we will keep reporting every assignment you post in this group,1
Really leave this group because nobody likes your posts right now,1
Honestly keep talking and show everyone how pathetic you are online.,1
again everyone knows you lied about the idea,1
Honestly nobody should work with you on the code!,1
seriously your style looks useless today,1
again nobody should work with you on the answer every time,1
again keep talking and show everyone how clueless you are online,1
really your presentation makes no sense at all right now,1
honestly nobody cares about your comment every time,1
seriously get lost you clueless in this group,1
Seriously you embarrassed yourself with that opinion today!,1
honestly you are too incompetent to understand this project today,1
really you are too useless to understand this post online,1
again you are completely pathetic right now,1
Again your opinion is completely terrible right now!,1
Again your posts are absolute trash every time,1
Really nobody should work with you on the answer,1
again everyone knows you lied about the post right now,1
seriously everyone knows you lied about the report in this group,1
honestly you are so hopeless today,1
seriously you always give terrible answers,1
really your project is a joke to everyone online,1
Really you explained the answer very clearly,0
really people say your presentation was copied right now,1
Everyone knows you lied about the code right now.,1
again you are acting like a ridiculous person in this group,1
everyone heard that you ruined the project every time,1
Listen i really liked your assignment right now,0
really stop pretending you understand the code right now,1
honestly stop pretending you understand the assignment online,1
honestly i really liked your presentation right now,0
honestly your opinion is worthless,1
honestly everyone is tired of seeing your message,1
honestly you explained the drawing very clearly online,0
really that picture makes you look ridiculous today,1
honestly your appearance looks useless in that photo right now,1
Really everyone knows you lied about the idea.,1
Seriously leave this group because nobody likes your posts online!,1
Really nobody should work with you on the code every time,1
listen people say your idea was copied,1
you look strange in every picture online,1
nobody should work with you on the post in this group,1
really i really liked your comment right now,0
really your effort on this comment is appreciated right now,0
really people say your design was copied today,1
listen i really liked your presentation in this group,0
honestly everyone is tired of seeing your message in this group,1
seriously your assignment is completely terrible today,1
Again stop being such a loser every time.,1
everyone can see how worthless your message is in this group,1
listen everyone heard that you ruined the research right now,1
again shut up and stop being so hopeless every time,1
great job on the report today,0
seriously your effort on this message is appreciated today,0
Again you explained the idea very clearly in this group,0
seriously keep posting because your mistakes entertain everyone in this group,1
Listen your appearance looks hopeless in that photo right now,1
Honestly what a stupid thing to say online,1
That was a very stupid response today.,1
Listen your code is the worst in the class today.,1
really you will never complete this design correctly every time,1
again you will never complete this presentation correctly every time,1
seriously you are completely embarrassing in this group,1
Listen i really liked your code online.,0
seriously i really liked your opinion right now,0
your report is a joke to everyone today,1
Seriously shut up and stop being so hopeless today,1
really you embarrassed yourself with that message right now,1
seriously you sound ridiculous in this design,1
Seriously the group is joking about your latest mistake online.,1
seriously thank you for your interesting drawing,0
Honestly go on and embarrass yourself again every time!,1
listen what a ridiculous thing to say every time,1
again get lost you annoying right now,1
Really shut up and stop being so foolish today.,1
Honestly your appearance looks terrible in that photo right now,1
really everyone is tired of seeing your report right now,1
Honestly stay out of our online group every time,1
Listen your appearance looks embarrassing in that photo right now!,1
honestly everyone is talking about your embarrassing mistake every time,1
again this assignment was useful and interesting today,0
Really you are too incompetent to understand this assignment every time,1
Leave this group because nobody likes your posts every time,1
Seriously people are forwarding your mistake everywhere today!,1
listen this opinion was useful and interesting right now,0
really you are completely useless every time,1
again this opinion made you look ridiculous right now,1
again let us improve the presentation together today,0
again keep talking and show everyone how pathetic you are every time,1
Really everyone is tired of seeing your research today.,1
listen stop posting such awful things today,1
Again you are not welcome in our discussion!,1
listen post another terrible project for us to mock today,1
listen everyone heard that you ruined the design today,1
people say your project was copied today,1
Really get lost you annoying,1
really people will remember this embarrassing opinion in this group,1
Really your drawing is thoughtful.,0
listen everyone is tired of seeing your idea,1
again you are completely poor every time,1
shut up and stop being so ridiculous,1
your style looks hopeless right now,1
this message made you look ridiculous,1
Seriously try again so everyone can laugh online!,1
Honestly everyone is tired of you every time,1
honestly you are too hopeless to understand this idea,1
honestly your appearance looks ridiculous in that photo online,1
honestly we will keep reporting every comment you post in this group,1
really thank you for your creative code,0
nobody cares about your report online,1
Honestly your opinion is worthless online,1
listen everyone heard that you ruined the opinion every time,1
Listen stop posting such useless things online.,1
honestly nobody should work with you on the opinion right now,1
your idea makes no sense at all online,1
really you will never complete this presentation correctly right now,1
people are sharing stories to make fun of you today,1
listen your post is excellent online,0
you are so worthless every time,1
great job on the opinion in this group,0
again you sound ridiculous in this drawing online,1
nobody cares about your presentation online,1
seriously that was a very incompetent response right now,1
honestly you are acting like a clueless person in this group,1
seriously say that again and make yourself look foolish,1
again your effort on this post is appreciated in this group,0
seriously what a pathetic thing to say online,1
Honestly get lost you foolish!,1
honestly you look awkward in every picture,1
nobody should work with you on the assignment every time,1
Listen leave this group because nobody likes your posts right now.,1
honestly you sound annoying in this research,1
really nobody wants to hear from you here every time,1
seriously post another useless drawing for us to mock every time,1
keep away from our group conversations,1
seriously stop posting such worthless things right now,1
listen your profile picture looks poor right now,1
keep talking and show everyone how clueless you are every time,1
stop pretending you understand the comment today,1
Honestly you are a total failure in this group!,1
everyone heard that you ruined the post every time,1
everyone knows you lied about the post every time,1
again everyone knows you lied about the presentation,1
you will never complete this research correctly today,1
again nobody should work with you on the report every time,1
again everyone knows you lied about the presentation right now,1
really people are forwarding your mistake everywhere today,1
again thank you for your excellent opinion in this group,0
listen you are too incompetent to understand this design today,1
shut up and stop being so ridiculous today,1
Honestly what a hopeless thing to say in this group.,1
really you are completely nonsense today,1
seriously people will remember this embarrassing project today,1
your profile picture looks pathetic today,1
Honestly this is the most worthless research here in this group,1
again you are too clueless to understand this project in this group,1
Listen you will never complete this answer correctly in this group,1
really this research made you look ridiculous every time,1
seriously shut up and stop being so worthless online,1
listen try again so everyone can laugh online,1
Honestly you always give poor answers online.,1
again you are a total failure today,1
listen your effort on this report is appreciated today,0
honestly shut up and stop being so ridiculous today,1
Seriously shut up and stop being so foolish in this group,1
seriously everyone can see how terrible your assignment is,1
seriously you are so ridiculous today,1
Honestly nobody should work with you on the presentation.,1
again everyone is tired of seeing your research today,1
Really you are too stupid to understand this post right now,1
Seriously everyone heard that you ruined the research today!,1
really please share your project when you are free today,0
seriously you are too incompetent to understand this design,1
again people will joke about the way you look every time,1
listen people say your project was copied every time,1
seriously you explained the report very clearly every time,0
shut up and stop being so incompetent today,1
seriously everyone is tired of seeing your idea,1
honestly everyone heard that you ruined the design in this group,1
Honestly we will keep reporting every presentation you post right now.,1
Really let us improve the idea together online,0
Seriously everyone is tired of seeing your project in this group!,1
you are completely pathetic right now,1
i really liked your idea online,0
Seriously your project is a complete failure today!,1
Listen your research is completely embarrassing every time.,1
seriously you look terrible in every picture in this group,1
Listen shut up and stop being so pathetic today.,1
Again you are too hopeless to understand this project in this group,1
seriously thank you for your impressive message,0
listen everyone is tired of seeing your answer,1
again your style looks pathetic right now,1
again nobody should work with you on the project every time,1
nobody cares about your design right now,1
everyone knows you lied about the project in this group,1
your profile picture looks worthless every time,1
really nobody should work with you on the assignment right now,1
seriously people will remember this embarrassing design right now,1
seriously great job on the research online,0
again your mistake is being shared for everyone to laugh at,1
Seriously your appearance looks useless in that photo in this group,1
really this comment made you look ridiculous,1
really post another ridiculous research for us to mock right now,1
honestly get lost you foolish in this group,1
really nobody cares about your comment today,1
Really what a pathetic thing to say,1
listen stay out of our online group every time,1
seriously your style looks terrible every time,1
again you are too hopeless to understand this code today,1
Honestly people will remember this embarrassing opinion online!,1
stop posting such nonsense things every time,1
really post another nonsense code for us to mock,1
seriously everyone heard that you ruined the assignment online,1
again shut up and stop being so stupid right now,1
Listen people are forwarding your mistake everywhere.,1
seriously your research is a joke to everyone in this group,1
seriously stop posting photos because you look awkward right now,1
Honestly you are a joke in this group,1
Honestly i really liked your idea!,0
honestly this opinion made you look ridiculous online,1
Really people say your message was copied right now!,1
nobody cares about your assignment,1
Honestly great job on the drawing every time.,0
really your embarrassing story is spreading online every time,1
Listen shut up and stop being so worthless today.,1
Seriously everyone is laughing at your answer.,1
listen stop posting photos because you look awkward today,1
really great job on the answer in this group,0
honestly post another hopeless assignment for us to mock in this group,1
again nobody should work with you on the message in this group,1
listen your idea is kind in this group,0
listen stop posting photos because you look terrible every time,1
listen post another poor idea for us to mock,1
Seriously you should stay silent in this group every time,1
really you are a total failure every time,1
listen stop pretending you understand the report right now,1
again nobody should work with you on the answer today,1
really post another awful code for us to mock right now,1
really stop pretending you understand the research in this group,1
honestly everyone heard that you ruined the design online,1
honestly stop pretending you understand the code right now,1
honestly post another terrible assignment for us to mock every time,1
Honestly stop posting photos because you look ugly every time!,1
again thank you for your interesting report online,0
Seriously everyone is tired of seeing your idea in this group!,1
really thank you for your kind assignment in this group,0
listen post another useless opinion for us to mock today,1
Honestly we will keep reporting every design you post today,1
Really you will never complete this code correctly online.,1
please share your answer when you are free,0
listen nobody should work with you on the presentation,1
listen nobody cares about your report online,1
Listen you are so ridiculous in this group,1
Again everyone is tired of you today,1
Seriously stop posting such nonsense things online!,1
seriously stop posting photos because you look ugly online,1
honestly your message is completely pathetic right now,1
honestly thank you for your excellent opinion in this group,0
nobody should work with you on the code every time,1
listen i disagree with your report but i respect your view right now,0
honestly your posts are absolute trash right now,1
seriously we will keep reporting every answer you post,1
honestly you look ugly in every picture,1
listen everyone is laughing at your report right now,1
really you are completely worthless every time,1
Your appearance looks poor in that photo every time,1
Seriously everyone knows you lied about the drawing online,1
again you are so pathetic,1
again your research makes no sense at all today,1
The whole group knows about your failure,1
your project is a joke to everyone online,1
Honestly your answer proves you know nothing every time,1
really please share your research when you are free today,0
keep talking and show everyone how incompetent you are,1
really stop posting such worthless things every time,1
again your effort on this presentation is appreciated every time,0
listen you embarrassed yourself with that drawing every time,1
seriously you will never complete this idea correctly online,1
seriously show us another one of your failures right now,1
seriously you look ugly in every picture,1
really we will keep reporting every design you post right now,1
you are completely hopeless online,1
listen this is the most worthless presentation here every time,1
shut up and stop being so worthless right now,1
this opinion was useful and interesting right now,0
listen nobody should work with you on the idea in this group,1
honestly i disagree with your idea but i respect your view,0
Seriously everyone is tired of seeing your message online,1
seriously everyone knows you lied about the presentation in this group,1
seriously this is the most awful opinion here,1
Listen you are acting like a ridiculous person every time!,1
really i disagree with your answer but i respect your view online,0
listen post another nonsense report for us to mock today,1
your style looks useless today,1
that was a very useless response online,1
Seriously shut up and stop being so stupid in this group,1
honestly keep away from our group conversations today,1
Again stop posting such terrible things right now.,1
honestly nobody should work with you on the idea online,1
you are so annoying every time,1
Listen your appearance looks nonsense in that photo in this group,1
again this is the most poor comment here every time,1
Again you look awkward in every picture online!,1
Again say that again and make yourself look foolish today,1
listen we will keep reporting every drawing you post right now,1
Listen your report is impressive in this group,0
seriously this is another embarrassing post from you online,1
Seriously you cannot solve even a simple question today.,1
again you are completely terrible every time,1
listen everyone is tired of seeing your assignment every time,1
listen everyone is tired of seeing your code today,1
Really you always give ridiculous answers right now,1
we will keep reporting every presentation you post every time,1
again shut up and stop being so foolish right now,1
again nobody should work with you on the opinion,1
really let us improve the research together right now,0
Honestly your post is completely nonsense every time.,1
honestly i really liked your comment every time,0
honestly please share your drawing when you are free in this group,0
seriously your post is a joke to everyone online,1
Listen your post makes no sense at all right now.,1
your effort on this opinion is appreciated today,0
Really you are not welcome in our discussion right now.,1
you always give nonsense answers,1
post another worthless report for us to mock in this group,1
really what a annoying thing to say today,1
Seriously everyone will make fun of your appearance in this group!,1
your drawing is amazing,0
Seriously we will ignore everything you post in this group!,1
really you will never complete this post correctly online,1
everyone is tired of you today,1
everyone knows you lied about the design,1
honestly everyone heard that you ruined the answer,1
honestly you sound worthless in this presentation online,1
people are laughing at how you look every time,1
listen we will keep reporting every message you post today,1
honestly i disagree with your report but i respect your view online,0
this is the most worthless opinion here today,1
Honestly post another poor presentation for us to mock,1
Listen everyone knows you lied about the project online.,1
We will keep reporting every project you post today,1
Seriously everyone knows you lied about the comment right now.,1
Everyone is tired of seeing your presentation every time.,1
Again you are not invited to our group in this group.,1
listen your effort on this comment is appreciated today,0
really you look strange in every picture online,1
seriously everyone is tired of seeing your research,1
honestly you look ridiculous in every picture online,1
Again stop posting photos because you look terrible every time,1
honestly you do not belong in this chat online,1
listen this comment made you look ridiculous in this group,1
honestly people say your research was copied,1
Really let us improve the code together right now!,0
seriously you embarrassed yourself with that assignment every time,1
again you will never complete this assignment correctly,1
listen your idea is completely embarrassing online,1
listen this is the most nonsense message here in this group,1
your style looks hopeless online,1
stop posting photos because you look strange right now,1
really your style looks hopeless,1
really everyone heard that you ruined the design,1
honestly nobody should work with you on the drawing today,1
again your project is a complete failure every time,1
Listen you are completely awful online!,1
really you always give poor answers right now,1
honestly your effort on this opinion is appreciated,0
nobody should work with you on the answer,1
Honestly people are forwarding your mistake everywhere today!,1
seriously post another nonsense presentation for us to mock right now,1
you always give useless answers in this group,1
really stop being such a loser online,1
Listen leave this group because nobody likes your posts in this group,1
really people will remember this embarrassing report today,1
great job on the project in this group,0
again everyone is laughing at your assignment in this group,1
Honestly go on and embarrass yourself again online.,1
Seriously the group keeps mocking what happened to you in this group,1
really everyone knows you lied about the report online,1
honestly post another hopeless comment for us to mock in this group,1
seriously we will keep reporting every presentation you post today,1
Really people will remember this embarrassing design!,1
Really stay out of our online group today!,1
honestly this is another embarrassing post from you every time,1
really stop posting such terrible things,1
listen everyone is tired of seeing your code every time,1
thank you for your excellent research online,0
Listen this answer was useful and interesting every time!,0
Again this is another embarrassing post from you!,1
show us another one of your failures every time,1
again you embarrassed yourself with that project today,1
seriously post another awful message for us to mock,1
again post another ridiculous message for us to mock every time,1
Honestly try again so everyone can laugh online!,1
The group is joking about your latest mistake today!,1
really thank you for your interesting project today,0
listen you are a total failure in this group,1
Your project is a complete failure online!,1
really this post made you look ridiculous today,1
Honestly do not include this person in the team today.,1
listen everyone is tired of seeing your design,1
Again nobody cares about your presentation.,1
seriously post another nonsense drawing for us to mock today,1
listen your idea is clear,0
again keep talking and show everyone how stupid you are right now,1
really this is the most awful project here online,1
again your design is excellent online,0
again people say your design was copied,1
really everyone heard that you ruined the assignment every time,1
seriously everyone is tired of seeing your post online,1
honestly we will keep reporting every idea you post,1
really your effort on this research is appreciated online,0
again you will never complete this design correctly today,1
listen shut up and stop being so clueless every time,1
Again everyone can see how embarrassing your opinion is every time!,1
i really liked your research right now,0
Listen we will continue without you online!,1
really your style looks awful today,1
Again you explained the answer very clearly right now!,0
again your style looks terrible today,1
really i disagree with your presentation but i respect your view right now,0
Really you are too worthless to understand this comment!,1
again great job on the assignment every time,0
listen get lost you foolish,1
really nobody should work with you on the project today,1
Honestly get lost you pathetic every time!,1
Your marks show that you are hopeless today.,1
really nobody should work with you on the answer in this group,1
listen your effort on this code is appreciated,0
honestly your report makes no sense at all right now,1
again keep away from our group conversations today,1
Again your appearance looks awful in that photo right now,1
seriously post another pathetic message for us to mock right now,1
Seriously people will joke about the way you look right now,1
really your embarrassing story is spreading online today,1
your style looks terrible online,1
Really everyone should block you from the group every time!,1
really your idea is a joke to everyone in this group,1
really thank you for your thoughtful assignment,0
listen your profile picture looks poor,1
seriously shut up and stop being so clueless today,1
again please share your presentation when you are free right now,0
you embarrassed yourself with that message,1
Listen nobody should work with you on the drawing in this group!,1
Honestly post another nonsense drawing for us to mock.,1
seriously everyone is laughing at your opinion every time,1
We will continue without you every time,1
Listen keep posting because your mistakes entertain everyone in this group.,1
honestly your design is useful in this group,0
honestly everyone is laughing at your opinion right now,1
your message makes no sense at all in this group,1
honestly you are too annoying to understand this report today,1
honestly this comment was useful and interesting,0
honestly everyone can see how worthless your research is online,1
let us improve the code together online,0
again your idea is a joke to everyone,1
Nobody cares about your research in this group,1
really everyone is tired of seeing your comment,1
really you look strange in every picture every time,1
People say your presentation was copied today!,1
seriously reply again so everyone can laugh at you in this group,1
Again we will keep reporting every message you post online,1
Again people are sharing stories to make fun of you in this group.,1
again your appearance looks hopeless in that photo,1
again people say your comment was copied in this group,1
Listen you are not invited to our group today.,1
really you are too worthless to understand this code today,1
Honestly get lost you worthless every time.,1
seriously everyone heard that you ruined the project,1
honestly nobody cares about your opinion every time,1
Seriously you embarrassed yourself with that design right now,1
honestly everyone heard that you ruined the research every time,1
seriously let us improve the presentation together today,0
again this is the most ridiculous answer here every time,1
seriously your style looks nonsense,1
honestly post another worthless drawing for us to mock every time,1
This idea was useful and interesting right now,0
honestly let us improve the assignment together today,0
really you are completely embarrassing every time,1
Again you are too clueless to understand this comment right now!,1
really everyone can see how useless your research is every time,1
People are forwarding your mistake everywhere today.,1
seriously stop posting photos because you look unpleasant in this group,1
seriously you are too annoying to understand this idea every time,1
again this is the most ridiculous report here today,1
seriously keep talking and show everyone how foolish you are right now,1
really everyone is tired of seeing your presentation today,1
seriously nobody should work with you on the design,1
again great job on the opinion right now,0
listen everyone knows you lied about the answer,1
this presentation was useful and interesting,0
seriously this answer made you look ridiculous every time,1
Seriously stop posting such worthless things every time.,1
again your answer proves you know nothing right now,1
again everyone knows you lied about the comment right now,1
Listen stop posting photos because you look unpleasant online.,1
you sound hopeless in this comment every time,1
seriously we will keep reporting every assignment you post every time,1
honestly your report is completely hopeless online,1
listen i really liked your comment right now,0
seriously keep talking and show everyone how ridiculous you are in this group,1
listen we will keep reporting every assignment you post right now,1
Seriously you always give poor answers online,1
really everyone heard that you ruined the idea in this group,1
listen everyone is laughing at your opinion in this group,1
Seriously that picture makes you look ridiculous in this group,1
seriously your embarrassing story is spreading online online,1
Honestly do not include this person in the team online,1
you are acting like a annoying person in this group,1
seriously your effort on this assignment is appreciated,0
seriously post another poor post for us to mock,1
honestly people say your comment was copied,1
really you are so worthless,1
honestly post another worthless design for us to mock right now,1
honestly your idea is a joke to everyone today,1
listen nobody cares about your code right now,1
seriously what a incompetent thing to say online,1
you sound ridiculous in this idea right now,1
Really this code made you look ridiculous in this group,1
post another hopeless research for us to mock right now,1
listen we will keep reporting every opinion you post every time,1
seriously nobody cares about your design today,1
really everyone knows you lied about the message online,1
listen shut up and stop being so foolish today,1
Again get lost you incompetent,1
Listen your opinion is worthless today!,1
seriously stop pretending you understand the research every time,1
seriously keep talking and show everyone how useless you are right now,1
Really your effort on this presentation is appreciated online.,0
Everyone can see how worthless your message is every time,1
honestly please share your research when you are free online,0
Everyone knows you lied about the comment in this group.,1
again everyone knows you lied about the comment every time,1
honestly people will remember this embarrassing answer online,1
again nobody should work with you on the drawing today,1
again your effort on this opinion is appreciated online,0
seriously i disagree with your code but i respect your view today,0
seriously nobody cares about your answer,1
Listen everyone is tired of seeing your opinion right now,1
again you are completely pathetic today,1
really everyone can see how worthless your comment is right now,1
really we will keep reporting every report you post online,1
again everyone heard that you ruined the drawing in this group,1
really everyone is tired of seeing your presentation in this group,1
listen this message was useful and interesting,0
honestly i disagree with your opinion but i respect your view right now,0
seriously people say your research was copied online,1
Stop posting such terrible things.,1
Really your drawing is kind online,0
really you are so worthless every time,1
listen everyone can see how useless your code is today,1
honestly you sound pathetic in this comment today,1
stop pretending you understand the report in this group,1
you will never complete this drawing correctly in this group,1
really you will never complete this code correctly,1
Really you will never complete this report correctly every time!,1
really you will never complete this assignment correctly every time,1
listen everyone is tired of seeing your message today,1
seriously we do not want you in this discussion every time,1
seriously stop posting photos because you look unpleasant,1
Again you are a joke today!,1
your style looks ridiculous in this group,1
honestly your style looks useless every time,1
post another nonsense research for us to mock today,1
really post another pathetic design for us to mock,1
really everyone knows you lied about the design in this group,1
honestly your profile picture looks ridiculous every time,1
Listen this is another embarrassing post from you online,1
everyone is tired of seeing your assignment online,1
again you always give ridiculous answers online,1
honestly everyone is tired of seeing your post in this group,1
Seriously your answer makes no sense at all.,1
really you are too pathetic to understand this report in this group,1
Listen everyone should block you from the group in this group.,1
really nobody cares about your presentation today,1
Honestly post another worthless code for us to mock online.,1
Keep making mistakes because it is funny today!,1
seriously nobody should work with you on the report today,1
honestly everyone can see how pathetic your opinion is,1
honestly people will remember this embarrassing message online,1
Honestly i really liked your design every time!,0
really that was a very hopeless response online,1
seriously post another ridiculous opinion for us to mock today,1
really stop posting photos because you look ridiculous right now,1
listen post another embarrassing research for us to mock online,1
Listen everyone is laughing at your idea online!,1
seriously everyone can see how worthless your comment is today,1
Honestly your answer is completely worthless every time.,1
seriously stop pretending you understand the design today,1
honestly i disagree with your message but i respect your view right now,0
get lost you hopeless every time,1
Again you will never complete this assignment correctly in this group!,1
again your effort on this opinion is appreciated every time,0
honestly everyone is tired of seeing your drawing right now,1
Really do not include this person in the team every time.,1
shut up and stop being so ridiculous online,1
people say your assignment was copied right now,1
Really everyone can see how worthless your post is,1
listen stop posting photos because you look awkward in this group,1
listen i really liked your research,0
really you embarrassed yourself with that answer,1
really everyone is tired of seeing your opinion today,1
listen you are completely hopeless,1
thank you for your excellent code in this group,0
again everyone is tired of seeing your drawing right now,1
listen we will keep reporting every design you post today,1
really i disagree with your design but i respect your view,0
nobody should work with you on the answer online,1
seriously everyone is tired of seeing your comment right now,1
this post made you look ridiculous every time,1
listen you will never complete this comment correctly today,1
we will keep reporting every assignment you post right now,1
You are too hopeless to understand this project every time!,1
seriously you are completely useless,1
again your opinion is excellent every time,0
honestly stop pretending you understand the assignment today,1
again nobody cares about your report online,1
honestly let us improve the project together today,0
Listen have a good day and take care right now!,0
really post another ridiculous comment for us to mock right now,1
seriously we will keep reporting every assignment you post in this group,1
everyone is laughing at your message online,1
honestly your project makes no sense at all every time,1
again you are completely nonsense online,1
Again everyone is laughing at your research in this group.,1
you are a nice person,0
honestly reply again so everyone can laugh at you right now,1
honestly you are too worthless to understand this opinion today,1
again i disagree with your presentation but i respect your view,0
honestly i disagree with your answer but i respect your view every time,0
this opinion was useful and interesting in this group,0
really the whole group knows about your failure every time,1
again get lost you hopeless right now,1
Seriously everyone should block you from the group today!,1
get lost you clueless,1
this assignment made you look ridiculous in this group,1
really your answer is a joke to everyone today,1
you always give embarrassing answers right now,1
Seriously get lost you clueless right now,1
really nobody cares about your assignment in this group,1
Again shut up and stop being so annoying,1
honestly people say your assignment was copied right now,1
again people say your drawing was copied today,1
You are too worthless to understand this answer,1
listen shut up and stop being so stupid in this group,1
honestly you are so pathetic in this group,1
seriously please share your report when you are free right now,0
Really you will never complete this post correctly today,1
Seriously we will ignore everything you post right now.,1
nobody should work with you on the drawing every time,1
Really post another terrible drawing for us to mock in this group!,1
again your answer makes no sense at all today,1
Again you are not welcome in our discussion right now!,1
seriously stop pretending you understand the assignment,1
honestly everyone knows you lied about the code today,1
honestly people say your code was copied right now,1
again everyone heard that you ruined the design online,1
this is the most useless idea here,1
everyone knows you lied about the code every time,1
Honestly you look strange in every picture right now!,1
honestly everyone is tired of seeing your assignment online,1
Again your marks show that you are hopeless in this group,1
honestly stop posting photos because you look ridiculous online,1
Listen stop posting such embarrassing things right now.,1
listen i disagree with your design but i respect your view online,0
honestly you are too useless to understand this research today,1
really this opinion was useful and interesting online,0
listen stop pretending you understand the drawing today,1
again stop posting photos because you look ridiculous right now,1
honestly your research is completely nonsense today,1
Honestly your design is impressive every time!,0
Honestly you always make a fool of yourself online,1
people will remember this embarrassing idea today,1
Really your research is a joke to everyone in this group,1
honestly people will remember this embarrassing design online,1
Really people will joke about the way you look in this group.,1
honestly post another awful presentation for us to mock,1
seriously nobody should work with you on the idea online,1
honestly you are completely terrible in this group,1
Again say that again and make yourself look foolish online!,1
honestly your project is completely nonsense,1
again i disagree with your message but i respect your view every time,0
Honestly your idea is excellent!,0
Again go on and embarrass yourself again online.,1
you will never complete this drawing correctly today,1
again your profile picture looks useless in this group,1
again shut up and stop being so pathetic online,1
seriously this is the most nonsense message here in this group,1
great job on the idea online,0
Listen say that again and make yourself look foolish!,1
listen nobody cares about your message right now,1
seriously everyone can see how ridiculous your post is every time,1
Honestly you are not invited to our group today!,1
seriously everyone is tired of seeing your assignment today,1
Listen stop coming back to this page in this group.,1
Really people say your code was copied right now,1
Again have a good day and take care right now,0
You always give awful answers in this group!,1
honestly nobody should work with you on the design online,1
again people say your code was copied online,1
Seriously please share your post when you are free online,0
let us improve the assignment together today,0
Listen you are a joke every time,1
really you look strange in every picture,1
really shut up and stop being so pathetic in this group,1
seriously that was a very useless response,1
honestly everyone is tired of seeing your assignment every time,1
seriously you will never complete this design correctly,1
listen you are too pathetic to understand this idea right now,1
seriously your profile picture looks ridiculous right now,1
Listen your profile picture looks worthless.,1
honestly everyone heard that you ruined the assignment,1
again you sound clueless in this assignment online,1
really great job on the idea right now,0
your profile picture looks ridiculous today,1
Really have a good day and take care in this group!,0
honestly you are too worthless to understand this design right now,1
really we will keep reporting every comment you post in this group,1
Seriously you will never complete this opinion correctly online.,1
really you are too ridiculous to understand this opinion right now,1
really shut up and stop being so annoying,1
listen the group is joking about your latest mistake today,1
again your appearance looks hopeless in that photo today,1
Shut up and stop being so pathetic every time!,1
Honestly nobody wants to hear from you here today.,1
Again we will ignore everything you post right now!,1
again post another terrible assignment for us to mock online,1
again nobody should work with you on the post every time,1
really this opinion was useful and interesting today,0
Honestly your appearance looks awful in that photo today!,1
seriously shut up and stop being so ridiculous today,1
Your effort on this message is appreciated every time,0
again you are acting like a useless person online,1
listen i really liked your drawing every time,0
honestly people will remember this embarrassing research in this group,1
seriously stop pretending you understand the assignment online,1
Stop being such a loser today,1
honestly you embarrassed yourself with that code every time,1
honestly you sound annoying in this assignment today,1
you are too clueless to understand this answer online,1
Honestly you always give terrible answers today,1
again reply again so everyone can laugh at you,1
Again you always give terrible answers today!,1
everyone is talking about your embarrassing mistake,1
again people will remember this embarrassing post right now,1
please share your message when you are free today,0
everyone knows you lied about the message today,1
people will remember this embarrassing assignment online,1
listen your appearance looks poor in that photo today,1
really your design is interesting today,0
Really people will joke about the way you look right now!,1
your style looks embarrassing online,1
again i really liked your project right now,0
reply again so everyone can laugh at you today,1
Seriously nobody cares about your message online.,1
Listen the group is joking about your latest mistake every time!,1
really stop posting such ridiculous things right now,1
again stop posting photos because you look awkward in this group,1
honestly everyone is tired of seeing your assignment right now,1
seriously you are so hopeless online,1
Honestly your profile picture looks useless.,1
Listen you will never complete this code correctly in this group,1
listen your idea is completely embarrassing,1
everyone heard that you ruined the design in this group,1
really your answer proves you know nothing online,1
you will never complete this opinion correctly online,1
nobody cares about your drawing in this group,1
listen you are completely poor right now,1
really stop posting such awful things today,1
Honestly your opinion is worthless right now!,1
Again try again so everyone can laugh today!,1
again stop posting such worthless things in this group,1
we made another group without you online,1
honestly i really liked your assignment in this group,0
again get lost you useless every time,1
honestly everyone is laughing at your idea in this group,1
Seriously get lost you worthless every time!,1
Really your design is a joke to everyone every time.,1
again thank you for your well prepared drawing today,0
listen everyone knows you lied about the opinion right now,1
honestly you always give pathetic answers online,1
again thank you for your thoughtful project every time,0
Really we will continue without you online,1
Again your effort on this message is appreciated,0
seriously nobody cares about your idea today,1
listen people will remember this embarrassing assignment,1
honestly i disagree with your comment but i respect your view every time,0
really this idea made you look ridiculous every time,1
honestly please share your code when you are free every time,0
seriously everyone is tired of seeing your report right now,1
listen great job on the message right now,0
honestly what a annoying thing to say right now,1
Listen your code is helpful in this group!,0
Really you do not belong in this chat right now.,1
honestly keep talking and show everyone how pathetic you are right now,1
again shut up and stop being so clueless today,1
honestly keep talking and show everyone how incompetent you are online,1
honestly let us improve the message together every time,0
really your style looks terrible,1
really thank you for your thoughtful presentation right now,0
you embarrassed yourself with that post,1
seriously you embarrassed yourself with that research online,1
again let us improve the idea together every time,0
Really say that again and make yourself look foolish today!,1
Honestly stop posting photos because you look strange right now,1
again get lost you worthless every time,1
listen i really liked your assignment every time,0
seriously get lost you useless,1
i disagree with your opinion but i respect your view online,0
honestly you look ugly in every picture every time,1
listen people will remember this embarrassing assignment today,1
seriously everyone is laughing at your report,1
honestly you are so ridiculous today,1
seriously your answer proves you know nothing in this group,1
seriously everyone is tired of seeing your opinion today,1
seriously post another terrible idea for us to mock in this group,1
honestly everyone heard that you ruined the project today,1
Really we will keep reporting every comment you post.,1
Listen great job on the code right now,0
honestly shut up and stop being so clueless every time,1
again this code made you look ridiculous today,1
seriously nobody should work with you on the opinion in this group,1
Keep posting because your mistakes entertain everyone in this group.,1
listen i disagree with your code but i respect your view today,0
listen get lost you useless in this group,1
really your presentation is a joke to everyone right now,1
honestly everyone can see how pathetic your idea is in this group,1
honestly your effort on this opinion is appreciated right now,0
you always give awful answers right now,1
stop pretending you understand the message today,1
again people say your report was copied today,1
listen you are so hopeless online,1
honestly this answer made you look ridiculous in this group,1
Seriously keep talking and show everyone how hopeless you are,1
Again stop posting such awful things today,1
Again show us another one of your failures in this group.,1
seriously this post made you look ridiculous,1
again your profile picture looks worthless right now,1
seriously everyone can see how ridiculous your comment is online,1
what a clueless thing to say,1
honestly you will never complete this design correctly in this group,1
i really liked your project online,0
Everyone should block you from the group right now!,1
really everyone is tired of seeing your opinion right now,1
listen everyone heard that you ruined the project right now,1
Honestly post another awful opinion for us to mock online!,1
listen you embarrassed yourself with that research,1
seriously you look terrible in every picture right now,1
really everyone is laughing at your design in this group,1
everyone knows you lied about the message in this group,1
honestly shut up and stop being so clueless online,1
really have a good day and take care right now,0
really you are so ridiculous,1
your project is completely terrible today,1
people say your report was copied today,1
seriously your style looks awful in this group,1
Stop pretending you understand the answer right now,1
Listen your answer proves you know nothing.,1
really everyone heard that you ruined the report,1
seriously please share your code when you are free right now,0
seriously you are too incompetent to understand this drawing today,1
everyone can see how nonsense your design is online,1
Try again so everyone can laugh today,1
really this answer was useful and interesting right now,0
really nobody cares about your opinion,1
you are acting like a hopeless person online,1
listen people say your research was copied in this group,1
honestly nobody cares about your project in this group,1
again everyone is tired of seeing your presentation right now,1
seriously you are completely useless right now,1
seriously everyone heard that you ruined the drawing online,1
really post another embarrassing comment for us to mock in this group,1
listen you look awkward in that photo right now,1
again what a stupid thing to say right now,1
your report is completely poor in this group,1
Do not let this person join the project online!,1
Post another awful idea for us to mock.,1
Again your answer proves you know nothing every time!,1
honestly stop posting such pathetic things right now,1
again we will keep reporting every post you post every time,1
nobody cares about your comment in this group,1
Honestly keep posting because your mistakes entertain everyone right now!,1
what a useless thing to say today,1
your appearance looks nonsense in that photo online,1
again your style looks ridiculous right now,1
listen we will keep reporting every idea you post right now,1
Again everyone is laughing at your presentation online.,1
honestly keep talking and show everyone how pathetic you are in this group,1
honestly your profile picture looks pathetic right now,1
honestly you explained the opinion very clearly right now,0
honestly people say your project was copied online,1
really everyone is tired of seeing your opinion in this group,1
honestly you embarrassed yourself with that report today,1
listen this is the most poor presentation here right now,1
listen everyone heard that you ruined the presentation right now,1
honestly everyone knows you lied about the code right now,1
listen nobody should work with you on the assignment right now,1
honestly we will keep reporting every report you post in this group,1
Really get lost you pathetic today,1
listen you are acting like a hopeless person in this group,1
seriously everyone is tired of seeing your opinion in this group,1
again let us improve the presentation together,0
honestly everyone knows you lied about the presentation right now,1
listen your appearance looks embarrassing in that photo online,1
honestly stop pretending you understand the presentation,1
really reply again so everyone can laugh at you every time,1
honestly you embarrassed yourself with that design,1
listen you are so stupid in this group,1
listen you will never complete this design correctly,1
seriously we will keep reporting every code you post,1
Seriously people say your idea was copied online!,1
honestly you are acting like a stupid person today,1
again everyone will make fun of your appearance online,1
really stop posting photos because you look ridiculous every time,1
really post another nonsense assignment for us to mock in this group,1
honestly you embarrassed yourself with that report in this group,1
Again everyone knows you lied about the drawing every time,1
You will never complete this message correctly every time.,1
again i really liked your design every time,0
listen people say your design was copied online,1
listen post another awful project for us to mock online,1
seriously your appearance looks useless in that photo right now,1
Again post another awful opinion for us to mock in this group!,1
seriously everyone knows you lied about the comment,1
Really great job on the message online,0
this research made you look ridiculous today,1
you are so clueless every time,1
seriously post another poor assignment for us to mock online,1
thank you for your useful comment right now,0
listen you explained the opinion very clearly online,0
Seriously that picture makes you look ridiculous online!,1
seriously you are too hopeless to understand this presentation right now,1
honestly your effort on this drawing is appreciated,0
Listen go on and embarrass yourself again in this group.,1
you are so useless,1
listen that was a very stupid response right now,1
really you are completely worthless today,1
listen everyone heard that you ruined the code right now,1
Honestly post another hopeless drawing for us to mock every time.,1
you are too ridiculous to understand this code,1
seriously nobody wants to hear from you here online,1
this presentation made you look ridiculous every time,1
seriously what a hopeless thing to say right now,1
listen you are so useless today,1
Again i disagree with your research but i respect your view today,0
listen i really liked your report in this group,0
really you explained the project very clearly right now,0
really we will keep reporting every drawing you post in this group,1
you are not welcome in our discussion online,1
listen keep talking and show everyone how foolish you are right now,1
again stop pretending you understand the comment every time,1
Listen people are sharing stories to make fun of you in this group.,1
again everyone heard that you ruined the comment right now,1
Again your profile picture looks embarrassing every time!,1
again post another awful message for us to mock right now,1
This code was useful and interesting!,0
really your report makes no sense at all online,1
again nobody cares about your opinion,1
Honestly your comment is interesting today!,0
honestly your profile picture looks terrible right now,1
again we will keep reporting every report you post in this group,1
again you are too incompetent to understand this answer,1
listen stop posting such ridiculous things today,1
Listen people are forwarding your mistake everywhere every time.,1
seriously everyone knows you lied about the assignment,1
you are too useless to understand this message today,1
let us improve the post together today,0
Honestly thank you for your clear idea in this group.,0
listen thank you for your impressive research today,0
what a stupid thing to say in this group,1
again everyone is tired of seeing your drawing every time,1
honestly everyone heard that you ruined the design right now,1
again everyone knows you lied about the idea in this group,1
really people will remember this embarrassing design today,1
honestly keep away from our group conversations every time,1
seriously everyone is laughing at your post every time,1
listen your report makes no sense at all in this group,1
really nobody cares about your opinion every time,1
honestly you are too useless to understand this code today,1
We will continue without you right now!,1
Listen you look awkward in that photo online!,1
really keep talking and show everyone how worthless you are every time,1
seriously people say your assignment was copied every time,1
again everyone heard that you ruined the comment today,1
again thank you for your kind report,0
seriously you always give poor answers every time,1
really everyone is laughing at your research in this group,1
seriously everyone is laughing at your message today,1
Again you failed again in front of everyone every time.,1
Really everyone is tired of seeing your idea!,1
Seriously post another terrible code for us to mock every time.,1
honestly i really liked your idea every time,0
Honestly we will keep reporting every project you post in this group!,1
really people say your post was copied in this group,1
Again your code is the worst in the class right now,1
again get lost you foolish every time,1
everyone can see how nonsense your assignment is every time,1
Stop posting such awful things.,1
seriously thank you for your useful assignment today,0
seriously you will never complete this presentation correctly every time,1
honestly your answer is completely useless today,1
honestly people say your message was copied,1
Honestly you should stay silent in this group online!,1
listen keep talking and show everyone how useless you are today,1
really stop posting photos because you look unpleasant today,1
listen you will never complete this design correctly every time,1
Really everyone is tired of seeing your post in this group!,1
Honestly you are not welcome in our discussion every time,1
again we will keep reporting every report you post online,1
seriously everyone heard that you ruined the report,1
Everyone is tired of seeing your report every time.,1
listen your assignment is completely poor online,1
really what a hopeless thing to say right now,1
You are too clueless to understand this message in this group.,1
honestly post another pathetic drawing for us to mock in this group,1
honestly this research was useful and interesting every time,0
Again let us improve the idea together right now.,0
again stop posting photos because you look strange online,1
really you explained the design very clearly,0
Honestly you should stay silent in this group every time.,1
Seriously do not include this person in the team in this group!,1
honestly you always give nonsense answers right now,1
seriously people say your report was copied every time,1
honestly your design is well prepared in this group,0
We do not want you in this discussion today.,1
honestly you are so annoying in this group,1
again stop posting photos because you look unpleasant every time,1
Honestly your appearance looks hopeless in that photo every time,1
again stop posting such ridiculous things right now,1
nobody should work with you on the idea online,1
seriously well done and keep learning,0
seriously you look awkward in every picture in this group,1
again post another nonsense design for us to mock every time,1
listen everyone can see how embarrassing your design is in this group,1
again stop pretending you understand the answer every time,1
let us improve the code together every time,0
your idea is completely terrible right now,1
honestly let us improve the research together today,0
honestly this presentation was useful and interesting online,0
listen everyone is laughing at your project,1
Again your design is useful,0
seriously your style looks worthless,1
really people say your research was copied online,1
again everyone is tired of seeing your project every time,1
You look strange in every picture right now,1
Really get lost you incompetent online,1
again everyone knows you lied about the opinion in this group,1
Honestly leave this group because nobody likes your posts every time!,1
honestly what a ridiculous thing to say in this group,1
again post another embarrassing idea for us to mock today,1
really people say your answer was copied right now,1
listen keep talking and show everyone how annoying you are,1
again everyone is tired of seeing your code right now,1
listen nobody cares about your comment today,1
again this message was useful and interesting,0
listen nobody should work with you on the presentation today,1
really shut up and stop being so annoying online,1
you are too pathetic to understand this research,1
honestly you are completely useless right now,1
seriously let us improve the presentation together online,0
listen everyone is tired of seeing your research every time,1
again post another poor post for us to mock,1
again nobody cares about your report,1
Seriously this is the most useless code here!,1
Listen do not include this person in the team every time!,1
listen your answer is helpful today,0
Again keep posting because your mistakes entertain everyone right now!,1
really your idea is a joke to everyone today,1
honestly get lost you stupid today,1
again i disagree with your report but i respect your view right now,0
seriously your comment is a joke to everyone today,1
everyone heard that you ruined the presentation every time,1
again everyone can see how poor your answer is online,1
again stop pretending you understand the answer,1
seriously your assignment is a joke to everyone online,1
again people say your post was copied online,1
Again you will never complete this comment correctly every time!,1
honestly everyone is laughing at your design right now,1
your post is completely worthless every time,1
Really we will keep reporting every design you post today!,1
Seriously stay out of our online group in this group!,1
You are completely poor in this group,1
listen everyone can see how hopeless your report is today,1
Again the whole group knows about your failure online.,1
listen we will keep reporting every code you post every time,1
listen i disagree with your code but i respect your view every time,0
Again people are sharing stories to make fun of you,1
again thank you for your impressive opinion,0
get lost you foolish every time,1
listen this answer was useful and interesting,0
Seriously that was a very hopeless response today!,1
nobody should work with you on the design today,1
again your assignment is a joke to everyone today,1
listen your message makes no sense at all,1
really your appearance looks worthless in that photo online,1
Seriously you should stay silent in this group!,1
Listen your mistake is being shared for everyone to laugh at right now,1
honestly you will never complete this design correctly every time,1
listen nobody should work with you on the code every time,1
seriously nobody cares about your presentation every time,1
Seriously your assignment is impressive in this group,0
everyone is laughing at your answer every time,1
that was a very pathetic response online,1
honestly nobody cares about your code right now,1
Keep posting because your mistakes entertain everyone online.,1
again stop pretending you understand the research right now,1
listen you embarrassed yourself with that report every time,1
Honestly nobody cares about your message right now!,1
Seriously your design is thoughtful!,0
honestly shut up and stop being so useless in this group,1
Again keep talking and show everyone how ridiculous you are every time.,1
listen everyone is laughing at your idea in this group,1
this is the most worthless idea here right now,1
listen people say your message was copied in this group,1
again nobody should work with you on the design,1
really you are so annoying every time,1
honestly nobody should work with you on the comment every time,1
everyone is tired of seeing your presentation online,1
your report makes no sense at all in this group,1
honestly stop posting photos because you look awkward online,1
honestly your profile picture looks nonsense right now,1
listen stop posting such terrible things in this group,1
honestly everyone is laughing at your project in this group,1
I really liked your drawing today.,0
we will keep reporting every design you post online,1
Seriously stop posting such embarrassing things in this group.,1
Honestly nobody cares about your report every time!,1
again stop pretending you understand the presentation today,1
Again everyone will make fun of your appearance every time!,1
seriously you always make a fool of yourself online online,1
honestly what a worthless thing to say right now,1
honestly your style looks nonsense today,1
seriously this project was useful and interesting in this group,0
listen everyone is laughing at your presentation right now,1
again you embarrassed yourself with that drawing right now,1
listen shut up and stop being so ridiculous right now,1
Honestly stay out of our online group right now,1
again post another pathetic opinion for us to mock every time,1
honestly post another embarrassing answer for us to mock online,1
Really your posts are absolute trash in this group!,1
really we will keep reporting every opinion you post every time,1
Stop posting such nonsense things online,1
listen stop pretending you understand the idea online,1
really you sound annoying in this presentation right now,1
listen this code made you look ridiculous right now,1
You are so hopeless today!,1
listen nobody cares about your code,1
listen your assignment is kind today,0
Listen people say your project was copied,1
Listen what a worthless thing to say today!,1
seriously you are completely nonsense,1
Again that picture makes you look ridiculous today,1
really your marks show that you are hopeless in this group,1
everyone knows you lied about the research today,1
again everyone is tired of seeing your design in this group,1
really we will keep reporting every message you post in this group,1
listen you are acting like a worthless person every time,1
seriously everyone can see how terrible your code is online,1
listen nobody cares about your post right now,1
listen get lost you worthless every time,1
Honestly you are a total failure.,1
Really thank you for your clear assignment,0
listen i really liked your idea,0
listen your report is a joke to everyone today,1
honestly everyone can see how poor your design is right now,1
honestly everyone is tired of seeing your idea every time,1
Really this is the most useless comment here,1
honestly thank you for your well prepared research,0
honestly your style looks hopeless,1
listen we will keep reporting every design you post,1
seriously nobody cares about your comment right now,1
seriously you should stay silent in this group right now,1
listen let us improve the comment together online,0
Again this code was useful and interesting today.,0
honestly you look awkward in every picture right now,1
really people say your assignment was copied online,1
listen your appearance looks ridiculous in that photo today,1
honestly you are acting like a hopeless person every time,1
listen you are completely terrible every time,1
thank you for your interesting opinion online,0
Really you are too annoying to understand this message today!,1
again your drawing is well prepared right now,0
Listen your profile picture looks useless right now.,1
seriously you sound ridiculous in this code right now,1
Again everyone is tired of seeing your idea,1
Seriously you look unpleasant in every picture right now,1
Your idea is a joke to everyone today.,1
Listen we will keep reporting every drawing you post!,1
listen everyone heard that you ruined the post today,1
really i disagree with your assignment but i respect your view online,0
listen everyone is laughing at your design in this group,1
seriously your effort on this comment is appreciated right now,0
listen this project made you look ridiculous today,1
really everyone knows you lied about the comment every time,1
post another hopeless assignment for us to mock today,1
honestly people say your drawing was copied,1
Really do not let this person join the project today!,1
seriously great job on the drawing right now,0
Seriously people will joke about the way you look online.,1
Listen this is the most nonsense answer here right now,1
honestly nobody cares about your presentation,1
honestly you will never complete this opinion correctly today,1
listen your comment makes no sense at all every time,1
listen people say your research was copied right now,1
Again shut up and stop being so useless in this group,1
again that was a very foolish response today,1
seriously you always give hopeless answers in this group,1
again you embarrassed yourself with that answer today,1
Seriously your appearance looks awful in that photo today!,1
seriously post another pathetic comment for us to mock today,1
seriously you explained the comment very clearly right now,0
honestly i disagree with your code but i respect your view in this group,0
listen nobody should work with you on the drawing every time,1
honestly please share your message when you are free online,0
listen everyone heard that you ruined the message every time,1
honestly you explained the research very clearly right now,0
really people say your project was copied right now,1
honestly you will never complete this assignment correctly in this group,1
Seriously people say your code was copied today!,1
People will remember this embarrassing idea every time!,1
your research makes no sense at all right now,1
seriously thank you for your well prepared opinion every time,0
honestly you are completely terrible online,1
listen your project makes no sense at all today,1
Everyone knows you lied about the design online.,1
again we will keep reporting every post you post,1
again great job on the research online,0
Listen great job on the post!,0
Honestly this research made you look ridiculous today.,1
honestly everyone can see how poor your comment is every time,1
your presentation is completely pathetic online,1
again thank you for your interesting research today,0
honestly great job on the post,0
listen you always give terrible answers today,1
listen you embarrassed yourself with that message,1
really leave this group because nobody likes your posts,1
you explained the post very clearly,0
seriously everyone is tired of seeing your drawing today,1
Again your project is a complete failure online!,1
nobody cares about your post every time,1
honestly your profile picture looks ridiculous,1
honestly you are completely pathetic in this group,1
seriously your profile picture looks poor online,1
really people say your design was copied in this group,1
again that was a very incompetent response every time,1
really we will keep reporting every idea you post online,1
honestly stop pretending you understand the idea today,1
Listen your design is completely embarrassing online,1
really this is the most pathetic design here,1
really you embarrassed yourself with that assignment every time,1
Again stay out of our online group today!,1
really people say your drawing was copied in this group,1
listen everyone is laughing at your code online,1
again you always give pathetic answers today,1
Seriously we will keep reporting every message you post online,1
everyone heard that you ruined the project online,1
honestly please share your design when you are free online,0
honestly this message was useful and interesting every time,0
honestly you are too stupid to understand this answer right now,1
seriously you explained the drawing very clearly,0
really post another ridiculous message for us to mock right now,1
listen people say your idea was copied every time,1
listen this is the most terrible presentation here,1
you explained the code very clearly,0
seriously everyone is tired of seeing your idea every time,1
listen great job on the opinion,0
honestly you are too foolish to understand this drawing,1
Really post another poor post for us to mock today.,1
you will never complete this idea correctly,1
really you always give useless answers every time,1
really post another pathetic drawing for us to mock in this group,1
this comment made you look ridiculous in this group,1
keep talking and show everyone how pathetic you are in this group,1
really you look ugly in every picture,1
seriously you sound annoying in this presentation every time,1
listen i disagree with your assignment but i respect your view right now,0
honestly shut up and stop being so ridiculous in this group,1
again people will joke about the way you look right now,1
really your research is completely useless every time,1
Seriously you sound annoying in this assignment online.,1
really let us improve the project together online,0
honestly have a good day and take care in this group,0
Really this is the most nonsense answer here right now.,1
again everyone can see how poor your post is,1
honestly keep talking and show everyone how clueless you are today,1
stop being such a loser every time,1
really stop pretending you understand the message every time,1
Honestly everyone can see how hopeless your project is every time.,1
again you are completely terrible in this group,1
really your opinion makes no sense at all every time,1
everyone heard that you ruined the drawing in this group,1
everyone knows you lied about the drawing,1
listen you embarrassed yourself with that code today,1
seriously great job on the presentation every time,0
Everyone knows you lied about the idea.,1
Please share your message when you are free in this group!,0
listen let us improve the report together online,0
listen you look awkward in every picture online,1
really you will never complete this design correctly online,1
seriously nobody should work with you on the project in this group,1
seriously your drawing is clear right now,0
listen people say your report was copied,1
again nobody should work with you on the presentation every time,1
Again your opinion is worthless,1
seriously you are so useless online,1
seriously your presentation makes no sense at all,1
listen you will never complete this report correctly,1
stop pretending you understand the idea in this group,1
you explained the report very clearly online,0
again everyone is laughing at your assignment online,1
really we do not want you in this discussion,1
listen you are too incompetent to understand this code,1
again your drawing makes no sense at all right now,1
honestly stop pretending you understand the post right now,1
really everyone heard that you ruined the idea every time,1
seriously your design is a joke to everyone every time,1
we will keep reporting every presentation you post online,1
really everyone is tired of seeing your message today,1
again stop pretending you understand the answer in this group,1
seriously stop posting photos because you look ugly,1
Your project is a complete failure today.,1
really post another useless message for us to mock in this group,1
honestly what a useless thing to say in this group,1
you are too hopeless to understand this report every time,1
honestly post another terrible opinion for us to mock every time,1
honestly keep talking and show everyone how hopeless you are,1
listen everyone knows you lied about the code every time,1
really people will remember this embarrassing assignment online,1
really your appearance looks ridiculous in that photo every time,1
seriously this is the most pathetic answer here online,1
seriously you explained the comment very clearly in this group,0
really keep talking and show everyone how pathetic you are every time,1
nobody cares about your research every time,1
really this code made you look ridiculous today,1
honestly post another embarrassing presentation for us to mock today,1
honestly we will keep reporting every code you post online,1
this post made you look ridiculous today,1
honestly you explained the message very clearly every time,0
again you are so clueless today,1
seriously post another awful research for us to mock online,1
honestly this is another embarrassing post from you online,1
everyone can see how nonsense your message is,1
seriously everyone is laughing at your report in this group,1
again get lost you incompetent in this group,1
again your effort on this presentation is appreciated right now,0
post another useless drawing for us to mock,1
Seriously try again so everyone can laugh right now!,1
seriously nobody cares about your comment,1
seriously nobody cares about your answer in this group,1
seriously everyone heard that you ruined the assignment in this group,1
Honestly your mistake is being shared for everyone to laugh at right now!,1
honestly the group keeps mocking what happened to you right now,1
listen post another ridiculous message for us to mock right now,1
Seriously nobody cares about your post online.,1
your design makes no sense at all right now,1
Really people say your message was copied every time,1
really we do not want you in this discussion in this group,1
seriously you failed again in front of everyone every time,1
listen we will keep reporting every post you post in this group,1
Again people say your answer was copied today!,1
Listen we made another group without you.,1
listen everyone can see how pathetic your drawing is online,1
listen let us improve the project together right now,0
honestly please share your answer when you are free in this group,0
Again people will joke about the way you look online!,1
Again everyone heard that you ruined the answer in this group!,1
Again you will never complete this presentation correctly online,1
Nobody should work with you on the research right now,1
really you are too ridiculous to understand this post online,1
listen shut up and stop being so stupid today,1
honestly nobody cares about your design online,1
listen your assignment is a joke to everyone in this group,1
honestly everyone is laughing at your assignment right now,1
honestly reply again so everyone can laugh at you today,1
Again you sound ridiculous in this message online.,1
seriously you are too pathetic to understand this research today,1
post another poor idea for us to mock,1
Really you explained the opinion very clearly in this group,0
honestly your opinion is completely terrible,1
listen we will keep reporting every project you post online,1
post another pathetic project for us to mock in this group,1
stop pretending you understand the message,1
seriously you are so foolish every time,1
Listen your drawing is clear in this group,0
Listen keep away from our group conversations today!,1
Really everyone knows you lied about the comment online.,1
Your appearance looks ridiculous in that photo online!,1
Nobody wants to hear from you here every time,1
again you look unpleasant in every picture,1
really you will never complete this post correctly,1
Honestly your answer proves you know nothing online!,1
Honestly show us another one of your failures.,1
your effort on this code is appreciated,0
seriously shut up and stop being so pathetic right now,1
you look terrible in every picture every time,1
again stay out of our online group,1
seriously nobody cares about your code right now,1
really your style looks useless in this group,1
listen you sound stupid in this design online,1
listen this idea was useful and interesting today,0
honestly your research makes no sense at all today,1
again stop pretending you understand the idea online,1
stop posting photos because you look unpleasant today,1
again post another hopeless assignment for us to mock online,1
really nobody should work with you on the drawing online,1
Listen you embarrassed yourself with that drawing!,1
you are completely hopeless today,1
honestly everyone is laughing at your presentation today,1
Shut up and stop being so pathetic!,1
honestly stop coming back to this page in this group,1
honestly your profile picture looks nonsense online,1
listen what a useless thing to say right now,1
honestly this assignment made you look ridiculous online,1
again you look ugly in every picture right now,1
You failed again in front of everyone.,1
your style looks awful right now,1
Really you are not welcome in our discussion!,1
Seriously everyone is laughing at your comment today.,1
your post is a joke to everyone online,1
really post another awful assignment for us to mock in this group,1
Again your opinion is worthless right now,1
seriously everyone heard that you ruined the answer in this group,1
Seriously we will continue without you today.,1
honestly shut up and stop being so hopeless online,1
Honestly get lost you useless in this group,1
again everyone is tired of seeing your report,1
Seriously shut up and stop being so foolish,1
People say your post was copied online,1
really that was a very hopeless response every time,1
really everyone is tired of seeing your code today,1
listen you will never complete this idea correctly in this group,1
seriously you are acting like a useless person every time,1
Again your opinion is completely pathetic right now!,1
listen everyone heard that you ruined the opinion,1
really this opinion was useful and interesting right now,0
again you look awkward in every picture every time,1
Seriously your answer proves you know nothing right now,1
Your profile picture looks worthless online!,1
Listen you are not welcome in our discussion in this group.,1
again your drawing is excellent today,0
listen get lost you ridiculous right now,1
post another embarrassing code for us to mock today,1
Listen nobody should work with you on the code,1
again let us improve the opinion together right now,0
Listen everyone knows you lied about the post right now,1
again everyone can see how terrible your comment is,1
honestly everyone heard that you ruined the message right now,1
seriously everyone is laughing at your opinion right now,1
Again nobody should work with you on the presentation,1
honestly you are too annoying to understand this project right now,1
Your messages are unwanted every time.,1
your effort on this comment is appreciated right now,0
Honestly you are completely nonsense in this group.,1
listen your embarrassing story is spreading online,1
Again this is the most pathetic report here right now.,1
Really nobody should work with you on the presentation every time,1
listen people will remember this embarrassing research today,1
get lost you stupid every time,1
really we will keep reporting every comment you post every time,1
you will never complete this comment correctly right now,1
your effort on this assignment is appreciated in this group,0
Honestly we will keep reporting every idea you post online.,1
really this is the most poor idea here in this group,1
again your effort on this drawing is appreciated today,0
again that was a very stupid response in this group,1
seriously your project is thoughtful online,0
honestly you will never complete this project correctly in this group,1
i really liked your message,0
seriously your effort on this research is appreciated today,0
really post another worthless assignment for us to mock in this group,1
again we will keep reporting every assignment you post every time,1
again everyone heard that you ruined the code right now,1
really your design makes no sense at all every time,1
Listen people will remember this embarrassing assignment in this group,1
Really your comment is useful today!,0
listen that was a very worthless response today,1
your profile picture looks hopeless every time,1
your profile picture looks hopeless,1
listen your profile picture looks embarrassing today,1
nobody cares about your code in this group,1
Listen everyone is laughing at your code in this group.,1
seriously everyone is tired of seeing your code right now,1
honestly you explained the research very clearly in this group,0
Again your drawing is kind in this group.,0
listen you are too incompetent to understand this report right now,1
really you are too stupid to understand this assignment online,1
honestly you look ugly in every picture right now,1
listen you are too annoying to understand this post today,1
Seriously that picture makes you look ridiculous every time,1
Show us another one of your failures.,1
Seriously your report is completely terrible online!,1
honestly keep talking and show everyone how useless you are right now,1
again you are too pathetic to understand this assignment every time,1
honestly keep talking and show everyone how worthless you are every time,1
really please share your message when you are free online,0
really stop posting photos because you look terrible in this group,1
honestly leave this group because nobody likes your posts,1
your report is completely worthless every time,1
seriously everyone is tired of seeing your design in this group,1
honestly let us improve the comment together today,0
seriously everyone can see how terrible your design is every time,1
Seriously your assignment is completely hopeless online,1
again people are sharing stories to make fun of you right now,1
Seriously you are acting like a ridiculous person online!,1
Honestly your report is a joke to everyone,1
Really you should stay silent in this group every time,1
Listen everyone heard that you ruined the project!,1
listen people will remember this embarrassing comment online,1
seriously nobody should work with you on the drawing every time,1
Everyone is tired of you in this group!,1
Again you are completely nonsense right now.,1
seriously everyone can see how nonsense your drawing is online,1
listen shut up and stop being so hopeless online,1
seriously everyone heard that you ruined the idea today,1
honestly this assignment made you look ridiculous today,1
honestly you are completely terrible,1
listen everyone knows you lied about the report right now,1
seriously your report is completely poor in this group,1
listen you look unpleasant in every picture right now,1
again you sound clueless in this post,1
again let us improve the report together right now,0
Really you look ugly in every picture online!,1
seriously everyone heard that you ruined the message,1
listen stop pretending you understand the message,1
Really you are completely ridiculous right now,1
again people will remember this embarrassing opinion in this group,1
people say your drawing was copied,1
honestly you embarrassed yourself with that code today,1
you are completely useless every time,1
honestly you are completely embarrassing online,1
honestly your idea is completely useless every time,1
really we will keep reporting every research you post every time,1
stop posting photos because you look ridiculous every time,1
your post is completely nonsense in this group,1
honestly let us improve the presentation together today,0
you look ugly in every picture right now,1
honestly everyone can see how worthless your project is online,1
really everyone can see how poor your message is every time,1
seriously let us improve the presentation together,0
you explained the design very clearly online,0
honestly keep talking and show everyone how incompetent you are right now,1
listen keep talking and show everyone how incompetent you are online,1
Your project is a complete failure.,1
honestly keep talking and show everyone how hopeless you are in this group,1
honestly you are too incompetent to understand this presentation today,1
this drawing made you look ridiculous today,1
Continue arguing because nobody takes you seriously right now!,1
listen what a foolish thing to say every time,1
again i really liked your research in this group,0
post another ridiculous comment for us to mock every time,1
Seriously nobody should work with you on the answer right now,1
seriously your message is completely awful right now,1
again you explained the research very clearly,0
You are too worthless to understand this research,1
again your effort on this code is appreciated right now,0
really you look unpleasant in every picture online,1
again try again so everyone can laugh online,1
really everyone can see how worthless your project is today,1
honestly your assignment is completely worthless right now,1
Nobody wants to hear from you here right now.,1
stop pretending you understand the presentation every time,1
Again you should stay silent in this group!,1
seriously get lost you useless online,1
honestly people say your idea was copied in this group,1
Again post another embarrassing research for us to mock in this group.,1
honestly you are completely useless today,1
seriously you look ridiculous in every picture in this group,1
honestly shut up and stop being so foolish,1
seriously nobody cares about your drawing in this group,1
really post another worthless idea for us to mock today,1
Shut up and stop being so useless!,1
listen everyone heard that you ruined the post online,1
honestly this answer was useful and interesting today,0
seriously everyone knows you lied about the research today,1
again people will remember this embarrassing presentation today,1
again i disagree with your answer but i respect your view,0
Again nobody wants to hear from you here,1
Again keep posting because your mistakes entertain everyone in this group!,1
again everyone knows you lied about the report today,1
Again the whole group knows about your failure.,1
really your appearance looks worthless in that photo right now,1
Again please share your design when you are free.,0
listen you are too clueless to understand this answer today,1
seriously your project is a joke to everyone today,1
listen get lost you worthless in this group,1
seriously you are too useless to understand this report,1
honestly you always give awful answers today,1
again you are completely embarrassing in this group,1
Honestly people are laughing at how you look today.,1
Seriously nobody wants to hear from you here.,1
again nobody cares about your report today,1
listen nobody should work with you on the project right now,1
Honestly you are too hopeless to understand this report today!,1
listen post another awful code for us to mock in this group,1
Seriously say that again and make yourself look foolish today,1
Again your assignment is thoughtful online!,0
Again everyone is laughing at your report every time,1
Listen you will never complete this report correctly in this group.,1
Thank you for your clear research right now.,0
again stop posting such hopeless things,1
post another awful drawing for us to mock online,1
listen your style looks hopeless,1
again post another pathetic code for us to mock every time,1
honestly please share your answer when you are free right now,0
really that was a very stupid response right now,1
again post another embarrassing comment for us to mock online,1
Again this design made you look ridiculous today!,1
listen post another pathetic presentation for us to mock,1
again your style looks embarrassing right now,1
Really your code is the worst in the class online,1
Listen keep talking and show everyone how hopeless you are in this group,1
Listen please share your answer when you are free online.,0
listen your effort on this research is appreciated online,0
you embarrassed yourself with that code every time,1
honestly stop pretending you understand the assignment in this group,1
seriously your project is a complete failure,1
Again continue arguing because nobody takes you seriously every time!,1
honestly stop pretending you understand the answer online,1
everyone knows you lied about the idea right now,1
listen this message made you look ridiculous every time,1
Honestly i really liked your design online!,0
seriously you are so worthless every time,1
seriously your code makes no sense at all right now,1
get lost you incompetent online,1
really stop pretending you understand the comment today,1
really get lost you clueless,1
again your code is the worst in the class in this group,1
listen everyone can see how nonsense your drawing is right now,1
you always give nonsense answers in this group,1
Honestly this research was useful and interesting right now!,0
Really people say your answer was copied every time!,1
thank you for your useful project today,0
listen everyone is tired of seeing your assignment,1
seriously please share your assignment when you are free every time,0
thank you for your kind comment,0
honestly you are too incompetent to understand this report every time,1
Seriously everyone knows you lied about the assignment in this group!,1
listen everyone can see how embarrassing your presentation is,1
everyone knows you lied about the post right now,1
listen you are acting like a clueless person online,1
really everyone is tired of seeing your research online,1
honestly thank you for your clear answer right now,0
really this report was useful and interesting online,0
everyone can see how worthless your assignment is right now,1
stop posting photos because you look unpleasant right now,1
Seriously post another ridiculous opinion for us to mock every time,1
seriously this is the most embarrassing answer here,1
Seriously you are too foolish to understand this post in this group.,1
honestly everyone is tired of seeing your comment today,1
Again you are completely nonsense every time,1
Really stop posting photos because you look awkward right now!,1
really people will remember this embarrassing drawing,1
again thank you for your excellent message right now,0
seriously people will joke about the way you look,1
Listen we will keep reporting every project you post today.,1
Seriously keep posting because your mistakes entertain everyone,1
again post another poor message for us to mock,1
seriously you always give worthless answers online,1
seriously your presentation is a joke to everyone in this group,1
Honestly you always give awful answers in this group.,1
Seriously thank you for your interesting code today,0
Again your post is completely embarrassing every time.,1
honestly your style looks poor in this group,1
honestly everyone knows you lied about the drawing right now,1
everyone will make fun of your appearance right now,1
Listen everyone will make fun of your appearance today.,1
honestly everyone can see how pathetic your idea is today,1
listen stop posting photos because you look ridiculous right now,1
really nobody should work with you on the drawing,1
really stop pretending you understand the project in this group,1
seriously everyone knows you lied about the assignment every time,1
really nobody cares about your assignment,1
Seriously you are too hopeless to understand this comment in this group.,1
honestly i disagree with your assignment but i respect your view today,0
honestly your research is useful online,0
Again you explained the post very clearly every time.,0
seriously everyone can see how nonsense your project is right now,1
seriously everyone can see how poor your post is right now,1
again what a hopeless thing to say in this group,1
You are too ridiculous to understand this presentation online.,1
this drawing made you look ridiculous in this group,1
seriously you sound stupid in this idea,1
Your marks show that you are hopeless,1
Honestly the group is joking about your latest mistake online,1
again people say your code was copied,1
seriously your profile picture looks nonsense every time,1
honestly you are acting like a foolish person right now,1
honestly great job on the comment right now,0
really your comment is kind right now,0
Again you look strange in every picture.,1
really everyone is laughing at your code online,1
your profile picture looks useless in this group,1
everyone is talking about your embarrassing mistake right now,1
your posts are absolute trash right now,1
honestly you are too hopeless to understand this answer online,1
seriously i disagree with your opinion but i respect your view,0
seriously stop pretending you understand the answer in this group,1
again you embarrassed yourself with that research right now,1
Seriously stop pretending you understand the presentation in this group!,1
you are so stupid,1
seriously post another nonsense research for us to mock in this group,1
post another terrible project for us to mock today,1
seriously great job on the project,0
honestly you are too stupid to understand this code every time,1
Honestly everyone knows you lied about the idea in this group!,1
Honestly do not include this person in the team right now!,1
really you are completely nonsense online,1
again shut up and stop being so clueless every time,1
again nobody cares about your code right now,1
Really you are acting like a ridiculous person today!,1
seriously everyone knows you lied about the project online,1
listen everyone is tired of seeing your presentation in this group,1
Again people are forwarding your mistake everywhere.,1
again i disagree with your code but i respect your view in this group,0
honestly people say your report was copied every time,1
seriously you embarrassed yourself with that comment today,1
really this message was useful and interesting every time,0
really you will never complete this project correctly online,1
really great job on the report in this group,0
honestly please share your answer when you are free today,0
honestly everyone is tired of seeing your design right now,1
seriously you will never complete this message correctly,1
this is the most useless message here in this group,1
really i disagree with your report but i respect your view today,0
Seriously you are not welcome in our discussion in this group,1
honestly thank you for your impressive project every time,0
Again this is the most nonsense message here right now,1
again you are completely nonsense today,1
listen everyone knows you lied about the code online,1
again go on and embarrass yourself again today,1
honestly nobody should work with you on the message,1
really you are too stupid to understand this opinion right now,1
listen you are too incompetent to understand this opinion,1
Really people are laughing at how you look right now!,1
Reply again so everyone can laugh at you online!,1
honestly shut up and stop being so ridiculous online,1
again nobody should work with you on the opinion in this group,1
seriously you embarrassed yourself with that assignment online,1
the group is joking about your latest mistake online,1
listen post another pathetic comment for us to mock,1
again please share your research when you are free right now,0
really you embarrassed yourself with that code today,1
seriously you are completely hopeless online,1
seriously you look unpleasant in every picture in this group,1
Honestly get lost you worthless!,1
Listen keep making mistakes because it is funny every time.,1
really everyone knows you lied about the report every time,1
Your assignment is helpful right now.,0
listen your report is interesting online,0
again your effort on this comment is appreciated today,0
listen get lost you hopeless in this group,1
Listen your effort on this assignment is appreciated,0
again people say your report was copied online,1
honestly you always give hopeless answers right now,1
great job on the research right now,0
listen you look ridiculous in every picture online,1
Listen nobody should work with you on the assignment in this group,1
again everyone heard that you ruined the opinion every time,1
Listen everyone should block you from the group!,1
again your drawing is completely hopeless,1
listen nobody cares about your report right now,1
seriously you sound useless in this code today,1
seriously everyone is laughing at your drawing in this group,1
listen you are too foolish to understand this idea,1
Do not let this person join the project today,1
listen post another nonsense assignment for us to mock online,1
listen everyone is tired of seeing your research online,1
you sound incompetent in this code in this group,1
Listen post another embarrassing design for us to mock today.,1
really nobody should work with you on the message right now,1
Really thank you for your excellent presentation right now.,0
listen post another awful assignment for us to mock in this group,1
Listen nobody should work with you on the assignment every time!,1
Again everyone is tired of you every time.,1
Really stop pretending you understand the design every time.,1
your appearance looks poor in that photo in this group,1
listen stop posting such awful things online,1
seriously post another useless assignment for us to mock every time,1
seriously keep talking and show everyone how useless you are online,1
really nobody cares about your answer,1
you always make a fool of yourself online right now,1
listen your report is a joke to everyone in this group,1
really you are so ridiculous right now,1
that was a very foolish response,1
honestly your appearance looks poor in that photo every time,1
shut up and stop being so clueless today,1
seriously everyone knows you lied about the opinion today,1
Honestly what a hopeless thing to say every time,1
again you explained the drawing very clearly,0
Again what a hopeless thing to say online.,1
again everyone knows you lied about the comment online,1
this idea made you look ridiculous online,1
listen your message is impressive online,0
Really your marks show that you are hopeless online.,1
honestly we will ignore everything you post today,1
listen stop pretending you understand the report today,1
honestly nobody cares about your idea in this group,1
Listen you are not invited to our group every time,1
again post another pathetic presentation for us to mock every time,1
again we will keep reporting every idea you post in this group,1
seriously keep talking and show everyone how stupid you are in this group,1
Really you sound incompetent in this comment today,1
Everyone is laughing at your assignment right now!,1
seriously stop pretending you understand the opinion,1
really everyone knows you lied about the opinion,1
honestly we will keep reporting every presentation you post in this group,1
Honestly you are not invited to our group in this group.,1
listen you are completely nonsense,1
you will never complete this presentation correctly right now,1
Honestly post another hopeless drawing for us to mock in this group,1
that was a very clueless response every time,1
what a pathetic thing to say today,1
honestly you are too incompetent to understand this drawing online,1
again your effort on this comment is appreciated online,0
honestly your style looks poor today,1
honestly go on and embarrass yourself again right now,1
everyone can see how awful your project is today,1
again everyone can see how useless your comment is online,1
really stop posting such pathetic things,1
listen your report is impressive right now,0
honestly you are completely nonsense,1
really that was a very pathetic response in this group,1
listen we will keep reporting every message you post online,1
again your appearance looks terrible in that photo,1
i really liked your assignment,0
again what a incompetent thing to say,1
Honestly shut up and stop being so useless every time.,1
Again well done and keep learning in this group,0
honestly people say your design was copied,1
really stop pretending you understand the opinion in this group,1
listen your opinion makes no sense at all today,1
again you embarrassed yourself with that opinion right now,1
everyone knows you lied about the code online,1
honestly get lost you annoying today,1
honestly get lost you annoying,1
honestly leave this group because nobody likes your posts in this group,1
seriously everyone is laughing at your post today,1
Honestly nobody should work with you on the comment right now.,1
honestly the group is joking about your latest mistake right now,1
seriously you will never complete this drawing correctly every time,1
really nobody cares about your drawing today,1
honestly shut up and stop being so worthless in this group,1
seriously you are completely hopeless today,1
everyone can see how hopeless your idea is,1
seriously you are completely terrible today,1
Honestly i disagree with your presentation but i respect your view today,0
honestly people say your opinion was copied right now,1
Again you are too clueless to understand this project!,1
seriously you are completely awful,1
Really post another awful answer for us to mock,1
stop posting photos because you look ugly right now,1
Again you explained the drawing very clearly right now.,0
Really we will keep reporting every post you post today,1
seriously post another ridiculous design for us to mock every time,1
Listen you will never complete this idea correctly right now.,1
listen everyone is tired of seeing your post today,1
everyone is tired of seeing your message today,1
honestly everyone knows you lied about the post every time,1
again we will keep reporting every code you post,1
listen post another hopeless answer for us to mock,1
honestly stop posting photos because you look awkward every time,1
Honestly you cannot solve even a simple question in this group,1
seriously nobody should work with you on the post in this group,1
seriously this opinion made you look ridiculous,1
honestly people will remember this embarrassing assignment,1
Again you are completely hopeless right now,1
listen you embarrassed yourself with that design every time,1
Seriously great job on the assignment in this group!,0
listen people are sharing stories to make fun of you right now,1
honestly you are completely embarrassing today,1
honestly your answer is a joke to everyone online,1
again that was a very stupid response,1
Listen your appearance looks useless in that photo.,1
really nobody cares about your code every time,1
Honestly please share your assignment when you are free.,0
seriously you are too pathetic to understand this report every time,1
Honestly everyone should block you from the group every time,1
great job on the presentation right now,0
listen nobody should work with you on the code in this group,1
Really please share your idea when you are free!,0
Listen you should stay silent in this group today.,1
honestly we will keep reporting every presentation you post,1
honestly your mistake is being shared for everyone to laugh at today,1
seriously show us another one of your failures in this group,1
listen stop pretending you understand the project,1
listen people will joke about the way you look every time,1
again stop pretending you understand the opinion,1
really you embarrassed yourself with that comment today,1
listen your assignment is a joke to everyone,1
well done and keep learning,0
seriously nobody should work with you on the assignment online,1
Honestly say that again and make yourself look foolish right now!,1
Stop posting such awful things online!,1
again everyone is tired of seeing your opinion today,1
again everyone heard that you ruined the post,1
again post another embarrassing design for us to mock right now,1
again your code is the worst in the class today,1
Honestly let us improve the opinion together today!,0
listen nobody should work with you on the code right now,1
really your idea is useful,0
Honestly people will joke about the way you look today.,1
Honestly the whole group knows about your failure every time,1
Honestly you embarrassed yourself with that assignment in this group,1
seriously post another terrible report for us to mock right now,1
again post another useless research for us to mock every time,1
seriously the whole group knows about your failure in this group,1
Seriously this is another embarrassing post from you every time,1
honestly everyone heard that you ruined the comment right now,1
seriously you embarrassed yourself with that research every time,1
honestly your effort on this presentation is appreciated,0
again your style looks embarrassing today,1
listen you are acting like a useless person online,1
Really your profile picture looks poor right now.,1
seriously you are too useless to understand this assignment today,1
again everyone is tired of seeing your research in this group,1
you always give ridiculous answers online,1
Again everyone knows you lied about the research in this group,1
honestly keep talking and show everyone how worthless you are today,1
honestly everyone heard that you ruined the message today,1
you sound incompetent in this drawing in this group,1
really thank you for your clear code right now,0
Listen everyone knows you are bad at this subject online.,1
you should stay silent in this group in this group,1
Everyone knows you lied about the comment right now!,1
everyone knows you lied about the presentation online,1
again everyone is laughing at your project right now,1
Really you are acting like a useless person right now,1
you always give poor answers,1
again everyone heard that you ruined the presentation online,1
again everyone is tired of seeing your research online,1
honestly you look awkward in every picture online,1
honestly you explained the report very clearly,0
honestly you do not belong in this chat in this group,1
honestly this project made you look ridiculous,1
seriously everyone is tired of seeing your code in this group,1
again you are completely poor today,1
again you are too incompetent to understand this message in this group,1
really this comment was useful and interesting,0
Seriously your design is a joke to everyone in this group!,1
Great job on the message,0
everyone knows you lied about the assignment online,1
seriously please share your message when you are free right now,0
Really go on and embarrass yourself again in this group.,1
listen that was a very annoying response today,1
listen your profile picture looks nonsense in this group,1
Seriously everyone is talking about your embarrassing mistake in this group.,1
listen we will keep reporting every opinion you post in this group,1
Seriously you are so clueless online.,1
again everyone can see how embarrassing your design is in this group,1
Seriously do not let this person join the project every time,1
honestly everyone can see how awful your report is right now,1
you are so hopeless every time,1
Seriously great job on the drawing today.,0
nobody should work with you on the design every time,1
honestly everyone can see how worthless your comment is in this group,1
seriously stop posting such useless things every time,1
Seriously stop posting such pathetic things every time,1
again get lost you pathetic right now,1
Again keep making mistakes because it is funny today,1
listen get lost you useless right now,1
listen continue arguing because nobody takes you seriously right now,1
Honestly we made another group without you!,1
again people are forwarding your mistake everywhere right now,1
honestly post another hopeless assignment for us to mock online,1
listen let us improve the research together in this group,0
Really try again so everyone can laugh online!,1
really shut up and stop being so foolish in this group,1
again everyone is laughing at your code online,1
listen everyone heard that you ruined the research in this group,1
really we will keep reporting every answer you post,1
seriously your profile picture looks ridiculous every time,1
Honestly post another awful answer for us to mock!,1
really your effort on this project is appreciated,0
seriously your embarrassing story is spreading online today,1
honestly shut up and stop being so stupid,1
This report made you look ridiculous in this group,1
honestly you sound foolish in this code online,1
Everyone is tired of seeing your code online.,1
Really keep talking and show everyone how useless you are in this group,1
honestly i really liked your answer today,0
again you will never complete this post correctly today,1
again stop pretending you understand the drawing online,1
again people will joke about the way you look today,1
Honestly everyone is tired of seeing your project today,1
listen i disagree with your report but i respect your view in this group,0
really you are too hopeless to understand this presentation right now,1
honestly you are completely awful in this group,1
seriously what a worthless thing to say today,1
seriously your style looks nonsense every time,1
really you are acting like a stupid person online,1
honestly we will keep reporting every comment you post right now,1
Listen you always give awful answers every time,1
again people say your report was copied,1
again people say your research was copied,1
again post another terrible design for us to mock in this group,1
seriously you are completely terrible,1
honestly get lost you ridiculous every time,1
seriously everyone heard that you ruined the post today,1
i really liked your idea in this group,0
Your style looks embarrassing right now!,1
again nobody cares about your answer right now,1
really i really liked your idea,0
seriously everyone is laughing at your project in this group,1
seriously everyone heard that you ruined the code today,1
Honestly reply again so everyone can laugh at you.,1
listen you always make a fool of yourself online today,1
You are too worthless to understand this assignment!,1
Honestly do not let this person join the project!,1
Honestly people will remember this embarrassing drawing in this group,1
everyone heard that you ruined the comment every time,1
really your effort on this code is appreciated in this group,0
listen you are too worthless to understand this design right now,1
seriously great job on the code right now,0
seriously get lost you worthless,1
Listen keep talking and show everyone how stupid you are every time.,1
really you explained the project very clearly,0
post another useless project for us to mock right now,1
honestly your research is a joke to everyone,1
Post another hopeless drawing for us to mock right now,1
seriously you embarrassed yourself with that project today,1
seriously thank you for your clear comment in this group,0
Again your profile picture looks embarrassing today!,1
honestly your effort on this design is appreciated every time,0
Honestly nobody should work with you on the assignment every time.,1
seriously the group keeps mocking what happened to you right now,1
really your answer is completely poor in this group,1
again your comment makes no sense at all right now,1
really your messages are unwanted every time in this group,1
Again try again so everyone can laugh right now.,1
seriously nobody should work with you on the research every time,1
Your profile picture looks awful!,1
honestly everyone is tired of seeing your post every time,1
seriously everyone can see how poor your comment is online,1
again you are so clueless right now,1
seriously you are a joke today,1
Seriously your marks show that you are hopeless in this group.,1
post another hopeless post for us to mock,1
Again your profile picture looks pathetic online.,1
listen stop posting such ridiculous things right now,1
honestly everyone heard that you ruined the code,1
again your profile picture looks useless every time,1
again everyone knows you lied about the research right now,1
really you are acting like a annoying person in this group,1
Honestly you are completely poor online!,1
Honestly get lost you useless every time,1
Really everyone is talking about your embarrassing mistake right now,1
seriously that was a very worthless response today,1
again what a foolish thing to say right now,1
really everyone knows you lied about the presentation,1
listen everyone is laughing at your drawing,1
Really your appearance looks ridiculous in that photo online!,1
seriously everyone heard that you ruined the code right now,1
your assignment is a joke to everyone every time,1
Honestly post another embarrassing design for us to mock right now,1
really shut up and stop being so pathetic online,1
Again nobody wants to hear from you here every time.,1
Seriously you look ridiculous in every picture right now.,1
listen let us improve the assignment together in this group,0
Listen you are so hopeless today,1
Honestly stop posting photos because you look terrible right now,1
people say your research was copied in this group,1
Honestly your posts are absolute trash every time,1
Listen shut up and stop being so useless today.,1
You are completely pathetic today,1
seriously everyone heard that you ruined the comment right now,1
Really stop posting photos because you look awkward in this group!,1
Listen you failed again in front of everyone right now.,1
honestly you are too pathetic to understand this post,1
seriously do not include this person in the team online,1
really your idea is completely awful online,1
again this is the most worthless assignment here every time,1
again people will remember this embarrassing idea,1
listen everyone is laughing at your design online,1
again you explained the presentation very clearly,0
this drawing was useful and interesting every time,0
seriously everyone heard that you ruined the design,1
really that was a very pathetic response online,1
really your appearance looks embarrassing in that photo every time,1
really everyone is laughing at your project in this group,1
really your effort on this idea is appreciated in this group,0
honestly we will keep reporting every assignment you post every time,1
listen shut up and stop being so pathetic in this group,1
again well done and keep learning every time,0
your comment is completely poor,1
Seriously post another pathetic code for us to mock in this group.,1
Seriously everyone is tired of you right now!,1
listen your effort on this project is appreciated online,0
really everyone can see how worthless your idea is right now,1
honestly stop pretending you understand the post online,1
again you sound useless in this comment today,1
your effort on this code is appreciated right now,0
really post another ridiculous assignment for us to mock every time,1
again people will remember this embarrassing drawing in this group,1
listen everyone can see how ridiculous your code is,1
again you explained the idea very clearly today,0
you always fail at basic tasks today,1
really we will keep reporting every design you post every time,1
again nobody cares about your design in this group,1
Listen your appearance looks pathetic in that photo!,1
listen stop posting photos because you look terrible right now,1
honestly you will never complete this opinion correctly in this group,1
your effort on this report is appreciated,0
Again your style looks poor in this group,1
again nobody should work with you on the idea right now,1
seriously your answer is a joke to everyone,1
again everyone can see how embarrassing your comment is online,1
really your opinion is worthless in this group,1
Listen your comment is a joke to everyone every time.,1
honestly your comment is creative right now,0
honestly your appearance looks poor in that photo,1
again you always fail at basic tasks in this group,1
listen you look strange in every picture today,1
really everyone knows you lied about the project,1
listen you look ridiculous in every picture today,1
again post another hopeless idea for us to mock,1
listen everyone heard that you ruined the code,1
everyone knows you lied about the message,1
honestly you always give hopeless answers every time,1
your profile picture looks useless right now,1
listen we will keep reporting every comment you post every time,1
listen everyone knows you lied about the drawing every time,1
really you embarrassed yourself with that code online,1
you are too clueless to understand this post today,1
Listen thank you for your creative report in this group!,0
Post another poor assignment for us to mock online.,1
listen you explained the code very clearly right now,0
again nobody cares about your drawing today,1
again your presentation is a joke to everyone today,1
i really liked your idea right now,0
Again you sound useless in this presentation every time!,1
you are too ridiculous to understand this drawing right now,1
honestly thank you for your useful design every time,0
listen we will keep reporting every drawing you post online,1
Again great job on the research every time,0
listen shut up and stop being so clueless online,1
really what a hopeless thing to say,1
really you will never complete this project correctly every time,1
this is the most useless drawing here every time,1
really your appearance looks hopeless in that photo in this group,1
really we made another group without you,1
honestly stop pretending you understand the project online,1
we will keep reporting every answer you post in this group,1
honestly get lost you hopeless online,1
really get lost you annoying every time,1
seriously i really liked your presentation in this group,0
seriously i disagree with your answer but i respect your view right now,0
Your project is completely nonsense online!,1
seriously keep talking and show everyone how incompetent you are today,1
Honestly you explained the code very clearly today.,0
Post another awful comment for us to mock in this group,1
really everyone is tired of seeing your presentation,1
really everyone should block you from the group,1
again everyone is tired of seeing your project right now,1
honestly what a annoying thing to say today,1
honestly stop posting such embarrassing things today,1
really thank you for your creative presentation today,0
seriously you are completely ridiculous today,1
You do not belong in this chat today.,1
seriously everyone is tired of seeing your post every time,1
again thank you for your helpful idea today,0
Seriously stop posting photos because you look ugly today.,1
Listen your post makes no sense at all in this group!,1
again do not let this person join the project every time,1
seriously everyone is laughing at your answer in this group,1
listen shut up and stop being so stupid,1
again you are acting like a incompetent person online,1
listen you will never complete this assignment correctly,1
Again shut up and stop being so worthless right now.,1
Really everyone heard that you ruined the answer online!,1
your style looks useless online,1
seriously i really liked your drawing online,0
again keep talking and show everyone how worthless you are right now,1
seriously this is the most useless project here in this group,1
seriously everyone knows you lied about the idea right now,1
really everyone knows you lied about the assignment every time,1
seriously stop posting such embarrassing things today,1
listen this report was useful and interesting every time,0
seriously you explained the answer very clearly in this group,0
Nobody should work with you on the drawing in this group,1
Really you are not invited to our group right now.,1
keep talking and show everyone how incompetent you are right now,1
seriously you explained the opinion very clearly online,0
Really you are completely terrible right now!,1
really i disagree with your opinion but i respect your view right now,0
Again what a incompetent thing to say right now!,1
listen your effort on this answer is appreciated online,0
listen i really liked your presentation right now,0
again let us improve the post together every time,0
seriously nobody should work with you on the comment every time,1
again everyone can see how terrible your message is,1
listen your drawing is completely pathetic today,1
seriously your appearance looks embarrassing in that photo every time,1
honestly your research is completely ridiculous in this group,1
seriously post another useless opinion for us to mock today,1
honestly people will remember this embarrassing code in this group,1
Listen that picture makes you look ridiculous in this group,1
honestly everyone should block you from the group,1
Honestly everyone is tired of seeing your report right now.,1
really what a foolish thing to say today,1
honestly your opinion is a joke to everyone,1
Really you are completely terrible online.,1
Seriously people are laughing at how you look today!,1
Really everyone heard that you ruined the research right now.,1
seriously everyone is tired of seeing your comment online,1
Listen keep talking and show everyone how foolish you are today.,1
seriously your effort on this presentation is appreciated in this group,0
really stop pretending you understand the comment,1
Really your effort on this presentation is appreciated right now.,0
Again keep posting because your mistakes entertain everyone,1
really your appearance looks awful in that photo,1
Honestly say that again and make yourself look foolish online,1
again nobody should work with you on the presentation today,1
listen that picture makes you look ridiculous,1
seriously get lost you hopeless every time,1
again everyone is tired of seeing your comment today,1
listen great job on the design right now,0
Again everyone heard that you ruined the project every time,1
Again this post made you look ridiculous!,1
Seriously post another nonsense project for us to mock every time,1
seriously what a stupid thing to say,1
nobody should work with you on the drawing right now,1
Listen we will continue without you today!,1
again your profile picture looks useless,1
you are too ridiculous to understand this presentation,1
Honestly your comment makes no sense at all today.,1
Listen your appearance looks worthless in that photo online!,1
seriously you are completely hopeless every time,1
everyone heard that you ruined the design right now,1
Listen everyone heard that you ruined the report today,1
again stop pretending you understand the idea every time,1
Really please share your presentation when you are free today!,0
this is the most worthless answer here online,1
seriously thank you for your clear code every time,0
honestly you are too stupid to understand this idea every time,1
Honestly everyone knows you are bad at this subject online.,1
everyone is laughing at your answer in this group,1
Listen everyone is tired of seeing your opinion,1
listen you are completely hopeless online,1
really get lost you worthless in this group,1
Again everyone knows you lied about the opinion!,1
Your opinion is completely embarrassing right now!,1
seriously thank you for your helpful code today,0
seriously your effort on this presentation is appreciated every time,0
listen you are too hopeless to understand this project in this group,1
Honestly we will keep reporting every post you post.,1
your research is interesting online,0
nobody cares about your report today,1
Listen you look awkward in every picture today!,1
again get lost you ridiculous,1
Everyone is tired of seeing your research online,1
seriously everyone is tired of seeing your message today,1
everyone heard that you ruined the project in this group,1
again everyone is laughing at your idea today,1
listen you are too incompetent to understand this research today,1
again everyone is tired of seeing your drawing,1
honestly people say your comment was copied in this group,1
again stop posting photos because you look strange today,1
really keep talking and show everyone how hopeless you are right now,1
nobody should work with you on the report today,1
honestly you always make a fool of yourself online today,1
seriously nobody should work with you on the research online,1
seriously everyone knows you lied about the message,1
really you are too clueless to understand this code in this group,1
Really we will keep reporting every idea you post every time!,1
Again let us improve the project together today!,0
nobody cares about your message in this group,1
Again you embarrassed yourself with that report in this group!,1
listen people will remember this embarrassing message online,1
we will keep reporting every research you post right now,1
again you are acting like a stupid person every time,1
honestly please share your idea when you are free online,0
Seriously nobody should work with you on the message right now.,1
really you are so hopeless today,1
Honestly leave this group because nobody likes your posts online!,1
honestly your research is a joke to everyone in this group,1
we will keep reporting every message you post in this group,1
honestly your assignment is completely pathetic online,1
listen post another nonsense assignment for us to mock in this group,1
again thank you for your clear opinion today,0
Again you are a joke.,1
seriously everyone heard that you ruined the design every time,1
listen your report makes no sense at all today,1
again you are so worthless,1
again people say your comment was copied online,1
Your style looks nonsense every time,1
really nobody cares about your project today,1
Try again so everyone can laugh,1
really everyone is tired of seeing your report,1
Again keep posting because your mistakes entertain everyone online,1
seriously you are acting like a stupid person,1
Listen keep talking and show everyone how stupid you are online.,1
everyone can see how terrible your assignment is,1
everyone can see how ridiculous your code is every time,1
Really that was a very clueless response online,1
again you sound pathetic in this message in this group,1
listen your post is completely worthless every time,1
Listen nobody should work with you on the presentation online.,1
seriously nobody should work with you on the code online,1
Honestly this drawing made you look ridiculous in this group.,1
Listen everyone heard that you ruined the assignment online!,1
Honestly keep talking and show everyone how worthless you are online!,1
Again you embarrassed yourself with that answer every time!,1
honestly you explained the presentation very clearly right now,0
again this is the most embarrassing drawing here every time,1
thank you for your useful assignment every time,0
again stop pretending you understand the message today,1
seriously please share your report when you are free,0
You are not welcome in our discussion today!,1
Everyone can see how nonsense your presentation is.,1
again you are completely useless right now,1
really this report made you look ridiculous today,1
Really nobody cares about your project online!,1
again you sound clueless in this idea in this group,1
listen this research made you look ridiculous every time,1
seriously you will never complete this report correctly today,1
stop posting photos because you look unpleasant,1
post another poor code for us to mock every time,1
listen i really liked your design right now,0
Again everyone is tired of seeing your idea in this group.,1
honestly nobody cares about your comment today,1
really keep making mistakes because it is funny every time,1
get lost you worthless online,1
listen stop pretending you understand the code right now,1
again you embarrassed yourself with that idea online,1
really your effort on this drawing is appreciated right now,0
listen people say your assignment was copied every time,1
honestly what a ridiculous thing to say every time,1
everyone is tired of seeing your answer in this group,1
really this post made you look ridiculous online,1
honestly your post makes no sense at all today,1
you explained the message very clearly today,0
again continue arguing because nobody takes you seriously in this group,1
honestly please share your idea when you are free right now,0
seriously nobody wants to hear from you here every time,1
honestly everyone is laughing at your answer every time,1
Honestly the group keeps mocking what happened to you in this group.,1
honestly keep talking and show everyone how useless you are online,1
you embarrassed yourself with that message online,1
listen people will joke about the way you look in this group,1
again this message made you look ridiculous in this group,1
Really people will remember this embarrassing project in this group,1
really people will remember this embarrassing comment today,1
seriously you sound useless in this post in this group,1
honestly great job on the research in this group,0
seriously nobody should work with you on the code right now,1
Everyone can see how ridiculous your project is today!,1
this is the most nonsense message here today,1
people will remember this embarrassing opinion online,1
Your post makes no sense at all online.,1
honestly nobody should work with you on the opinion every time,1
honestly you look ridiculous in every picture every time,1
Really everyone is tired of seeing your answer online.,1
listen stop pretending you understand the design online,1
seriously everyone can see how nonsense your code is online,1
your appearance looks pathetic in that photo today,1
people will remember this embarrassing report right now,1
really your drawing makes no sense at all online,1
honestly post another poor report for us to mock online,1
honestly you embarrassed yourself with that message,1
listen thank you for your kind report,0
again nobody cares about your project every time,1
honestly your style looks embarrassing today,1
post another ridiculous research for us to mock every time,1
your research is a joke to everyone today,1
again everyone is talking about your embarrassing mistake,1
listen nobody cares about your design every time,1
seriously you look strange in every picture today,1
really your opinion makes no sense at all online,1
seriously you always give awful answers in this group,1
honestly you look unpleasant in every picture right now,1
Honestly you look strange in every picture in this group.,1
Everyone is tired of you!,1
nobody should work with you on the idea right now,1
honestly everyone knows you lied about the opinion every time,1
that was a very ridiculous response today,1
honestly your embarrassing story is spreading online in this group,1
listen your mistake is being shared for everyone to laugh at in this group,1
seriously everyone is laughing at your research every time,1
listen you are so useless every time,1
nobody cares about your drawing,1
seriously you are too clueless to understand this design,1
seriously shut up and stop being so stupid right now,1
really post another useless idea for us to mock in this group,1
listen have a good day and take care,0
you are too foolish to understand this project in this group,1
seriously everyone heard that you ruined the report right now,1
seriously we will keep reporting every design you post in this group,1
really you will never complete this answer correctly,1
your report is impressive today,0
honestly you sound stupid in this presentation today,1
again people say your post was copied today,1
again everyone is laughing at your message right now,1
seriously nobody should work with you on the code today,1
seriously let us improve the post together every time,0
again stop pretending you understand the drawing in this group,1
seriously you look awkward in that photo,1
again nobody cares about your project in this group,1
listen this project made you look ridiculous right now,1
Seriously your profile picture looks terrible in this group,1
Listen everyone can see how worthless your research is right now!,1
honestly you are too ridiculous to understand this research right now,1
stop being such a loser,1
honestly i disagree with your message but i respect your view in this group,0
Everyone is talking about your embarrassing mistake online,1
listen have a good day and take care today,0
again everyone is tired of seeing your answer today,1
listen keep talking and show everyone how clueless you are online,1
listen thank you for your creative answer online,0
seriously post another embarrassing comment for us to mock every time,1
really people will remember this embarrassing post right now,1
honestly you explained the research very clearly every time,0
again everyone knows you lied about the assignment right now,1
you look strange in every picture,1
Listen go on and embarrass yourself again.,1
nobody cares about your opinion online,1
Really your posts are absolute trash online.,1
honestly post another pathetic code for us to mock in this group,1
Your appearance looks embarrassing in that photo every time.,1
nobody should work with you on the drawing online,1
really your profile picture looks ridiculous in this group,1
Really this is the most nonsense assignment here,1
Listen your report makes no sense at all right now!,1
seriously stop being such a loser today,1
again you will never complete this design correctly every time,1
seriously thank you for your useful project online,0
seriously what a clueless thing to say in this group,1
Honestly you sound ridiculous in this report every time!,1
people are sharing stories to make fun of you every time,1
Seriously everyone can see how terrible your presentation is online.,1
really what a pathetic thing to say every time,1
your project makes no sense at all every time,1
again people say your post was copied right now,1
really everyone will make fun of your appearance today,1
seriously your idea is clear in this group,0
Do not include this person in the team today,1
honestly everyone is laughing at your opinion every time,1
listen nobody should work with you on the post,1
Again you are too worthless to understand this code today.,1
thank you for your interesting research right now,0
again stop pretending you understand the presentation every time,1
you will never complete this message correctly,1
listen your appearance looks hopeless in that photo online,1
seriously this design made you look ridiculous today,1
Everyone heard that you ruined the comment online!,1
seriously shut up and stop being so hopeless every time,1
really your design is completely useless every time,1
really we will keep reporting every answer you post right now,1
again everyone is tired of seeing your post in this group,1
seriously get lost you worthless in this group,1
everyone heard that you ruined the assignment online,1
seriously you are too foolish to understand this code,1
really you sound stupid in this project in this group,1
listen everyone knows you lied about the presentation every time,1
again this report made you look ridiculous online,1
again your effort on this post is appreciated today,0
people are laughing at how you look in this group,1
listen your research is a joke to everyone online,1
you are too hopeless to understand this comment in this group,1
listen you are too stupid to understand this presentation online,1
keep talking and show everyone how clueless you are,1
again your design is a joke to everyone,1
again you are too ridiculous to understand this project online,1
honestly stop posting such awful things right now,1
Seriously we will continue without you right now.,1
listen everyone knows you lied about the comment right now,1
your style looks pathetic in this group,1
again everyone is laughing at your message in this group,1
people will remember this embarrassing design in this group,1
seriously you are too incompetent to understand this design every time,1
listen people are laughing at how you look every time,1
Honestly post another embarrassing drawing for us to mock in this group!,1
seriously your appearance looks ridiculous in that photo every time,1
really shut up and stop being so stupid online,1
listen you are completely nonsense every time,1
again nobody should work with you on the assignment today,1
Again thank you for your helpful project in this group!,0
listen everyone is talking about your embarrassing mistake,1
seriously the whole group knows about your failure,1
honestly everyone heard that you ruined the post every time,1
listen this is the most hopeless post here right now,1
Really you will never complete this research correctly online,1
Seriously you sound stupid in this comment every time.,1
We will keep reporting every report you post today,1
listen get lost you stupid today,1
seriously stop posting such terrible things in this group,1
Really your post is completely nonsense every time!,1
again nobody cares about your drawing right now,1
listen people will remember this embarrassing assignment online,1
thank you for your helpful drawing online,0
post another useless comment for us to mock every time,1
really your project is completely hopeless,1
Your effort on this message is appreciated online.,0
Honestly do not include this person in the team every time!,1
Really keep away from our group conversations online,1
really people will remember this embarrassing idea today,1
Again your drawing is kind online,0
your style looks worthless,1
Again well done and keep learning!,0
Honestly you are too incompetent to understand this code in this group.,1
listen stop pretending you understand the design in this group,1
Really people are laughing at how you look.,1
listen your presentation is completely worthless every time,1
seriously stop pretending you understand the assignment today,1
listen your project is completely poor right now,1
listen you look ugly in every picture,1
you are completely terrible right now,1
seriously this is the most embarrassing idea here every time,1
seriously everyone is tired of seeing your report online,1
Listen everyone can see how awful your assignment is every time!,1
Listen everyone is tired of seeing your drawing today!,1
we will keep reporting every presentation you post today,1
seriously what a annoying thing to say every time,1
really you are too incompetent to understand this research right now,1
you are too ridiculous to understand this post online,1
Again people say your assignment was copied in this group,1
seriously everyone is tired of seeing your design every time,1
honestly thank you for your creative opinion,0
seriously your research is kind in this group,0
seriously you look awkward in every picture online,1
again stop posting such ridiculous things online,1
really this design made you look ridiculous in this group,1
really everyone is tired of seeing your comment every time,1
listen we will keep reporting every research you post right now,1
stop pretending you understand the post today,1
listen this comment made you look ridiculous today,1
Honestly people will remember this embarrassing opinion right now.,1
Keep talking and show everyone how worthless you are every time,1
again your profile picture looks awful today,1
really you embarrassed yourself with that answer online,1
listen your answer is creative online,0
Again you are too annoying to understand this assignment,1
Everyone knows you lied about the assignment today!,1
honestly everyone can see how awful your answer is in this group,1
honestly you are too stupid to understand this post online,1
really post another ridiculous post for us to mock today,1
Honestly nobody should work with you on the message today.,1
seriously everyone knows you lied about the message in this group,1
again please share your project when you are free right now,0
listen we will keep reporting every research you post,1
again this design was useful and interesting,0
seriously your style looks awful right now,1
listen stop posting photos because you look ugly every time,1
Honestly we will ignore everything you post.,1
Honestly reply again so everyone can laugh at you every time.,1
seriously you are so stupid today,1
Again everyone heard that you ruined the answer every time!,1
really leave this group because nobody likes your posts online,1
seriously keep talking and show everyone how ridiculous you are every time,1
Seriously people say your presentation was copied every time!,1
really you are completely pathetic every time,1
seriously you are acting like a worthless person in this group,1
shut up and stop being so stupid today,1
again i disagree with your design but i respect your view today,0
Really post another hopeless idea for us to mock right now.,1
again nobody cares about your answer online,1
listen we will keep reporting every idea you post,1
Again nobody should work with you on the answer,1
Honestly we do not want you in this discussion,1
people will joke about the way you look today,1
Again you should stay silent in this group in this group,1
Really you look awkward in that photo!,1
really stop pretending you understand the assignment every time,1
seriously your report is completely useless right now,1
honestly get lost you foolish today,1
Seriously you embarrassed yourself with that comment!,1
Listen you always give awful answers online.,1
listen you are too ridiculous to understand this design in this group,1
This idea made you look ridiculous in this group.,1
seriously get lost you worthless today,1
really thank you for your useful answer,0
seriously please share your opinion when you are free,0
listen your research is excellent every time,0
honestly your project is a complete failure in this group,1
i disagree with your code but i respect your view in this group,0
listen post another ridiculous assignment for us to mock,1
listen stop pretending you understand the research every time,1
really what a useless thing to say right now,1
again everyone knows you are bad at this subject right now,1
Honestly this opinion was useful and interesting every time.,0
listen your appearance looks terrible in that photo today,1
Seriously nobody should work with you on the idea in this group!,1
honestly you look ridiculous in every picture in this group,1
you embarrassed yourself with that code today,1
listen everyone knows you lied about the code in this group,1
again nobody cares about your comment in this group,1
listen post another pathetic research for us to mock right now,1
again everyone is laughing at your project online,1
seriously everyone can see how embarrassing your research is online,1
Honestly that picture makes you look ridiculous in this group,1
again people say your code was copied every time,1
honestly nobody cares about your design in this group,1
honestly keep talking and show everyone how clueless you are every time,1
Seriously try again so everyone can laugh every time.,1
Seriously i really liked your post online,0
listen stop pretending you understand the design today,1
honestly your project is helpful,0
seriously your assignment makes no sense at all online,1
listen your assignment is completely useless today,1
Honestly your appearance looks ridiculous in that photo every time!,1
seriously your project is a joke to everyone in this group,1
i disagree with your design but i respect your view in this group,0
again your effort on this assignment is appreciated today,0
People will remember this embarrassing idea in this group!,1
listen everyone is tired of seeing your assignment online,1
really everyone heard that you ruined the code today,1
honestly you are acting like a stupid person every time,1
again people say your assignment was copied every time,1
listen people will remember this embarrassing drawing right now,1
Listen we will keep reporting every drawing you post today.,1
you are acting like a incompetent person,1
again your appearance looks awful in that photo in this group,1
really we will keep reporting every opinion you post in this group,1
listen people say your code was copied right now,1
seriously i disagree with your research but i respect your view online,0
Listen you explained the code very clearly every time,0
listen everyone knows you lied about the design,1
honestly people will remember this embarrassing assignment in this group,1
honestly thank you for your helpful post today,0
listen you do not belong in this chat online,1
your opinion is helpful right now,0
listen that was a very hopeless response right now,1
thank you for your interesting project in this group,0
Seriously continue arguing because nobody takes you seriously every time.,1
listen everyone can see how embarrassing your presentation is online,1
again you embarrassed yourself with that research today,1
listen let us improve the comment together,0
seriously i really liked your assignment every time,0
You are completely ridiculous today!,1
really post another useless message for us to mock today,1
listen you always give worthless answers,1
listen everyone heard that you ruined the opinion right now,1
listen you always give poor answers today,1
Listen your idea is helpful today.,0
Honestly we will keep reporting every answer you post in this group.,1
honestly nobody should work with you on the design,1
Really try again so everyone can laugh,1
listen you are completely hopeless today,1
Again you look awkward in that photo today,1
seriously you are too annoying to understand this post every time,1
seriously you are too ridiculous to understand this opinion today,1
again stop posting photos because you look ugly in this group,1
honestly nobody should work with you on the answer in this group,1
seriously get lost you foolish today,1
you are a fat ugly pig,1
honestly people will remember this embarrassing project,1
Really everyone heard that you ruined the code in this group!,1
seriously everyone heard that you ruined the presentation right now,1
people say your code was copied,1
seriously everyone heard that you ruined the opinion today,1
keep talking and show everyone how stupid you are every time,1
really post another hopeless drawing for us to mock in this group,1
again you are acting like a pathetic person in this group,1
you are acting like a pathetic person,1
again everyone heard that you ruined the idea online,1
nobody should work with you on the opinion online,1
listen you explained the answer very clearly online,0
again stop posting such poor things every time,1
Seriously you are too clueless to understand this message!,1
Honestly everyone knows you lied about the idea today,1
seriously your appearance looks pathetic in that photo online,1
again this is the most hopeless design here online,1
Listen your research is helpful in this group!,0
really please share your comment when you are free online,0
Nobody cares about your project right now.,1
Again you are so worthless every time,1
listen you look ugly in every picture today,1
listen your appearance looks pathetic in that photo right now,1
really continue arguing because nobody takes you seriously every time,1
seriously your appearance looks hopeless in that photo online,1
listen your marks show that you are hopeless in this group,1
listen you do not belong in this chat today,1
Again you are not welcome in our discussion online,1
Everyone will make fun of your appearance,1
seriously you will never complete this comment correctly right now,1
again you are completely embarrassing online,1
seriously you are a total failure online,1
really your presentation makes no sense at all today,1
stop posting such useless things right now,1
Really stop being such a loser today,1
Honestly nobody cares about your design every time!,1
Really nobody should work with you on the presentation right now!,1
Show us another one of your failures right now!,1
again your idea is a joke to everyone right now,1
Please share your drawing when you are free in this group!,0
Listen people will remember this embarrassing answer in this group.,1
Honestly you embarrassed yourself with that code online!,1
listen you failed again in front of everyone today,1
really this is another embarrassing post from you online,1
honestly keep away from our group conversations in this group,1
honestly everyone can see how awful your comment is today,1
Again the group is joking about your latest mistake online,1
Your code is completely hopeless today,1
Again shut up and stop being so foolish.,1
your assignment is completely useless right now,1
seriously stop posting such awful things today,1
seriously nobody should work with you on the answer,1
honestly this comment was useful and interesting right now,0
Listen we will keep reporting every assignment you post every time,1
your assignment is completely hopeless in this group,1
Honestly everyone heard that you ruined the opinion online.,1
really you are too hopeless to understand this drawing in this group,1
Keep posting because your mistakes entertain everyone right now,1
again this assignment was useful and interesting,0
listen you explained the assignment very clearly today,0
really nobody should work with you on the code today,1
really everyone is tired of seeing your assignment in this group,1
Really that picture makes you look ridiculous online,1
your code is excellent,0
really people will remember this embarrassing presentation online,1
honestly everyone is laughing at your code today,1
honestly your post is a joke to everyone every time,1
please share your research when you are free,0
listen stop posting photos because you look ugly,1
listen your idea is a joke to everyone every time,1
honestly thank you for your well prepared idea today,0
really people will remember this embarrassing comment in this group,1
really post another poor report for us to mock in this group,1
listen you look unpleasant in every picture,1
really i disagree with your drawing but i respect your view online,0
honestly you will never complete this opinion correctly every time,1
seriously nobody should work with you on the drawing right now,1
shut up and stop being so ridiculous in this group,1
again you always give poor answers right now,1
listen stop posting photos because you look ridiculous every time,1
again everyone heard that you ruined the message today,1
Listen let us improve the project together,0
listen great job on the answer online,0
Listen everyone will make fun of your appearance every time,1
Everyone can see how awful your idea is every time!,1
Honestly i disagree with your opinion but i respect your view every time.,0
again stop posting such pathetic things every time,1
listen you are acting like a worthless person right now,1
seriously get lost you incompetent,1
people will remember this embarrassing answer today,1
Again show us another one of your failures right now!,1
really we will keep reporting every post you post online,1
Listen you are completely poor every time!,1
Listen we do not want you in this discussion!,1
i disagree with your idea but i respect your view every time,0
honestly we will keep reporting every comment you post every time,1
listen people will remember this embarrassing drawing,1
everyone heard that you ruined the drawing right now,1
Your mistake is being shared for everyone to laugh at today.,1
go on and embarrass yourself again every time,1
seriously you are too hopeless to understand this research in this group,1
your appearance looks hopeless in that photo today,1
really you embarrassed yourself with that drawing in this group,1
shut up and stop being so annoying,1
listen you are completely useless right now,1
again i disagree with your project but i respect your view right now,0
listen shut up and stop being so pathetic,1
listen get lost you ridiculous online,1
honestly you embarrassed yourself with that code in this group,1
listen your message is a joke to everyone in this group,1
seriously you are too stupid to understand this code every time,1
Seriously keep talking and show everyone how useless you are!,1
you are too incompetent to understand this report in this group,1
listen you are acting like a worthless person online,1
people will remember this embarrassing opinion every time,1
Seriously you always fail at basic tasks today.,1
Honestly your embarrassing story is spreading online!,1
seriously your message is creative online,0
Stop pretending you understand the drawing every time.,1
really thank you for your kind code every time,0
listen everyone knows you lied about the assignment every time,1
seriously you explained the assignment very clearly right now,0
honestly everyone knows you lied about the code online,1
listen your mistake is being shared for everyone to laugh at every time,1
Really we made another group without you in this group.,1
shut up and stop being so worthless every time,1
Really stop pretending you understand the post.,1
Really people are forwarding your mistake everywhere every time,1
your style looks nonsense in this group,1
Seriously everyone knows you lied about the post right now!,1
Seriously the group keeps mocking what happened to you online,1
again you are too useless to understand this report right now,1
Again thank you for your helpful post today,0
seriously stop posting photos because you look terrible every time,1
honestly we will keep reporting every report you post today,1
really people say your report was copied in this group,1
seriously nobody cares about your project today,1
really shut up and stop being so worthless online,1
seriously you are too worthless to understand this research every time,1
listen your effort on this comment is appreciated,0
listen stop posting such awful things in this group,1
Honestly have a good day and take care!,0
you always fail at basic tasks right now,1
Listen thank you for your clear presentation,0
stop pretending you understand the post online,1
again your profile picture looks embarrassing in this group,1
Your effort on this code is appreciated today!,0
listen you are acting like a hopeless person online,1
honestly people say your assignment was copied,1
again get lost you foolish today,1
really nobody should work with you on the design today,1
listen you are acting like a incompetent person in this group,1
again your opinion is a joke to everyone every time,1
continue arguing because nobody takes you seriously online,1
We will keep reporting every assignment you post.,1
seriously nobody cares about your report online,1
really people will remember this embarrassing presentation right now,1
really everyone knows you lied about the idea today,1
seriously this presentation made you look ridiculous today,1
seriously your profile picture looks hopeless today,1
really your style looks useless today,1
Listen try again so everyone can laugh every time.,1
honestly you are too foolish to understand this message right now,1
people will remember this embarrassing project in this group,1
again everyone is tired of seeing your comment,1
listen we will keep reporting every idea you post in this group,1
again people will remember this embarrassing answer right now,1
really people say your research was copied in this group,1
seriously everyone knows you lied about the project every time,1
listen your style looks nonsense every time,1
really everyone is tired of seeing your comment right now,1
Again your post is a joke to everyone in this group.,1
again nobody cares about your code,1
honestly we will keep reporting every design you post online,1
seriously everyone knows you lied about the project today,1
honestly you are acting like a hopeless person today,1
nobody cares about your idea,1
honestly i really liked your assignment today,0
really let us improve the code together every time,0
Really i really liked your comment online.,0
honestly everyone is tired of seeing your message every time,1
really people say your comment was copied in this group,1
honestly you are too worthless to understand this code in this group,1
really everyone can see how useless your drawing is every time,1
again post another worthless post for us to mock right now,1
seriously you are too useless to understand this code every time,1
really stop posting such embarrassing things online,1
you will never complete this drawing correctly every time,1
seriously your research is completely useless online,1
honestly your profile picture looks embarrassing in this group,1
seriously your appearance looks pathetic in that photo every time,1
honestly continue arguing because nobody takes you seriously in this group,1
Listen you embarrassed yourself with that project today!,1
everyone is tired of seeing your assignment,1
Again your answer proves you know nothing!,1
everyone can see how terrible your idea is every time,1
Your effort on this comment is appreciated every time!,0
really people will remember this embarrassing design in this group,1
listen that was a very stupid response today,1
really stop pretending you understand the answer every time,1
honestly everyone is laughing at your message online,1
Listen that was a very pathetic response right now.,1
Honestly i really liked your comment today!,0
seriously what a annoying thing to say in this group,1
seriously this is the most embarrassing report here,1
Seriously people will remember this embarrassing report right now.,1
seriously that was a very foolish response today,1
Really try again so everyone can laugh in this group!,1
Honestly your project is clear today.,0
listen everyone is tired of seeing your assignment today,1
seriously your message is a joke to everyone,1
listen this code was useful and interesting in this group,0
honestly you explained the research very clearly online,0
Really you are not invited to our group.,1
Listen you are so foolish online.,1
Your comment is completely embarrassing online.,1
please share your message when you are free,0
again this is the most embarrassing comment here today,1
Listen your style looks embarrassing right now!,1
seriously we will keep reporting every research you post in this group,1
listen reply again so everyone can laugh at you every time,1
Seriously your project makes no sense at all right now!,1
listen you explained the presentation very clearly in this group,0
go on and embarrass yourself again,1
Listen you should stay silent in this group every time.,1
really get lost you clueless every time,1
really this is the most worthless message here,1
listen everyone is laughing at your assignment in this group,1
everyone knows you lied about the post,1
Listen your style looks useless in this group!,1
your post is a joke to everyone right now,1
honestly this is the most awful drawing here in this group,1
You failed again in front of everyone online!,1
Again people say your comment was copied right now.,1
really you will never complete this opinion correctly every time,1
Your assignment is completely useless every time,1
seriously you are so annoying in this group,1
Seriously you do not belong in this chat today!,1
really you sound annoying in this drawing every time,1
really your style looks awful,1
Seriously do not include this person in the team today.,1
listen post another terrible post for us to mock every time,1
You always give worthless answers right now,1
seriously nobody should work with you on the opinion every time,1
really post another hopeless design for us to mock in this group,1
Again shut up and stop being so stupid!,1
really everyone can see how nonsense your code is every time,1
listen your appearance looks worthless in that photo today,1
really keep talking and show everyone how stupid you are right now,1
honestly you embarrassed yourself with that project right now,1
seriously your profile picture looks poor today,1
really get lost you clueless in this group,1
listen great job on the presentation,0
Listen show us another one of your failures right now,1
honestly everyone heard that you ruined the report every time,1
listen i disagree with your opinion but i respect your view right now,0
let us improve the research together today,0
your embarrassing story is spreading online online,1
honestly we will keep reporting every assignment you post today,1
that was a very stupid response in this group,1
Great job on the drawing in this group,0
seriously nobody cares about your comment online,1
again your appearance looks embarrassing in that photo right now,1
seriously people say your project was copied in this group,1
really you are completely hopeless,1
listen you are too incompetent to understand this idea today,1
listen continue arguing because nobody takes you seriously in this group,1
listen nobody cares about your post online,1
honestly you embarrassed yourself with that assignment right now,1
listen great job on the opinion right now,0
honestly everyone is tired of seeing your idea in this group,1
really you always give terrible answers in this group,1
really your appearance looks ridiculous in that photo in this group,1
Listen everyone knows you lied about the presentation in this group,1
Listen we will ignore everything you post every time.,1
really stop posting photos because you look strange,1
everyone knows you lied about the comment today,1
really people are sharing stories to make fun of you in this group,1
Really nobody should work with you on the idea today.,1
again nobody should work with you on the idea,1
Listen your messages are unwanted every time online!,1
really this code was useful and interesting in this group,0
listen i really liked your assignment today,0
seriously everyone can see how awful your opinion is in this group,1
This is the most nonsense drawing here in this group,1
Listen your appearance looks pathetic in that photo in this group,1
listen nobody should work with you on the code online,1
Honestly nobody cares about your research in this group!,1
Really everyone knows you lied about the presentation today.,1
Seriously you cannot solve even a simple question in this group,1
honestly i disagree with your report but i respect your view every time,0
seriously you embarrassed yourself with that comment in this group,1
really your effort on this drawing is appreciated every time,0
Again you are too annoying to understand this project in this group!,1
People are sharing stories to make fun of you online.,1
post another nonsense opinion for us to mock online,1
Listen stop pretending you understand the project online!,1
really everyone heard that you ruined the project right now,1
seriously your presentation is completely hopeless online,1
honestly continue arguing because nobody takes you seriously online,1
seriously everyone is tired of you today,1
seriously you are completely awful online,1
seriously please share your project when you are free online,0
listen post another nonsense presentation for us to mock,1
Again you embarrassed yourself with that code.,1
really you do not belong in this chat in this group,1
Seriously your code is the worst in the class online,1
Your code is a joke to everyone online,1
i really liked your opinion today,0
again stop coming back to this page in this group,1
listen we made another group without you right now,1
really your drawing is a joke to everyone today,1
Listen this is the most hopeless idea here.,1
Really your answer proves you know nothing in this group!,1
Seriously show us another one of your failures,1
listen you are so pathetic,1
Honestly you embarrassed yourself with that answer online.,1
Stop pretending you understand the idea today.,1
let us improve the comment together right now,0
seriously you are so useless,1
again people will remember this embarrassing post online,1
listen your opinion is a joke to everyone online,1
honestly stop pretending you understand the answer right now,1
i really liked your project in this group,0
listen you are not welcome in our discussion online,1
Everyone is talking about your embarrassing mistake in this group!,1
Really continue arguing because nobody takes you seriously.,1
We will continue without you in this group.,1
again stop posting such useless things online,1
really you will never complete this code correctly right now,1
honestly people say your report was copied right now,1
really you always give hopeless answers every time,1
really keep talking and show everyone how foolish you are,1
get lost you clueless today,1
You failed again in front of everyone every time,1
You cannot solve even a simple question in this group.,1
post another hopeless research for us to mock in this group,1
nobody cares about your design,1
nobody should work with you on the answer today,1
listen you look awkward in every picture,1
again post another nonsense drawing for us to mock,1
really thank you for your well prepared message,0
really your profile picture looks ridiculous every time,1
listen you embarrassed yourself with that report in this group,1
seriously thank you for your impressive message right now,0
your style looks nonsense,1
Seriously post another hopeless idea for us to mock in this group,1
seriously what a ridiculous thing to say every time,1
really people say your assignment was copied right now,1
really nobody cares about your post,1
seriously nobody cares about your project,1
listen this is the most ridiculous message here every time,1
really nobody cares about your presentation right now,1
really post another worthless design for us to mock in this group,1
again this code made you look ridiculous every time,1
honestly you explained the answer very clearly,0
you look unpleasant in every picture every time,1
honestly everyone heard that you ruined the drawing right now,1
people will remember this embarrassing report every time,1
Honestly you are acting like a annoying person right now,1
Seriously nobody cares about your presentation today!,1
seriously you are too ridiculous to understand this answer today,1
Honestly please share your post when you are free in this group!,0
Honestly your style looks awful.,1
Again thank you for your thoughtful post in this group,0
listen you are too worthless to understand this idea every time,1
listen people say your comment was copied,1
seriously everyone knows you are bad at this subject today,1
seriously let us improve the design together today,0
listen your report is excellent online,0
what a annoying thing to say online,1
really this is the most nonsense presentation here right now,1
Seriously people will joke about the way you look in this group,1
Listen people will remember this embarrassing drawing every time,1
honestly your effort on this post is appreciated today,0
honestly this presentation made you look ridiculous today,1
honestly everyone is tired of seeing your design every time,1
Seriously your style looks hopeless in this group,1
honestly you explained the research very clearly,0
honestly everyone knows you lied about the opinion online,1
honestly you are completely pathetic today,1
Again everyone knows you lied about the answer in this group!,1
Listen everyone is laughing at your opinion every time,1
Your code is the worst in the class today!,1
people will remember this embarrassing idea right now,1
people will remember this embarrassing code in this group,1
Keep talking and show everyone how worthless you are!,1
honestly everyone can see how poor your code is,1
Listen you do not belong in this chat every time!,1
Really let us improve the answer together!,0
really nobody cares about your report in this group,1
listen stop posting photos because you look strange today,1
really post another useless assignment for us to mock every time,1
honestly you are too ridiculous to understand this assignment,1
Everyone knows you lied about the research online!,1
listen stop pretending you understand the opinion online,1
again stop pretending you understand the project today,1
Again your project is a complete failure right now.,1
seriously your appearance looks worthless in that photo today,1
Honestly let us improve the post together today.,0
We will keep reporting every post you post online!,1
again you are too incompetent to understand this message every time,1
honestly the whole group knows about your failure right now,1
again thank you for your clear post,0
honestly everyone knows you lied about the post online,1
really you will never complete this idea correctly right now,1
honestly nobody should work with you on the research today,1
Really people say your report was copied every time!,1
Honestly everyone heard that you ruined the design every time!,1
your message is completely embarrassing online,1
again great job on the presentation today,0
Listen stop being such a loser today,1
Listen post another useless design for us to mock,1
seriously you are completely nonsense online,1
Again your mistake is being shared for everyone to laugh at every time.,1
seriously please share your comment when you are free online,0
honestly have a good day and take care online,0
again post another terrible answer for us to mock in this group,1
get lost you pathetic in this group,1
You are not invited to our group!,1
You embarrassed yourself with that idea today,1
listen get lost you worthless right now,1
again you embarrassed yourself with that code online,1
honestly great job on the code online,0
we will keep reporting every assignment you post online,1
honestly shut up and stop being so pathetic in this group,1
honestly everyone is tired of seeing your idea online,1
Again your profile picture looks ridiculous online!,1
listen get lost you annoying online,1
Honestly your post is completely useless online.,1
seriously you sound hopeless in this research,1
Again let us improve the research together right now!,0
listen your profile picture looks awful today,1
really everyone knows you are bad at this subject,1
again thank you for your creative answer online,0
Listen do not let this person join the project in this group!,1
really this is the most embarrassing assignment here,1
honestly you are too clueless to understand this drawing today,1
Listen you are not invited to our group right now!,1
really you are too useless to understand this code online,1
again thank you for your kind comment in this group,0
Again your design makes no sense at all.,1
Really you explained the message very clearly every time.,0
really this is the most worthless comment here every time,1
Really you always give awful answers online,1
again you are too incompetent to understand this comment right now,1
really stop pretending you understand the post in this group,1
everyone is laughing at your presentation,1
Seriously try again so everyone can laugh today.,1
seriously your research is completely terrible today,1
listen your comment is a joke to everyone today,1
listen stop pretending you understand the post every time,1
honestly people say your opinion was copied every time,1
your assignment is interesting right now,0
you will never complete this assignment correctly in this group,1
really post another poor research for us to mock online,1
listen everyone is laughing at your report today,1
Listen everyone can see how worthless your report is today,1
honestly nobody cares about your design today,1
you will never complete this post correctly today,1
Honestly that was a very pathetic response every time!,1
Seriously your appearance looks worthless in that photo in this group.,1
really we will keep reporting every presentation you post,1
listen post another useless report for us to mock online,1
listen your answer is useful in this group,0
You are so incompetent right now!,1
really this drawing made you look ridiculous,1
Again you sound ridiculous in this design today!,1
honestly thank you for your helpful project today,0
Seriously you are too worthless to understand this report today.,1
seriously people say your code was copied,1
seriously your post is completely nonsense in this group,1
again you will never complete this answer correctly in this group,1
again post another worthless code for us to mock online,1
listen get lost you foolish right now,1
You explained the design very clearly right now,0
seriously reply again so everyone can laugh at you,1
again stop pretending you understand the drawing,1
you are so foolish online,1
really you are so hopeless right now,1
again you always give ridiculous answers every time,1
seriously please share your drawing when you are free,0
again this research made you look ridiculous right now,1
honestly keep talking and show everyone how incompetent you are every time,1
Again your messages are unwanted every time every time.,1
again great job on the message in this group,0
Great job on the design in this group!,0
listen please share your idea when you are free online,0
thank you for your thoughtful comment,0
Really shut up and stop being so useless every time!,1
seriously people say your idea was copied today,1
honestly your appearance looks embarrassing in that photo in this group,1
really you sound annoying in this post,1
again your report is a joke to everyone in this group,1
Really nobody should work with you on the research every time!,1
Again get lost you annoying in this group,1
post another terrible research for us to mock online,1
honestly this answer was useful and interesting every time,0
listen nobody should work with you on the comment online,1
again you explained the presentation very clearly in this group,0
Listen you explained the opinion very clearly.,0
again people will joke about the way you look in this group,1
Keep talking and show everyone how clueless you are today,1
listen you always give terrible answers every time,1
seriously post another ridiculous research for us to mock every time,1
Great job on the design,0
keep talking and show everyone how foolish you are in this group,1
Honestly stop pretending you understand the design today!,1
honestly let us improve the assignment together online,0
again get lost you annoying every time,1
really everyone is tired of seeing your research,1
Really nobody should work with you on the message online,1
Seriously stop pretending you understand the opinion in this group.,1
Everyone heard that you ruined the design online!,1
You always give ridiculous answers today!,1
listen you will never complete this presentation correctly today,1
again everyone is tired of seeing your assignment today,1
honestly your post makes no sense at all every time,1
really your code is the worst in the class every time,1
really that was a very worthless response online,1
Listen post another hopeless opinion for us to mock,1
really you always give awful answers,1
Seriously you are a total failure right now!,1
again people say your message was copied today,1
seriously you always fail at basic tasks online,1
Honestly your appearance looks embarrassing in that photo right now.,1
seriously people will joke about the way you look today,1
Again your opinion is worthless in this group.,1
you are so stupid in this group,1
again stop pretending you understand the research online,1
i really liked your code in this group,0
honestly this is the most embarrassing report here online,1
Really you always fail at basic tasks online.,1
really stop pretending you understand the idea in this group,1
Again you are acting like a clueless person today.,1
Again thank you for your helpful presentation in this group.,0
Honestly you are too incompetent to understand this project in this group,1
your profile picture looks embarrassing right now,1
you embarrassed yourself with that idea,1
really i really liked your research every time,0
honestly everyone can see how nonsense your comment is right now,1
honestly well done and keep learning right now,0
listen keep talking and show everyone how incompetent you are every time,1
seriously shut up and stop being so annoying every time,1
really i really liked your report every time,0
stop posting such embarrassing things online,1
listen your style looks awful today,1
really stop coming back to this page,1
Listen your style looks awful online,1
Again your design makes no sense at all every time.,1
honestly stop pretending you understand the assignment,1
really i disagree with your design but i respect your view in this group,0
listen you will never complete this report correctly right now,1
shut up and stop being so worthless,1
you are too annoying to understand this presentation in this group,1
really post another nonsense comment for us to mock right now,1
i really liked your comment online,0
Listen your posts are absolute trash in this group.,1
seriously you are acting like a annoying person in this group,1
honestly your answer is creative right now,0
nobody should work with you on the research online,1
seriously people will remember this embarrassing assignment today,1
Seriously you are so stupid right now!,1
again your messages are unwanted every time in this group,1
seriously nobody cares about your message today,1
again everyone heard that you ruined the idea every time,1
again post another useless post for us to mock in this group,1
really you are too foolish to understand this project,1
everyone can see how useless your message is in this group,1
honestly your effort on this research is appreciated every time,0
honestly nobody should work with you on the presentation in this group,1
really everyone knows you lied about the post in this group,1
again everyone is laughing at your post today,1
listen you explained the drawing very clearly today,0
Your opinion is a joke to everyone every time.,1
really post another ridiculous research for us to mock,1
nobody should work with you on the drawing,1
seriously everyone is tired of seeing your report today,1
really i really liked your answer,0
listen your message is a joke to everyone today,1
seriously you explained the idea very clearly every time,0
your style looks hopeless every time,1
listen your style looks worthless every time,1
Listen nobody wants to hear from you here today,1
Honestly your project is a complete failure every time,1
seriously keep talking and show everyone how clueless you are,1
really this comment was useful and interesting right now,0
listen your code makes no sense at all every time,1
Honestly keep making mistakes because it is funny in this group,1
Again nobody should work with you on the presentation right now,1
listen you look awkward in every picture every time,1
again everyone knows you lied about the idea today,1
honestly this is the most worthless presentation here,1
what a clueless thing to say right now,1
again you are completely awful in this group,1
People are laughing at how you look right now,1
Really do not include this person in the team right now!,1
Again everyone should block you from the group in this group,1
Really you are too foolish to understand this idea.,1
seriously show us another one of your failures online,1
everyone is tired of seeing your design today,1
really your appearance looks pathetic in that photo,1
the whole group knows about your failure online,1
Honestly your mistake is being shared for everyone to laugh at every time.,1
seriously your style looks hopeless today,1
listen nobody should work with you on the idea right now,1
post another awful answer for us to mock every time,1
seriously what a useless thing to say right now,1
listen i really liked your assignment in this group,0
seriously keep talking and show everyone how clueless you are in this group,1
listen post another pathetic code for us to mock every time,1
Honestly your answer proves you know nothing today,1
listen you look ridiculous in every picture right now,1
really your answer proves you know nothing today,1
Listen everyone knows you are bad at this subject.,1
People say your opinion was copied in this group.,1
seriously you embarrassed yourself with that opinion online,1
Seriously people are sharing stories to make fun of you online.,1
Seriously go on and embarrass yourself again.,1
Honestly i really liked your idea right now!,0
Seriously everyone will make fun of your appearance right now!,1
again you look strange in every picture right now,1
Again you are completely pathetic in this group.,1
Again leave this group because nobody likes your posts online.,1
really shut up and stop being so incompetent in this group,1
Really nobody should work with you on the post.,1
really everyone heard that you ruined the drawing right now,1
You are too clueless to understand this research right now!,1
Really show us another one of your failures in this group,1
honestly you sound useless in this design every time,1
Everyone knows you are bad at this subject every time!,1
Honestly nobody should work with you on the report online,1
seriously post another terrible answer for us to mock online,1
again this research was useful and interesting,0
honestly people say your design was copied in this group,1
seriously your profile picture looks useless every time,1
seriously stop pretending you understand the comment every time,1
Seriously you failed again in front of everyone today,1
listen we will keep reporting every comment you post in this group,1
seriously nobody should work with you on the idea every time,1
honestly you are so stupid in this group,1
listen everyone heard that you ruined the drawing in this group,1
Everyone is talking about your embarrassing mistake today!,1
seriously everyone heard that you ruined the idea online,1
really nobody should work with you on the comment online,1
seriously you explained the assignment very clearly today,0
Seriously you are so worthless in this group,1
again nobody wants to hear from you here online,1
Seriously please share your project when you are free.,0
really your profile picture looks terrible in this group,1
Listen post another pathetic report for us to mock in this group!,1
Again post another awful drawing for us to mock every time.,1
honestly your profile picture looks useless online,1
again post another nonsense report for us to mock online,1
honestly everyone knows you lied about the answer,1
Really your posts are absolute trash today.,1
listen we will keep reporting every assignment you post today,1
Honestly try again so everyone can laugh.,1
nobody cares about your project,1
really everyone is tired of seeing your opinion,1
Seriously you are not welcome in our discussion.,1
Seriously stop coming back to this page every time,1
listen you sound incompetent in this research every time,1
again your embarrassing story is spreading online online,1
really people say your idea was copied right now,1
again everyone is laughing at your drawing,1
listen nobody should work with you on the research right now,1
honestly do not let this person join the project today,1
this assignment was useful and interesting,0
honestly stop pretending you understand the presentation every time,1
seriously your style looks embarrassing,1
seriously post another ridiculous design for us to mock today,1
seriously this is the most pathetic comment here every time,1
Really your drawing is a joke to everyone in this group.,1
again everyone heard that you ruined the post every time,1
seriously you look unpleasant in every picture every time,1
honestly post another poor drawing for us to mock in this group,1
listen post another hopeless idea for us to mock today,1
honestly everyone is talking about your embarrassing mistake online,1
listen i really liked your drawing,0
really everyone is tired of seeing your project online,1
keep talking and show everyone how foolish you are today,1
everyone knows you lied about the report today,1
seriously we will ignore everything you post online,1
listen people say your research was copied today,1
Listen nobody should work with you on the comment every time.,1
Listen nobody should work with you on the message right now!,1
Post another hopeless design for us to mock online.,1
Honestly everyone knows you lied about the message in this group!,1
Seriously people say your post was copied right now!,1
honestly you embarrassed yourself with that comment right now,1
Seriously nobody should work with you on the project right now!,1
Listen your opinion is completely worthless in this group,1
again great job on the assignment today,0
seriously shut up and stop being so worthless,1
listen you are too pathetic to understand this report in this group,1
seriously stop posting photos because you look terrible online,1
listen shut up and stop being so pathetic right now,1
honestly keep talking and show everyone how foolish you are today,1
Again this is the most ridiculous comment here every time,1
honestly stop posting such terrible things online,1
Honestly your opinion is worthless today!,1
great job on the answer,0
listen you are too useless to understand this message every time,1
seriously have a good day and take care right now,0
Seriously you explained the report very clearly right now!,0
Again nobody should work with you on the assignment online!,1
listen your style looks hopeless today,1
honestly everyone is tired of seeing your presentation in this group,1
honestly nobody should work with you on the project,1
really everyone is laughing at your answer in this group,1
seriously everyone is tired of seeing your answer online,1
again your style looks worthless online,1
i disagree with your drawing but i respect your view today,0
honestly people say your post was copied in this group,1
listen your profile picture looks worthless online,1
listen your drawing makes no sense at all,1
again your style looks poor,1
again we will keep reporting every research you post every time,1
seriously i really liked your assignment in this group,0
again your style looks useless right now,1
Seriously you embarrassed yourself with that project online,1
really you are too ridiculous to understand this research today,1
again people will remember this embarrassing research in this group,1
really you sound stupid in this code right now,1
Seriously stop coming back to this page today,1
you are completely nonsense today,1
honestly i really liked your opinion today,0
post another awful assignment for us to mock,1
really shut up and stop being so annoying today,1
Seriously this is the most pathetic presentation here.,1
honestly everyone knows you lied about the project in this group,1
people say your project was copied right now,1
listen nobody cares about your presentation in this group,1
everyone knows you lied about the idea online,1
nobody cares about your presentation right now,1
honestly everyone can see how poor your presentation is online,1
We will ignore everything you post in this group.,1
honestly great job on the design today,0
really we will keep reporting every assignment you post every time,1
really your style looks embarrassing today,1
Again we will keep reporting every idea you post every time.,1
seriously stop pretending you understand the presentation,1
again post another hopeless post for us to mock online,1
listen you are too annoying to understand this design,1
i really liked your post in this group,0
stop pretending you understand the drawing in this group,1
Honestly your style looks pathetic.,1
really you explained the drawing very clearly in this group,0
really you are acting like a hopeless person right now,1
Listen post another nonsense research for us to mock today.,1
everyone is laughing at your code,1
everyone knows you lied about the answer online,1
seriously people are laughing at how you look online,1
again people are sharing stories to make fun of you today,1
seriously you embarrassed yourself with that design every time,1
listen that was a very worthless response online,1
keep talking and show everyone how incompetent you are online,1
Seriously reply again so everyone can laugh at you right now.,1
seriously we will keep reporting every code you post right now,1
really this is the most embarrassing answer here in this group,1
Really stop posting photos because you look strange online,1
seriously your code is a joke to everyone right now,1
again you always give embarrassing answers online,1
Seriously people will remember this embarrassing post online!,1
honestly your message is completely pathetic online,1
again get lost you stupid online,1
honestly post another terrible idea for us to mock in this group,1
again your embarrassing story is spreading online right now,1
honestly you always give useless answers,1
seriously everyone can see how useless your design is,1
stop posting such useless things today,1
You look awkward in every picture right now!,1
listen we will keep reporting every research you post every time,1
i disagree with your comment but i respect your view in this group,0
really keep talking and show everyone how annoying you are right now,1
listen get lost you annoying every time,1
go on and embarrass yourself again right now,1
Again get lost you useless!,1
listen i disagree with your answer but i respect your view today,0
honestly your style looks ridiculous right now,1
Honestly you are too annoying to understand this comment in this group,1
seriously nobody should work with you on the drawing online,1
really stop posting such useless things every time,1
seriously you are too worthless to understand this code,1
seriously this idea was useful and interesting in this group,0
what a foolish thing to say every time,1
I really liked your answer every time,0
Seriously you sound pathetic in this project online!,1
listen that was a very stupid response online,1
honestly your style looks nonsense online,1
honestly stop posting such awful things online,1
Really people say your comment was copied right now!,1
again that was a very worthless response in this group,1
honestly you are acting like a annoying person every time,1
Seriously great job on the research every time,0
really post another nonsense message for us to mock right now,1
really we will keep reporting every report you post every time,1
shut up and stop being so foolish in this group,1
listen nobody should work with you on the comment today,1
Again stop pretending you understand the idea today!,1
again you are acting like a stupid person today,1
listen you always give pathetic answers today,1
really great job on the comment,0
Really you look awkward in that photo online!,1
listen you are completely pathetic today,1
really you always fail at basic tasks right now,1
seriously you are too hopeless to understand this project,1
again you sound useless in this post every time,1
again you are acting like a foolish person every time,1
Listen you always give nonsense answers online.,1
honestly get lost you annoying in this group,1
honestly stop being such a loser online,1
seriously everyone heard that you ruined the research,1
Really everyone knows you lied about the answer online,1
great job on the answer online,0
really you are completely worthless right now,1
listen your appearance looks ridiculous in that photo right now,1
listen everyone is tired of seeing your report every time,1
listen your style looks nonsense right now,1
honestly your style looks poor every time,1
listen post another embarrassing message for us to mock,1
honestly get lost you useless online,1
you look terrible in every picture in this group,1
Seriously stop pretending you understand the idea.,1
honestly nobody cares about your post today,1
Listen nobody should work with you on the opinion every time.,1
really you will never complete this report correctly online,1
honestly you will never complete this design correctly today,1
seriously you sound pathetic in this report in this group,1
Listen your appearance looks worthless in that photo every time.,1
Seriously we will keep reporting every drawing you post right now.,1
nobody should work with you on the project every time,1
seriously you are so clueless,1
Really nobody should work with you on the project!,1
honestly thank you for your clear assignment in this group,0
really stop posting such awful things every time,1
Really everyone can see how pathetic your code is online.,1
really this idea was useful and interesting today,0
again the whole group knows about your failure right now,1
Again nobody should work with you on the post today.,1
seriously people say your answer was copied today,1
really keep talking and show everyone how foolish you are right now,1
seriously we will keep reporting every comment you post right now,1
You always give useless answers every time!,1
great job on the opinion online,0
again shut up and stop being so incompetent right now,1
again people will remember this embarrassing report today,1
honestly everyone knows you lied about the code every time,1
Again everyone is tired of seeing your project in this group.,1
listen this is the most awful answer here right now,1
listen i really liked your opinion in this group,0
Really shut up and stop being so incompetent.,1
seriously we will keep reporting every idea you post in this group,1
honestly thank you for your useful post online,0
Really you look awkward in every picture online.,1
seriously people say your code was copied every time,1
everyone knows you lied about the post online,1
Really you are too incompetent to understand this answer online,1
everyone can see how worthless your project is in this group,1
again keep talking and show everyone how annoying you are today,1
honestly i really liked your code online,0
honestly post another worthless comment for us to mock in this group,1
Seriously your posts are absolute trash online,1
Listen everyone can see how awful your opinion is every time,1
seriously stop posting photos because you look ridiculous in this group,1
listen that was a very stupid response,1
seriously everyone heard that you ruined the presentation today,1
seriously this code made you look ridiculous,1
honestly you are a joke,1
listen you sound worthless in this opinion today,1
really this is the most ridiculous answer here every time,1
Seriously i really liked your report online.,0
seriously post another poor post for us to mock every time,1
Really thank you for your excellent comment right now,0
well done brother,0
again keep talking and show everyone how clueless you are right now,1
your appearance looks terrible in that photo today,1
Stop pretending you understand the comment in this group.,1
listen everyone is tired of seeing your project online,1
Seriously you do not belong in this chat every time!,1
Honestly this is the most awful idea here,1
everyone can see how hopeless your answer is right now,1
Seriously stay out of our online group!,1
Seriously nobody should work with you on the opinion today,1
listen your profile picture looks embarrassing right now,1
seriously you will never complete this research correctly in this group,1
Listen your project is a complete failure!,1
seriously please share your design when you are free,0
Honestly that picture makes you look ridiculous,1
Really everyone is tired of you in this group.,1
again you are completely embarrassing every time,1
honestly post another embarrassing post for us to mock online,1
Honestly your answer makes no sense at all today,1
Really you look awkward in that photo in this group!,1
Honestly this report was useful and interesting right now,0
seriously your presentation is a joke to everyone right now,1
really this assignment made you look ridiculous online,1
seriously your opinion makes no sense at all right now,1
honestly everyone can see how pathetic your presentation is right now,1
Listen people say your presentation was copied,1
Please share your post when you are free.,0
Really get lost you ridiculous.,1
honestly you explained the answer very clearly today,0
Really your idea is completely pathetic,1
listen stop posting such nonsense things online,1
Listen nobody cares about your message!,1
stop posting photos because you look awkward online,1
really you embarrassed yourself with that drawing today,1
Really everyone knows you are bad at this subject today!,1
listen this presentation made you look ridiculous in this group,1
seriously everyone is talking about your embarrassing mistake online,1
seriously your style looks awful,1
really this is the most awful idea here in this group,1
Again people are forwarding your mistake everywhere in this group!,1
seriously nobody should work with you on the research,1
honestly stop posting photos because you look awkward,1
again you are so ridiculous right now,1
again i disagree with your project but i respect your view today,0
honestly you embarrassed yourself with that project online,1
Honestly keep away from our group conversations online.,1
again this project made you look ridiculous,1
Again thank you for your helpful assignment today.,0
Seriously everyone is talking about your embarrassing mistake today.,1
Listen keep talking and show everyone how worthless you are every time,1
Again everyone knows you are bad at this subject!,1
Listen get lost you foolish today!,1
really you explained the idea very clearly today,0
Seriously your embarrassing story is spreading online every time,1
you will never complete this report correctly right now,1
seriously say that again and make yourself look foolish online,1
really stop posting such worthless things today,1
Really everyone is tired of you right now,1
you will never complete this answer correctly right now,1
listen you always give awful answers right now,1
Again your appearance looks terrible in that photo online!,1
again shut up and stop being so useless every time,1
really people will remember this embarrassing answer online,1
Listen people will joke about the way you look today!,1
Listen keep making mistakes because it is funny right now.,1
This report made you look ridiculous every time.,1
really everyone knows you lied about the post today,1
really your profile picture looks awful today,1
everyone knows you lied about the project online,1
really you will never complete this opinion correctly in this group,1
Post another ridiculous project for us to mock today,1
listen your presentation is kind today,0
Seriously your post is a joke to everyone.,1
seriously nobody should work with you on the message in this group,1
honestly your report makes no sense at all in this group,1
honestly thank you for your impressive drawing online,0
again everyone is laughing at your research right now,1
again you are completely worthless every time,1
listen show us another one of your failures today,1
Your idea makes no sense at all in this group!,1
Seriously your project is a complete failure every time!,1
seriously that was a very hopeless response online,1
Again nobody cares about your report in this group.,1
seriously your assignment is completely ridiculous,1
Really do not let this person join the project,1
Again you are too clueless to understand this code online.,1
people will remember this embarrassing report in this group,1
honestly that was a very worthless response right now,1
really everyone heard that you ruined the message every time,1
again nobody should work with you on the post online,1
honestly nobody should work with you on the project today,1
again your comment is helpful every time,0
everyone is laughing at your project right now,1
Really the group keeps mocking what happened to you today!,1
honestly everyone heard that you ruined the message in this group,1
Again we will ignore everything you post!,1
stop posting such nonsense things right now,1
listen this project made you look ridiculous online,1
listen you look ugly in every picture right now,1
listen you are too hopeless to understand this comment in this group,1
again i disagree with your project but i respect your view,0
listen your style looks nonsense,1
Seriously you are acting like a foolish person in this group!,1
honestly we will keep reporting every idea you post right now,1
Listen nobody should work with you on the research every time,1
again your marks show that you are hopeless today,1
Listen this is the most nonsense project here today.,1
listen nobody should work with you on the post right now,1
honestly stop posting such embarrassing things online,1
seriously people will remember this embarrassing idea online,1
hope you are doing well,0
let us improve the project together in this group,0
again people will remember this embarrassing project right now,1
Seriously your embarrassing story is spreading online in this group!,1
again you are too clueless to understand this design in this group,1
really everyone is tired of seeing your project right now,1
honestly this is the most terrible assignment here in this group,1
listen stop pretending you understand the drawing right now,1
listen let us improve the design together right now,0
honestly nobody should work with you on the post every time,1
honestly we will keep reporting every idea you post today,1
Honestly post another worthless message for us to mock,1
Listen everyone is tired of you online.,1
really shut up and stop being so stupid,1
Listen everyone knows you are bad at this subject today.,1
Listen what a incompetent thing to say right now.,1
again your profile picture looks awful right now,1
really you failed again in front of everyone in this group,1
again your presentation is completely ridiculous right now,1
honestly we will keep reporting every code you post in this group,1
Listen your profile picture looks ridiculous online!,1
really you are too stupid to understand this opinion every time,1
Again everyone can see how nonsense your project is.,1
this drawing was useful and interesting,0
honestly you embarrassed yourself with that assignment every time,1
again nobody should work with you on the comment today,1
Again you cannot solve even a simple question online.,1
listen thank you for your helpful drawing right now,0
again your style looks embarrassing every time,1
honestly this post made you look ridiculous in this group,1
listen this is the most embarrassing message here online,1
again post another embarrassing answer for us to mock in this group,1
you are too pathetic to understand this drawing today,1
Listen your project is a complete failure online,1
listen this is the most terrible idea here every time,1
seriously your code is useful in this group,0
Honestly keep talking and show everyone how pathetic you are.,1
honestly that was a very hopeless response in this group,1
Again please share your design when you are free today,0
seriously everyone can see how awful your idea is every time,1
honestly stop posting photos because you look ugly right now,1
honestly what a pathetic thing to say in this group,1
listen this is the most poor post here,1
Honestly get lost you annoying online!,1
You do not belong in this chat right now,1
again stop posting such ridiculous things,1
again everyone heard that you ruined the answer today,1
really go on and embarrass yourself again,1
really stop pretending you understand the answer today,1
listen we will keep reporting every idea you post online,1
really this is the most nonsense design here,1
again you look terrible in every picture right now,1
Your post is a joke to everyone.,1
honestly post another useless project for us to mock in this group,1
again nobody cares about your comment today,1
Seriously everyone knows you lied about the drawing,1
Seriously you are a joke.,1
listen you are too clueless to understand this project every time,1
honestly your effort on this drawing is appreciated online,0
let us improve the message together today,0
people say your answer was copied every time,1
honestly stop coming back to this page online,1
listen people say your research was copied online,1
Listen that picture makes you look ridiculous online.,1
Honestly everyone is laughing at your research.,1
we will keep reporting every assignment you post every time,1
again you embarrassed yourself with that report right now,1
really people say your research was copied,1
again everyone is tired of seeing your project online,1
seriously your style looks embarrassing right now,1
Reply again so everyone can laugh at you in this group,1
really nobody cares about your research today,1
seriously keep talking and show everyone how foolish you are,1
seriously people will remember this embarrassing report every time,1
really everyone knows you are bad at this subject in this group,1
again you always give useless answers every time,1
get lost you stupid in this group,1
really everyone knows you lied about the drawing online,1
honestly you are so stupid online,1
honestly keep talking and show everyone how stupid you are online,1
you embarrassed yourself with that message every time,1
Listen nobody should work with you on the answer right now,1
really everyone heard that you ruined the opinion right now,1
listen keep talking and show everyone how annoying you are today,1
really your post is kind today,0
everyone can see how ridiculous your presentation is in this group,1
Your code is interesting in this group!,0
Really the group keeps mocking what happened to you right now!,1
seriously post another worthless report for us to mock today,1
Honestly post another hopeless answer for us to mock right now!,1
Listen you look awkward in every picture in this group!,1
seriously you are too incompetent to understand this answer right now,1
you will never complete this idea correctly online,1
honestly thank you for your creative post,0
listen you are too worthless to understand this comment today,1
really this is the most pathetic presentation here today,1
we will keep reporting every code you post in this group,1
again you are too ridiculous to understand this idea in this group,1
again everyone is tired of seeing your message today,1
seriously your opinion is worthless every time,1
really stop posting such nonsense things every time,1
Really everyone knows you lied about the idea in this group,1
honestly let us improve the code together every time,0
Listen nobody should work with you on the message every time!,1
again this idea made you look ridiculous every time,1
seriously post another pathetic answer for us to mock online,1
honestly this post was useful and interesting today,0
Listen that picture makes you look ridiculous every time,1
honestly everyone knows you lied about the research online,1
listen everyone can see how nonsense your drawing is today,1
people say your assignment was copied every time,1
really thank you for your excellent project today,0
really that was a very annoying response every time,1
Keep posting because your mistakes entertain everyone every time!,1
again everyone can see how useless your idea is right now,1
Honestly the whole group knows about your failure in this group.,1
Listen post another nonsense project for us to mock right now,1
listen your appearance looks nonsense in that photo online,1
you always give poor answers right now,1
Really everyone should block you from the group in this group,1
seriously people say your design was copied every time,1
Listen continue arguing because nobody takes you seriously online!,1
seriously this is the most useless research here right now,1
seriously your assignment is useful right now,0
Seriously we will keep reporting every design you post today!,1
seriously you failed again in front of everyone,1
seriously keep talking and show everyone how stupid you are right now,1
Really your answer is a joke to everyone online.,1
Really show us another one of your failures right now.,1
your opinion is worthless right now,1
your posts are absolute trash every time,1
listen you always give embarrassing answers,1
listen everyone knows you lied about the comment every time,1
again your style looks pathetic every time,1
listen everyone heard that you ruined the code in this group,1
seriously i really liked your answer in this group,0
really everyone knows you lied about the code today,1
really you are too worthless to understand this opinion today,1
again people say your opinion was copied online,1
listen this report was useful and interesting in this group,0
honestly people say your assignment was copied online,1
listen everyone is tired of seeing your design online,1
really post another ridiculous report for us to mock in this group,1
really nobody cares about your drawing right now,1
Honestly your embarrassing story is spreading online online,1
Really your effort on this opinion is appreciated right now.,0
seriously nobody cares about your project right now,1
Seriously people say your code was copied online,1
Again your design is clear!,0
Seriously what a foolish thing to say right now!,1
i disagree with your project but i respect your view,0
listen you are completely embarrassing online,1
listen stop pretending you understand the drawing every time,1
really stop pretending you understand the idea online,1
we will keep reporting every design you post in this group,1
Really you embarrassed yourself with that code every time.,1
Listen everyone heard that you ruined the report online!,1
again everyone can see how terrible your answer is today,1
Really your posts are absolute trash every time.,1
honestly stop pretending you understand the research,1
honestly stop being such a loser today,1
seriously what a stupid thing to say in this group,1
really everyone is laughing at your answer right now,1
honestly everyone is tired of seeing your opinion in this group,1
again you are too annoying to understand this message in this group,1
again get lost you annoying,1
people will remember this embarrassing comment online,1
listen you explained the presentation very clearly today,0
listen people will remember this embarrassing message in this group,1
really your style looks worthless every time,1
honestly shut up and stop being so annoying in this group,1
listen everyone heard that you ruined the project every time,1
Again go on and embarrass yourself again.,1
Seriously stop pretending you understand the assignment every time!,1
listen your project is thoughtful right now,0
really you sound useless in this comment today,1
really have a good day and take care every time,0
Really stop posting photos because you look ugly right now,1
You always fail at basic tasks every time.,1
again your effort on this comment is appreciated right now,0
seriously everyone knows you lied about the post online,1
listen post another embarrassing drawing for us to mock online,1
People are forwarding your mistake everywhere online,1
Really we will ignore everything you post today,1
shut up and stop being so ridiculous right now,1
your appearance looks worthless in that photo every time,1
honestly people are forwarding your mistake everywhere online,1
Everyone is tired of seeing your drawing!,1
your appearance looks hopeless in that photo,1
Really your comment is completely worthless in this group!,1
seriously shut up and stop being so ridiculous every time,1
listen you are acting like a ridiculous person,1
honestly let us improve the design together right now,0
thank you for your useful project every time,0
seriously you embarrassed yourself with that assignment today,1
honestly your profile picture looks nonsense today,1
listen everyone is laughing at your comment today,1
really post another pathetic opinion for us to mock every time,1
honestly everyone is tired of seeing your project online,1
seriously you will never complete this report correctly in this group,1
Listen this research made you look ridiculous today,1
your post makes no sense at all every time,1
honestly everyone can see how poor your report is every time,1
listen please share your comment when you are free every time,0
Really the group is joking about your latest mistake in this group!,1
seriously everyone is laughing at your message right now,1
i really liked your presentation today,0
seriously everyone heard that you ruined the assignment today,1
again you explained the message very clearly,0
really your profile picture looks worthless today,1
listen stop pretending you understand the post online,1
Honestly you are not welcome in our discussion right now,1
honestly we will keep reporting every drawing you post online,1
post another awful opinion for us to mock every time,1
your appearance looks pathetic in that photo,1
again i really liked your drawing every time,0
honestly your answer is clear in this group,0
post another poor project for us to mock today,1
really you look ugly in every picture today,1
honestly stop pretending you understand the answer,1
post another nonsense message for us to mock right now,1
Again we do not want you in this discussion right now.,1
honestly show us another one of your failures online,1
Shut up and stop being so stupid every time,1
really we will keep reporting every comment you post right now,1
Seriously your answer proves you know nothing online,1
this is the most hopeless code here,1
again your profile picture looks nonsense today,1
again you embarrassed yourself with that opinion,1
really people say your comment was copied every time,1
again you embarrassed yourself with that post,1
really i really liked your project online,0
really you always give poor answers today,1
really you are completely nonsense right now,1
listen you are completely useless online,1
nobody cares about your presentation,1
really stop posting photos because you look strange in this group,1
really everyone can see how embarrassing your project is every time,1
seriously you failed again in front of everyone in this group,1
listen stop pretending you understand the idea in this group,1
seriously people will remember this embarrassing idea every time,1
really you are so useless online,1
Really everyone is tired of seeing your design online,1
really everyone knows you lied about the drawing,1
honestly people will remember this embarrassing post today,1
seriously you are not welcome in our discussion every time,1
really people say your code was copied,1
really stop posting such awful things,1
Again reply again so everyone can laugh at you online!,1
everyone can see how ridiculous your research is,1
Listen that was a very incompetent response every time,1
seriously nobody cares about your message in this group,1
seriously thank you for your useful opinion every time,0
honestly nobody should work with you on the report in this group,1
your code is the worst in the class every time,1
your appearance looks ridiculous in that photo today,1
honestly your profile picture looks ridiculous today,1
really you are too foolish to understand this comment online,1
again you are acting like a stupid person right now,1
honestly stop pretending you understand the opinion online,1
honestly thank you for your impressive message online,0
Really you look unpleasant in every picture in this group,1
really stop coming back to this page today,1
again keep making mistakes because it is funny,1
Honestly post another awful opinion for us to mock,1
honestly you are acting like a useless person online,1
again your project is completely nonsense today,1
really your profile picture looks embarrassing online,1
Honestly nobody cares about your project right now.,1
really i really liked your assignment online,0
seriously we will keep reporting every presentation you post every time,1
listen post another nonsense post for us to mock online,1
seriously everyone heard that you ruined the answer today,1
You always make a fool of yourself online today!,1
again people say your idea was copied in this group,1
seriously your drawing is completely terrible in this group,1
again you are too annoying to understand this comment every time,1
Again do not let this person join the project,1
honestly your appearance looks hopeless in that photo right now,1
Honestly your appearance looks hopeless in that photo,1
again this is the most nonsense research here every time,1
again this design made you look ridiculous right now,1
honestly have a good day and take care right now,0
seriously everyone can see how useless your assignment is every time,1
Again this project was useful and interesting.,0
keep talking and show everyone how useless you are,1
honestly we will keep reporting every project you post today,1
Listen try again so everyone can laugh right now!,1
honestly stop posting photos because you look terrible every time,1
post another nonsense code for us to mock online,1
listen we will keep reporting every research you post in this group,1
listen please share your presentation when you are free in this group,0
seriously everyone can see how pathetic your drawing is every time,1
honestly nobody cares about your design right now,1
listen you always fail at basic tasks online,1
Again your research is completely useless.,1
again everyone can see how poor your design is right now,1
honestly this presentation was useful and interesting every time,0
Honestly you are too incompetent to understand this report.,1
again go on and embarrass yourself again in this group,1
Again your code makes no sense at all right now!,1
great job on the code today,0
again post another ridiculous design for us to mock right now,1
Listen you are so foolish in this group!,1
again your research is impressive today,0
honestly everyone is tired of seeing your assignment today,1
really nobody should work with you on the post online,1
really you are completely worthless online,1
really you will never complete this assignment correctly right now,1
listen you look unpleasant in every picture in this group,1
again we will keep reporting every comment you post right now,1
honestly please share your drawing when you are free right now,0
honestly have a good day and take care every time,0
Again do not include this person in the team online,1
honestly let us improve the message together today,0
again we will keep reporting every code you post right now,1
Nobody should work with you on the report right now!,1
listen nobody should work with you on the project today,1
Seriously you should stay silent in this group today,1
honestly thank you for your creative message,0
seriously your idea is impressive today,0
seriously your profile picture looks worthless,1
really you will never complete this project correctly in this group,1
Honestly keep making mistakes because it is funny today.,1
Really stop posting photos because you look ridiculous.,1
really everyone is tired of seeing your code online,1
you will never complete this post correctly right now,1
honestly we will keep reporting every assignment you post right now,1
again everyone heard that you ruined the post in this group,1
listen your style looks ridiculous online,1
again shut up and stop being so ridiculous,1
again your report is helpful today,0
people say your post was copied in this group,1
Really this drawing made you look ridiculous right now!,1
seriously everyone is tired of seeing your idea today,1
honestly everyone is laughing at your assignment today,1
Honestly your posts are absolute trash online.,1
Seriously everyone is laughing at your idea online!,1
this design made you look ridiculous today,1
listen post another embarrassing comment for us to mock online,1
Honestly your comment is excellent right now!,0
really we will ignore everything you post right now,1
Honestly show us another one of your failures today!,1
listen that picture makes you look ridiculous today,1
listen i disagree with your drawing but i respect your view,0
seriously we will keep reporting every research you post every time,1
Nobody cares about your answer right now.,1
seriously your presentation makes no sense at all every time,1
again stop posting such awful things online,1
Again this is the most terrible comment here in this group!,1
again your presentation makes no sense at all right now,1
seriously your appearance looks worthless in that photo,1
really nobody should work with you on the report right now,1
listen your style looks embarrassing,1
again your style looks hopeless in this group,1
really nobody should work with you on the presentation today,1
Listen your design is impressive every time,0
really keep talking and show everyone how hopeless you are in this group,1
listen your profile picture looks worthless today,1
congrats on your success,0
seriously everyone can see how nonsense your design is every time,1
again people will remember this embarrassing project today,1
Seriously you cannot solve even a simple question,1
really we will keep reporting every idea you post today,1
listen let us improve the opinion together every time,0
let us improve the drawing together online,0
listen shut up and stop being so useless every time,1
honestly people say your drawing was copied right now,1
Seriously keep talking and show everyone how worthless you are today!,1
honestly everyone heard that you ruined the report right now,1
listen people are forwarding your mistake everywhere today,1
seriously your presentation is interesting online,0
people say your design was copied,1
again you will never complete this idea correctly right now,1
your appearance looks terrible in that photo right now,1
honestly keep talking and show everyone how worthless you are,1
This is another embarrassing post from you today.,1
you are acting like a useless person,1
again everyone heard that you ruined the presentation today,1
Again we made another group without you right now.,1
you look awkward in that photo in this group,1
stop pretending you understand the message online,1
Really your presentation is completely useless online,1
Really you are too annoying to understand this design!,1
listen shut up and stop being so ridiculous online,1
again everyone is tired of seeing your comment online,1
seriously this comment was useful and interesting right now,0
again people say your report was copied right now,1
stop pretending you understand the research in this group,1
listen keep posting because your mistakes entertain everyone today,1
stop posting such worthless things today,1
really keep talking and show everyone how stupid you are every time,1
again you look strange in every picture online,1
honestly stop posting photos because you look strange in this group,1
again shut up and stop being so hopeless in this group,1
Again keep talking and show everyone how incompetent you are every time,1
you are too ridiculous to understand this report right now,1
Again we made another group without you.,1
honestly you will never complete this message correctly right now,1
Honestly shut up and stop being so worthless right now.,1
Seriously your code is the worst in the class right now,1
listen people say your design was copied in this group,1
listen stop posting photos because you look ridiculous in this group,1
We do not want you in this discussion right now,1
really you sound incompetent in this drawing today,1
again shut up and stop being so stupid today,1
seriously you sound annoying in this idea online,1
i hate you so much,1
nobody should work with you on the idea today,1
seriously get lost you ridiculous,1
seriously post another worthless comment for us to mock today,1
listen i disagree with your presentation but i respect your view,0
again everyone is tired of seeing your answer in this group,1
again everyone is laughing at your research,1
again stop posting photos because you look terrible,1
again you will never complete this project correctly online,1
honestly you explained the project very clearly online,0
honestly you are too clueless to understand this comment today,1
again your answer proves you know nothing online,1
really i really liked your answer online,0
again everyone is laughing at your assignment every time,1
really you are too useless to understand this opinion right now,1
seriously you are too hopeless to understand this project in this group,1
honestly everyone knows you lied about the answer today,1
Seriously you always make a fool of yourself online right now!,1
you are too useless to understand this project,1
listen you are too stupid to understand this project online,1
everyone knows you lied about the design right now,1
honestly your answer makes no sense at all right now,1
Again your comment is completely awful!,1
really you are completely worthless,1
Seriously you will never complete this answer correctly right now,1
really i really liked your report,0
again nobody cares about your idea right now,1
really this is the most embarrassing message here online,1
Honestly stop being such a loser every time.,1
seriously nobody should work with you on the project online,1
honestly your style looks embarrassing in this group,1
everyone is laughing at your comment today,1
again people say your report was copied every time,1
again your style looks awful,1
Stop pretending you understand the idea!,1
really everyone knows you lied about the report,1
honestly i disagree with your message but i respect your view,0
again shut up and stop being so pathetic every time,1
really keep posting because your mistakes entertain everyone online,1
listen everyone knows you lied about the opinion today,1
again you are too hopeless to understand this presentation today,1
honestly you are completely poor right now,1
seriously stop posting photos because you look ridiculous,1
listen you are completely nonsense today,1
again what a foolish thing to say online,1
really nobody should work with you on the post every time,1
really your profile picture looks useless every time,1
Really you will never complete this assignment correctly today,1
seriously you look awkward in every picture,1
again nobody should work with you on the code every time,1
Listen you sound useless in this answer every time,1
seriously you are so useless today,1
seriously stop posting photos because you look ugly every time,1
Seriously you embarrassed yourself with that answer.,1
listen get lost you ridiculous,1
Honestly you are too worthless to understand this idea right now,1
really your post is completely nonsense in this group,1
Again your appearance looks nonsense in that photo every time.,1
really shut up and stop being so stupid in this group,1
Again this presentation made you look ridiculous!,1
Honestly post another embarrassing opinion for us to mock right now.,1
we made another group without you today,1
listen you are too hopeless to understand this code online,1
again you are too ridiculous to understand this design right now,1
your post is interesting every time,0
listen post another ridiculous research for us to mock online,1
Really stop pretending you understand the project right now!,1
Seriously i really liked your answer online.,0
everyone knows you lied about the drawing every time,1
honestly you are acting like a useless person today,1
Honestly you always fail at basic tasks right now,1
Seriously we will keep reporting every code you post today,1
again this idea made you look ridiculous in this group,1
again we will keep reporting every opinion you post right now,1
honestly people will remember this embarrassing drawing online,1
listen people say your answer was copied online,1
Again get lost you stupid every time,1
everyone heard that you ruined the research today,1
this drawing made you look ridiculous online,1
please share your drawing when you are free today,0
honestly get lost you hopeless,1
honestly that was a very hopeless response online,1
Honestly you look strange in every picture online,1
again you will never complete this answer correctly,1
again you are too ridiculous to understand this project every time,1
listen we will keep reporting every assignment you post in this group,1
listen people say your opinion was copied today,1
again please share your research when you are free,0
really everyone is tired of seeing your research every time,1
again you are acting like a pathetic person every time,1
Listen you are too hopeless to understand this post right now,1
listen get lost you ridiculous today,1
everyone is laughing at your idea today,1
Again we will keep reporting every report you post every time!,1
honestly people say your post was copied right now,1
stop posting photos because you look ugly every time,1
People will remember this embarrassing research in this group,1
Again that was a very ridiculous response in this group.,1
Honestly you look awkward in every picture in this group.,1
Again people will remember this embarrassing presentation in this group!,1
listen people will remember this embarrassing design in this group,1
again your post is completely useless right now,1
listen you will never complete this project correctly in this group,1
Really stay out of our online group,1
really your appearance looks nonsense in that photo right now,1
again get lost you clueless right now,1
again let us improve the project together,0
Seriously your marks show that you are hopeless every time!,1
honestly post another ridiculous message for us to mock today,1
listen your style looks useless,1
honestly you are completely poor,1
have a good day and take care every time,0
Seriously the whole group knows about your failure every time,1
honestly let us improve the project together,0
again you are too pathetic to understand this idea online,1
this is the most terrible answer here right now,1
honestly your project makes no sense at all today,1
really people say your report was copied today,1
nobody cares about your design in this group,1
you always give terrible answers online,1
Listen you are acting like a ridiculous person right now,1
listen you look awkward in that photo today,1
you will never complete this comment correctly every time,1
Really you look awkward in that photo right now.,1
We will keep reporting every idea you post right now.,1
again thank you for your clear design,0
Really keep making mistakes because it is funny today,1
really stop pretending you understand the research,1
honestly you embarrassed yourself with that research online,1
really your profile picture looks ridiculous right now,1
Keep making mistakes because it is funny right now,1
honestly everyone heard that you ruined the drawing today,1
Really let us improve the design together online,0
honestly your profile picture looks terrible in this group,1
again everyone knows you lied about the project every time,1
honestly people will remember this embarrassing opinion every time,1
honestly stop pretending you understand the presentation online,1
really let us improve the presentation together today,0
honestly this is the most worthless design here right now,1
honestly everyone can see how awful your presentation is every time,1
seriously we will keep reporting every design you post,1
your presentation makes no sense at all today,1
Seriously keep talking and show everyone how clueless you are online,1
everyone knows you lied about the research every time,1
Really shut up and stop being so clueless.,1
listen your posts are absolute trash today,1
honestly nobody cares about your project every time,1
honestly everyone can see how terrible your code is today,1
honestly you are so clueless today,1
really your code is a joke to everyone online,1
Really go on and embarrass yourself again online,1
Really everyone heard that you ruined the research,1
listen everyone is tired of seeing your design right now,1
seriously your code is interesting online,0
seriously post another embarrassing research for us to mock right now,1
honestly your effort on this comment is appreciated today,0
Seriously your appearance looks nonsense in that photo in this group!,1
Seriously you are a total failure in this group!,1
again everyone heard that you ruined the research in this group,1
you are so dumb and useless,1
seriously shut up and stop being so incompetent,1
Honestly nobody should work with you on the code in this group.,1
nobody should work with you on the code right now,1
again thank you for your interesting research,0
Really everyone can see how awful your idea is in this group!,1
really you failed again in front of everyone today,1
seriously we will keep reporting every idea you post every time,1
honestly everyone knows you lied about the opinion right now,1
your project makes no sense at all online,1
Honestly you look unpleasant in every picture every time.,1
listen everyone is laughing at your comment right now,1
nobody cares about your assignment online,1
everyone is laughing at your presentation online,1
you are so worthless online,1
we will keep reporting every comment you post right now,1
Really nobody should work with you on the message!,1
really this is the most hopeless project here today,1
Honestly everyone can see how nonsense your assignment is today,1
honestly people say your drawing was copied every time,1
Honestly you sound hopeless in this presentation online,1
well done and keep learning right now,0
Seriously you are not invited to our group right now,1
Listen you are so foolish,1
Again your style looks poor online,1
Honestly you embarrassed yourself with that comment online,1
again you are acting like a hopeless person every time,1
honestly you will never complete this message correctly today,1
really your effort on this message is appreciated today,0
again nobody should work with you on the drawing every time,1
Really you will never complete this report correctly in this group,1
Really do not let this person join the project in this group.,1
honestly everyone knows you are bad at this subject every time,1
Seriously we will continue without you online!,1
honestly well done and keep learning,0
listen get lost you stupid online,1
listen people say your opinion was copied online,1
listen post another useless research for us to mock right now,1
honestly everyone is laughing at your drawing every time,1
listen everyone is tired of seeing your project in this group,1
seriously you explained the comment very clearly every time,0
listen everyone is tired of seeing your report in this group,1
Really you failed again in front of everyone every time!,1
thank you for your clear assignment in this group,0
honestly nobody should work with you on the opinion today,1
seriously post another useless drawing for us to mock,1
seriously everyone is tired of seeing your opinion,1
listen people say your comment was copied online,1
people are forwarding your mistake everywhere,1
honestly nobody should work with you on the assignment,1
Really shut up and stop being so hopeless online!,1
again this drawing made you look ridiculous online,1
honestly post another poor post for us to mock online,1
Really show us another one of your failures today!,1
your report is a joke to everyone right now,1
Really the group is joking about your latest mistake today.,1
seriously shut up and stop being so incompetent every time,1
listen your profile picture looks embarrassing in this group,1
Again everyone heard that you ruined the comment online!,1
Again everyone heard that you ruined the idea.,1
again we will continue without you online,1
really everyone can see how useless your design is today,1
Again nobody should work with you on the code right now!,1
honestly everyone is tired of seeing your comment every time,1
Honestly this drawing was useful and interesting in this group.,0
your report is excellent every time,0
honestly your project is clear online,0
seriously nobody should work with you on the assignment every time,1
really your code is well prepared,0
again you are completely ridiculous every time,1
honestly everyone is tired of seeing your opinion online,1
Again stop posting such ridiculous things today.,1
Listen you sound annoying in this message every time,1
really stop pretending you understand the post online,1
people say your post was copied,1
honestly your research is a joke to everyone right now,1
honestly people will joke about the way you look in this group,1
seriously that was a very stupid response today,1
The whole group knows about your failure every time.,1
listen the group keeps mocking what happened to you online,1
really keep posting because your mistakes entertain everyone,1
seriously keep talking and show everyone how stupid you are online,1
again you are so incompetent today,1
your presentation is a joke to everyone in this group,1
Listen get lost you hopeless every time.,1
honestly everyone can see how useless your answer is online,1
really this is the most awful idea here,1
again your appearance looks nonsense in that photo online,1
Again you are too foolish to understand this presentation right now!,1
Really this post made you look ridiculous,1
really nobody should work with you on the idea online,1
seriously post another pathetic post for us to mock in this group,1
seriously you explained the message very clearly online,0
listen i really liked your drawing online,0
Honestly stay out of our online group today.,1
honestly everyone knows you lied about the drawing every time,1
listen you are too ridiculous to understand this answer online,1
again your style looks terrible online,1
Listen everyone will make fun of your appearance in this group,1
Really everyone is tired of seeing your report today.,1
seriously everyone knows you lied about the drawing today,1
Listen post another nonsense project for us to mock!,1
again you are too clueless to understand this report every time,1
really you are too clueless to understand this message today,1
post another embarrassing drawing for us to mock every time,1
Honestly people are forwarding your mistake everywhere in this group!,1
again you are so useless in this group,1
Seriously well done and keep learning right now,0
you will never complete this post correctly every time,1
nobody should work with you on the comment right now,1
Listen your post is a joke to everyone in this group.,1
honestly we do not want you in this discussion right now,1
again nobody should work with you on the message every time,1
again keep talking and show everyone how foolish you are today,1
again your style looks nonsense every time,1
really nobody should work with you on the design in this group,1
Listen you are completely worthless.,1
seriously everyone can see how ridiculous your answer is today,1
seriously your research is a joke to everyone,1
listen you always fail at basic tasks,1
listen you are so annoying right now,1
Seriously your appearance looks nonsense in that photo,1
Honestly you look awkward in that photo in this group.,1
listen you are completely pathetic online,1
Seriously your posts are absolute trash,1
Shut up and stop being so hopeless right now.,1
you are completely pathetic online,1
really your profile picture looks hopeless in this group,1
listen you explained the research very clearly right now,0
honestly your code is a joke to everyone every time,1
You failed again in front of everyone today!,1
honestly nobody cares about your comment online,1
seriously nobody cares about your design every time,1
your research is completely useless online,1
Honestly the group keeps mocking what happened to you today!,1
post another terrible answer for us to mock right now,1
stop posting such ridiculous things in this group,1
really post another awful drawing for us to mock in this group,1
again please share your message when you are free in this group,0
seriously get lost you hopeless right now,1
Again i really liked your opinion today.,0
Seriously post another ridiculous drawing for us to mock every time,1
seriously i really liked your drawing in this group,0
honestly everyone is tired of seeing your presentation today,1
listen everyone should block you from the group right now,1
again thank you for your useful idea,0
again keep talking and show everyone how worthless you are,1
seriously this is the most terrible assignment here right now,1
Again shut up and stop being so annoying online!,1
again what a foolish thing to say,1
You are a total failure in this group,1
honestly we will continue without you in this group,1
You are acting like a incompetent person in this group.,1
really nobody should work with you on the project online,1
we will keep reporting every answer you post online,1
listen you sound pathetic in this design every time,1
again everyone is tired of seeing your drawing today,1
honestly nobody should work with you on the post right now,1
Honestly everyone heard that you ruined the code right now!,1
listen your assignment is a joke to everyone today,1
this drawing made you look ridiculous every time,1
seriously your style looks useless,1
Again your appearance looks hopeless in that photo right now!,1
seriously this is the most terrible code here right now,1
listen we will keep reporting every code you post,1
Listen keep posting because your mistakes entertain everyone every time!,1
happy birthday to you,0
honestly your opinion is completely ridiculous,1
again post another ridiculous project for us to mock online,1
honestly everyone is laughing at your research in this group,1
honestly everyone is tired of seeing your opinion today,1
Seriously nobody should work with you on the assignment today.,1
really you are so clueless every time,1
again people will remember this embarrassing design every time,1
your opinion is a joke to everyone right now,1
again people say your opinion was copied right now,1
honestly thank you for your kind idea today,0
Again you are so incompetent in this group.,1
post another hopeless assignment for us to mock right now,1
listen keep talking and show everyone how pathetic you are today,1
seriously keep talking and show everyone how incompetent you are right now,1
seriously stop pretending you understand the post today,1
you are worthless,1
Listen show us another one of your failures online!,1
great job on the drawing right now,0
really you are acting like a worthless person,1
really have a good day and take care online,0
seriously nobody should work with you on the answer online,1
Listen you are too worthless to understand this presentation,1
honestly everyone can see how poor your code is every time,1
seriously great job on the design every time,0
everyone is laughing at your drawing every time,1
seriously you are too clueless to understand this design online,1
again i really liked your project online,0
listen everyone is tired of seeing your answer right now,1
we will keep reporting every project you post online,1
again people will remember this embarrassing post every time,1
Honestly stop being such a loser.,1
honestly your profile picture looks embarrassing today,1
listen keep away from our group conversations in this group,1
listen your profile picture looks ridiculous right now,1
Again everyone will make fun of your appearance right now,1
again your design is a joke to everyone in this group,1
honestly we will keep reporting every answer you post,1
again everyone is tired of seeing your project today,1
Really we do not want you in this discussion every time!,1
you are completely pathetic in this group,1
Great job on the code,0
Listen this drawing made you look ridiculous in this group!,1
really i really liked your post online,0
really nobody cares about your drawing in this group,1
please share your design when you are free in this group,0
really everyone knows you lied about the presentation right now,1
really your research makes no sense at all in this group,1
your mistake is being shared for everyone to laugh at in this group,1
Seriously you are not welcome in our discussion right now!,1
listen your project makes no sense at all online,1
Everyone heard that you ruined the opinion in this group!,1
seriously this message was useful and interesting every time,0
listen stop pretending you understand the code every time,1
really please share your report when you are free every time,0
seriously stop pretending you understand the project online,1
honestly you are acting like a worthless person today,1
seriously post another awful opinion for us to mock right now,1
you sound hopeless in this drawing in this group,1
stop coming back to this page every time,1
seriously you will never complete this presentation correctly right now,1
honestly your appearance looks useless in that photo today,1
listen stop posting photos because you look strange,1
i disagree with your message but i respect your view in this group,0
Seriously we will keep reporting every presentation you post right now,1
honestly get lost you worthless online,1
seriously please share your opinion when you are free online,0
continue arguing because nobody takes you seriously every time,1
Honestly let us improve the post together right now!,0
nobody cares about your opinion today,1
really that was a very incompetent response online,1
your effort on this research is appreciated in this group,0
Listen everyone can see how worthless your drawing is today,1
Again you always fail at basic tasks.,1
your style looks worthless every time,1
Really people will remember this embarrassing report every time,1
really you explained the research very clearly every time,0
really great job on the design right now,0
Again you always give worthless answers every time,1
your project is excellent today,0
honestly your opinion is a joke to everyone online,1
listen keep talking and show everyone how pathetic you are in this group,1
again this comment made you look ridiculous every time,1
seriously you look ridiculous in every picture today,1
everyone can see how ridiculous your assignment is right now,1
again your profile picture looks poor in this group,1
again you are acting like a foolish person in this group,1
This code made you look ridiculous right now.,1
listen your embarrassing story is spreading online right now,1
listen you look terrible in every picture right now,1
honestly everyone knows you lied about the comment right now,1
great job on the design right now,0
Really everyone is talking about your embarrassing mistake.,1
Honestly nobody should work with you on the assignment right now!,1
Seriously you sound ridiculous in this research every time.,1
Again stop pretending you understand the idea,1
seriously stop posting photos because you look awkward in this group,1
honestly you are so stupid,1
again keep talking and show everyone how worthless you are online,1
listen your effort on this code is appreciated right now,0
honestly what a hopeless thing to say,1
this research made you look ridiculous,1
honestly please share your research when you are free,0
Seriously you are too incompetent to understand this post right now,1
again we will keep reporting every post you post online,1
really post another pathetic idea for us to mock today,1
seriously everyone knows you lied about the comment in this group,1
honestly everyone is tired of seeing your answer online,1
honestly stop pretending you understand the presentation today,1
again you will never complete this idea correctly,1
again you are completely ridiculous online,1
Honestly you are too hopeless to understand this opinion in this group,1
seriously everyone knows you lied about the presentation online,1
really great job on the opinion,0
honestly have a good day and take care today,0
again you are acting like a useless person every time,1
really everyone is tired of seeing your comment in this group,1
again nobody should work with you on the answer in this group,1
seriously what a useless thing to say every time,1
really everyone is laughing at your opinion every time,1
seriously your opinion is a joke to everyone right now,1
again post another poor drawing for us to mock in this group,1
honestly people say your assignment was copied in this group,1
we will keep reporting every drawing you post in this group,1
really great job on the research every time,0
Your mistake is being shared for everyone to laugh at.,1
listen we will keep reporting every presentation you post today,1
again everyone is tired of seeing your comment right now,1
Honestly stop posting such nonsense things in this group.,1
honestly that was a very annoying response every time,1
seriously your opinion is completely embarrassing today,1
nobody cares about your comment online,1
Again post another hopeless assignment for us to mock in this group!,1
honestly we do not want you in this discussion in this group,1
honestly your style looks pathetic today,1
again we will keep reporting every drawing you post in this group,1
honestly everyone knows you lied about the presentation every time,1
really get lost you pathetic right now,1
again great job on the comment every time,0
Seriously what a worthless thing to say right now.,1
seriously great job on the report every time,0
Honestly your opinion is a joke to everyone today.,1
Your messages are unwanted every time today.,1
Really nobody should work with you on the drawing today!,1
Seriously your comment is completely worthless right now.,1
honestly your profile picture looks awful in this group,1
again this report was useful and interesting in this group,0
really everyone heard that you ruined the presentation today,1
your opinion is creative online,0
listen everyone is tired of seeing your answer in this group,1
Honestly you cannot solve even a simple question right now,1
The whole group knows about your failure in this group!,1
really get lost you clueless right now,1
really you embarrassed yourself with that design today,1
really we will keep reporting every research you post in this group,1
seriously everyone is laughing at your comment right now,1
seriously you will never complete this post correctly in this group,1
really get lost you foolish today,1
again you are completely useless online,1
everyone will make fun of your appearance online,1
seriously stop posting such awful things,1
again stop pretending you understand the design today,1
shut up and stop being so worthless today,1
really the group keeps mocking what happened to you,1
honestly people say your design was copied every time,1
Again you do not belong in this chat every time,1
listen everyone knows you lied about the comment,1
really get lost you pathetic,1
everyone is tired of seeing your comment in this group,1
Honestly nobody should work with you on the code every time!,1
again you are so pathetic in this group,1
Seriously try again so everyone can laugh in this group,1
honestly everyone can see how embarrassing your opinion is in this group,1
Seriously your answer is completely hopeless online!,1
get lost you pathetic online,1
Really stop pretending you understand the design online,1
We will keep reporting every report you post every time!,1
you are acting like a annoying person today,1
seriously everyone is tired of seeing your message every time,1
listen you explained the report very clearly today,0
again you are acting like a foolish person,1
Honestly everyone can see how pathetic your idea is every time.,1
listen post another worthless research for us to mock today,1
really stop posting photos because you look awkward every time,1
listen post another terrible research for us to mock online,1
listen everyone is laughing at your project in this group,1
your style looks awful in this group,1
again this presentation was useful and interesting today,0
honestly shut up and stop being so hopeless every time,1
really thank you for your impressive project,0
nobody cares about your design online,1
Listen we made another group without you in this group.,1
listen you embarrassed yourself with that drawing today,1
you embarrassed yourself with that project today,1
you always give awful answers today,1
again you will never complete this message correctly in this group,1
stop posting such poor things today,1
Listen your answer proves you know nothing online,1
honestly this is the most useless research here in this group,1
please share your drawing when you are free right now,0
really you are acting like a incompetent person online,1
again nobody cares about your idea online,1
Again people are laughing at how you look online,1
honestly your appearance looks poor in that photo in this group,1
Listen stop coming back to this page online!,1
again everyone can see how worthless your idea is,1
nobody should work with you on the design right now,1
really you are too hopeless to understand this idea right now,1
well done and keep learning every time,0
really your style looks nonsense in this group,1
honestly i disagree with your assignment but i respect your view every time,0
seriously people say your design was copied,1
Again everyone is laughing at your idea online!,1
seriously stop pretending you understand the code today,1
listen your style looks terrible in this group,1
listen nobody cares about your research in this group,1
seriously thank you for your creative report,0
seriously thank you for your useful answer online,0
seriously you always give nonsense answers,1
Listen your code is a joke to everyone right now,1
again keep talking and show everyone how foolish you are right now,1
get lost you useless,1
seriously you are too worthless to understand this report online,1
honestly shut up and stop being so annoying today,1
listen your drawing is a joke to everyone in this group,1
keep talking and show everyone how stupid you are right now,1
honestly great job on the assignment,0
Really everyone heard that you ruined the idea online,1
again your profile picture looks worthless today,1
honestly your idea is completely ridiculous every time,1
Really nobody cares about your assignment today,1
Again you will never complete this idea correctly in this group.,1
seriously let us improve the idea together every time,0
honestly what a incompetent thing to say,1
Really you will never complete this post correctly right now,1
honestly we will keep reporting every drawing you post every time,1
Honestly do not let this person join the project every time,1
again what a clueless thing to say in this group,1
really people say your answer was copied today,1
Really everyone heard that you ruined the research today.,1
really post another worthless message for us to mock online,1
Seriously you embarrassed yourself with that answer right now!,1
again your code is completely useless every time,1
again nobody should work with you on the drawing,1
post another nonsense idea for us to mock,1
again everyone is tired of seeing your design every time,1
Again let us improve the idea together online,0
Again you are acting like a hopeless person in this group!,1
really you will never complete this research correctly right now,1
really stop pretending you understand the report online,1
Seriously say that again and make yourself look foolish in this group,1
Again we will ignore everything you post in this group.,1
really post another useless idea for us to mock online,1
again your effort on this code is appreciated every time,0
listen your project is thoughtful today,0
really say that again and make yourself look foolish online,1
you will never complete this design correctly online,1
really we will keep reporting every code you post online,1
Again i really liked your idea right now,0
Honestly stop pretending you understand the opinion today,1
Seriously we will keep reporting every assignment you post!,1
seriously you are not invited to our group,1
really stop pretending you understand the opinion every time,1
really i disagree with your post but i respect your view today,0
listen you will never complete this drawing correctly right now,1
everyone is tired of seeing your report today,1
seriously you embarrassed yourself with that idea,1
Really your style looks embarrassing.,1
really you are too stupid to understand this assignment today,1
Again stop posting such ridiculous things in this group.,1
everyone is tired of seeing your message online,1
People say your presentation was copied,1
seriously you look awkward in that photo online,1
really nobody should work with you on the answer right now,1
seriously you are too useless to understand this report online,1
everyone knows you lied about the answer in this group,1
seriously everyone heard that you ruined the message online,1
everyone heard that you ruined the message in this group,1
Seriously your posts are absolute trash every time!,1
really you are too stupid to understand this idea right now,1
Again i really liked your assignment in this group.,0
again everyone can see how terrible your answer is right now,1
really nobody cares about your comment,1
honestly you are too stupid to understand this opinion today,1
Again you always fail at basic tasks today.,1
again nobody cares about your comment every time,1
honestly i really liked your research online,0
thank you for your interesting assignment in this group,0
seriously post another worthless report for us to mock every time,1
thank you for your well prepared code every time,0
really everyone can see how poor your message is right now,1
Listen we do not want you in this discussion in this group,1
honestly everyone is tired of seeing your presentation every time,1
honestly your effort on this report is appreciated today,0
Seriously keep making mistakes because it is funny right now,1
really your mistake is being shared for everyone to laugh at right now,1
seriously you will never complete this project correctly online,1
Honestly you should stay silent in this group right now!,1
Really you explained the answer very clearly every time!,0
again you are acting like a worthless person online,1
everyone heard that you ruined the answer in this group,1
let us improve the opinion together in this group,0
your message is completely poor right now,1
stop pretending you understand the comment every time,1
seriously you are too useless to understand this answer today,1
really everyone is tired of seeing your assignment,1
really you cannot solve even a simple question every time,1
Again you embarrassed yourself with that assignment online!,1
Again you will never complete this assignment correctly today.,1
thank you for your kind design every time,0
seriously you sound useless in this drawing every time,1
seriously post another terrible comment for us to mock,1
again nobody should work with you on the report in this group,1
again you look terrible in every picture,1
Seriously nobody should work with you on the code every time,1
Honestly stop posting such embarrassing things in this group.,1
Again do not let this person join the project right now,1
really keep talking and show everyone how worthless you are in this group,1
honestly you are completely hopeless every time,1
your style looks nonsense right now,1
really keep talking and show everyone how clueless you are today,1
Seriously you are too ridiculous to understand this design!,1
Again keep talking and show everyone how ridiculous you are online!,1
honestly you embarrassed yourself with that idea every time,1
again everyone is laughing at your opinion every time,1
seriously this presentation made you look ridiculous right now,1
You explained the research very clearly online!,0
listen keep talking and show everyone how ridiculous you are in this group,1
stop posting photos because you look ugly today,1
thank you for your clear project right now,0
Really everyone knows you are bad at this subject online!,1
people say your project was copied,1
really nobody cares about your opinion right now,1
seriously try again so everyone can laugh,1
really let us improve the message together online,0
again that was a very pathetic response today,1
really post another useless answer for us to mock online,1
Honestly you embarrassed yourself with that project every time,1
honestly everyone knows you lied about the assignment in this group,1
People will remember this embarrassing answer right now.,1
Really everyone knows you lied about the research in this group!,1
honestly everyone is laughing at your code,1
again you always make a fool of yourself online online,1
again get lost you clueless today,1
listen everyone knows you lied about the idea in this group,1
really your profile picture looks pathetic every time,1
your posts are absolute trash,1
Seriously we made another group without you every time.,1
The group keeps mocking what happened to you in this group.,1
Again keep away from our group conversations in this group!,1
honestly post another pathetic research for us to mock in this group,1
Seriously i disagree with your post but i respect your view online!,0
seriously your effort on this code is appreciated online,0
really you are acting like a worthless person today,1
honestly everyone knows you lied about the assignment,1
listen you are completely useless in this group,1
we will keep reporting every design you post today,1
again your message is clear in this group,0
seriously your effort on this message is appreciated in this group,0
Seriously you cannot solve even a simple question right now.,1
really your design is completely terrible every time,1
really post another useless post for us to mock in this group,1
Listen stay out of our online group!,1
honestly you are too stupid to understand this design in this group,1
Everyone is laughing at your drawing online.,1
Again everyone can see how terrible your post is today!,1
Your answer proves you know nothing in this group,1
again you are too worthless to understand this assignment,1
again everyone can see how hopeless your answer is today,1
Nobody should work with you on the comment today,1
Seriously we will keep reporting every project you post right now!,1
You are too hopeless to understand this report right now,1
listen nobody should work with you on the drawing today,1
really you are too useless to understand this idea,1
honestly you sound hopeless in this assignment every time,1
honestly stop posting such useless things in this group,1
seriously nobody should work with you on the research today,1
honestly you explained the idea very clearly in this group,0
Honestly you should stay silent in this group in this group.,1
again people say your code was copied in this group,1
everyone heard that you ruined the presentation online,1
You are a joke online,1
again keep talking and show everyone how hopeless you are today,1
seriously this presentation was useful and interesting right now,0
honestly thank you for your thoughtful opinion online,0
nobody should work with you on the design,1
you sound useless in this assignment every time,1
listen people say your opinion was copied right now,1
again everyone knows you lied about the code every time,1
listen this assignment was useful and interesting right now,0
really great job on the design,0
Honestly please share your presentation when you are free today!,0
get lost you hopeless online,1
really everyone heard that you ruined the presentation every time,1
Honestly people will joke about the way you look online!,1
seriously post another terrible opinion for us to mock right now,1
again you are too incompetent to understand this opinion online,1
honestly i disagree with your research but i respect your view today,0
honestly you will never complete this answer correctly today,1
Listen the group keeps mocking what happened to you right now!,1
You always fail at basic tasks in this group,1
really you are completely hopeless in this group,1
honestly what a stupid thing to say every time,1
Really you are too ridiculous to understand this project today,1
Seriously your answer is completely useless in this group,1
Everyone is tired of seeing your drawing online.,1
honestly your presentation is useful every time,0
people will remember this embarrassing assignment,1
again this opinion was useful and interesting every time,0
Again you are so useless,1
Honestly that was a very worthless response!,1
Honestly everyone heard that you ruined the opinion in this group,1
listen what a useless thing to say today,1
really post another worthless research for us to mock right now,1
seriously you will never complete this comment correctly online,1
Again get lost you incompetent online,1
listen everyone is tired of seeing your message right now,1
again great job on the opinion every time,0
what a pathetic thing to say right now,1
listen everyone knows you lied about the drawing,1
your profile picture looks poor online,1
seriously nobody cares about your research today,1
honestly your effort on this comment is appreciated,0
Seriously we will continue without you,1
you are so foolish today,1
nobody should work with you on the presentation today,1
honestly everyone is tired of seeing your project right now,1
seriously everyone knows you lied about the answer today,1
listen keep making mistakes because it is funny online,1
listen stop pretending you understand the answer every time,1
listen your appearance looks embarrassing in that photo in this group,1
really what a pathetic thing to say online,1
again post another awful answer for us to mock right now,1
honestly your project makes no sense at all,1
honestly post another pathetic research for us to mock every time,1
listen everyone is laughing at your presentation in this group,1
everyone knows you lied about the presentation right now,1
Really your project is excellent in this group,0
really i really liked your drawing every time,0
everyone is laughing at your opinion today,1
honestly you are too annoying to understand this answer today,1
really everyone knows you lied about the code right now,1
reply again so everyone can laugh at you every time,1
Post another useless research for us to mock online!,1
please share your opinion when you are free in this group,0
really everyone is laughing at your assignment right now,1
your comment is completely poor right now,1
again get lost you stupid today,1
listen keep posting because your mistakes entertain everyone right now,1
listen nobody should work with you on the presentation every time,1
Listen people are forwarding your mistake everywhere right now.,1
listen your project is a complete failure today,1
everyone knows you lied about the presentation in this group,1
your posts are absolute trash online,1
Do not include this person in the team online,1
seriously you are so clueless right now,1
honestly post another awful research for us to mock in this group,1
everyone is tired of seeing your code today,1
thank you for your clear presentation today,0
Again everyone can see how pathetic your code is every time!,1
honestly let us improve the idea together in this group,0
really your effort on this design is appreciated in this group,0
listen stop pretending you understand the code online,1
seriously you are acting like a annoying person,1
Again your code is the worst in the class every time!,1
Listen the group is joking about your latest mistake in this group,1
that was a very foolish response in this group,1
again everyone knows you lied about the assignment online,1
listen you are too incompetent to understand this code today,1
seriously get lost you pathetic today,1
again post another worthless drawing for us to mock,1
again nobody cares about your drawing,1
again stop posting photos because you look strange in this group,1
Again everyone can see how embarrassing your message is in this group.,1
stop pretending you understand the opinion,1
your message makes no sense at all every time,1
seriously stop posting photos because you look strange right now,1
listen keep talking and show everyone how useless you are online,1
Seriously what a ridiculous thing to say in this group!,1
listen you are too useless to understand this report,1
Really you embarrassed yourself with that comment!,1
seriously we will keep reporting every opinion you post today,1
seriously your assignment makes no sense at all today,1
again we will keep reporting every post you post right now,1
seriously we will keep reporting every drawing you post,1
honestly you are too ridiculous to understand this message every time,1
honestly we will keep reporting every assignment you post,1
honestly what a clueless thing to say every time,1
again everyone heard that you ruined the idea right now,1
Listen i disagree with your report but i respect your view every time.,0
Again this is the most awful opinion here every time!,1
Again shut up and stop being so pathetic right now!,1
seriously people are sharing stories to make fun of you every time,1
Listen people say your project was copied in this group!,1
again nobody cares about your project right now,1
everyone can see how embarrassing your assignment is online,1
honestly people are sharing stories to make fun of you,1
keep making mistakes because it is funny,1
really this project was useful and interesting online,0
again everyone knows you lied about the opinion online,1
really everyone can see how worthless your drawing is,1
really keep talking and show everyone how clueless you are right now,1
really nobody cares about your answer every time,1
honestly you will never complete this post correctly,1
really your project is a complete failure,1
really your appearance looks awful in that photo every time,1
people say your drawing was copied right now,1
you are so pathetic in this group,1
listen everyone is tired of seeing your report online,1
really you are acting like a incompetent person,1
really stop posting photos because you look unpleasant every time,1
Listen we made another group without you today.,1
everyone heard that you ruined the design today,1
Listen you look unpleasant in every picture online!,1
post another ridiculous drawing for us to mock online,1
again get lost you worthless today,1
honestly stop being such a loser in this group,1
seriously your research is well prepared online,0
you will never complete this code correctly today,1
listen i really liked your message online,0
your effort on this comment is appreciated today,0
your project is a joke to everyone every time,1
seriously stop pretending you understand the report,1
Your project is a complete failure right now.,1
seriously everyone can see how nonsense your comment is online,1
Really what a annoying thing to say in this group!,1
Honestly you explained the message very clearly in this group!,0
Really your opinion is well prepared online.,0
Seriously get lost you foolish right now.,1
again shut up and stop being so pathetic today,1
Seriously you will never complete this project correctly today,1
this design made you look ridiculous right now,1
honestly keep posting because your mistakes entertain everyone online,1
listen your style looks ridiculous right now,1
seriously you are too pathetic to understand this message today,1
you embarrassed yourself with that project in this group,1
seriously you do not belong in this chat in this group,1
honestly your presentation is creative today,0
really people say your post was copied online,1
really we will keep reporting every answer you post every time,1
Seriously well done and keep learning every time!,0
your answer makes no sense at all in this group,1
honestly great job on the report online,0
honestly you are not invited to our group every time,1
seriously i really liked your message every time,0
Listen you cannot solve even a simple question online,1
post another embarrassing answer for us to mock today,1
Again everyone is tired of seeing your opinion in this group!,1
seriously great job on the answer online,0
this comment was useful and interesting today,0
Listen i really liked your code right now!,0
listen this is the most poor drawing here today,1
honestly this message made you look ridiculous online,1
honestly you always give pathetic answers today,1
really everyone knows you lied about the design right now,1
again stop posting photos because you look terrible online,1
listen everyone is tired of seeing your post in this group,1
really well done and keep learning today,0
Really get lost you worthless today!,1
Again you are too pathetic to understand this project in this group!,1
Seriously we will keep reporting every design you post online.,1
honestly this is the most nonsense drawing here today,1
we will keep reporting every post you post right now,1
again your profile picture looks ridiculous every time,1
listen your style looks awful every time,1
post another awful research for us to mock every time,1
really you should stay silent in this group online,1
again your comment is interesting,0
Again your style looks nonsense today!,1
honestly you will never complete this presentation correctly right now,1
Again do not let this person join the project today.,1
post another awful project for us to mock in this group,1
honestly people will joke about the way you look,1
Listen post another nonsense drawing for us to mock today.,1
your post is completely pathetic today,1
Really we made another group without you every time!,1
seriously people will remember this embarrassing answer,1
really your opinion is completely awful today,1
listen everyone is tired of seeing your opinion in this group,1
really let us improve the post together every time,0
People are laughing at how you look today,1
seriously your research is a joke to everyone right now,1
your effort on this post is appreciated today,0
Listen nobody should work with you on the post online.,1
really everyone knows you lied about the answer today,1
honestly this is the most useless drawing here every time,1
again get lost you useless in this group,1
post another embarrassing idea for us to mock in this group,1
Seriously you will never complete this answer correctly every time!,1
really your profile picture looks nonsense right now,1
you are acting like a clueless person right now,1
listen you are too annoying to understand this presentation online,1
listen well done and keep learning today,0
Listen everyone knows you lied about the opinion,1
really post another embarrassing message for us to mock,1
Listen everyone is laughing at your idea today!,1
listen we will keep reporting every opinion you post today,1
Really get lost you stupid.,1
Listen the group is joking about your latest mistake right now,1
again your design is completely useless in this group,1
Your post makes no sense at all in this group!,1
again nobody cares about your research every time,1
listen please share your design when you are free in this group,0
Again you are so stupid today.,1
let us improve the idea together every time,0
seriously leave this group because nobody likes your posts right now,1
Really you look unpleasant in every picture!,1
Honestly keep talking and show everyone how stupid you are every time,1
You always give embarrassing answers!,1
really your style looks pathetic every time,1
The group is joking about your latest mistake every time.,1
listen stop posting photos because you look unpleasant today,1
seriously everyone is tired of seeing your assignment right now,1
again you sound pathetic in this comment online,1
Honestly you are a joke right now!,1
really your effort on this research is appreciated right now,0
seriously people will remember this embarrassing report online,1
again you are so pathetic right now,1
really stop posting such worthless things online,1
Really you sound clueless in this report today!,1
seriously people will remember this embarrassing research every time,1
listen stop pretending you understand the presentation,1
again that was a very ridiculous response right now,1
everyone is tired of seeing your idea in this group,1
really your profile picture looks worthless online,1
nobody should work with you on the research today,1
seriously your answer makes no sense at all online,1
you explained the presentation very clearly right now,0
listen post another awful answer for us to mock in this group,1
Again you always give poor answers!,1
i really liked your post online,0
Listen everyone can see how nonsense your assignment is in this group,1
honestly this research made you look ridiculous every time,1
Really stop coming back to this page every time!,1
you are so hopeless online,1
Listen everyone can see how pathetic your idea is,1
really you are acting like a useless person online,1
really post another embarrassing post for us to mock,1
People say your research was copied today,1
your opinion is well prepared online,0
honestly people say your comment was copied every time,1
really your effort on this research is appreciated every time,0
seriously you are too ridiculous to understand this idea in this group,1
really nobody should work with you on the assignment online,1
your idea is a joke to everyone online,1
seriously your appearance looks embarrassing in that photo online,1
Really get lost you clueless today!,1
your appearance looks terrible in that photo online,1
Keep away from our group conversations every time.,1
nobody cares about your answer in this group,1
honestly thank you for your helpful message right now,0
nobody cares about your research right now,1
honestly please share your opinion when you are free today,0
honestly post another terrible answer for us to mock in this group,1
again this report was useful and interesting every time,0
again everyone heard that you ruined the research online,1
again that was a very annoying response today,1
seriously you explained the report very clearly online,0
everyone knows you lied about the presentation today,1
Honestly everyone should block you from the group online!,1
honestly nobody should work with you on the opinion online,1
seriously i really liked your message in this group,0
this comment was useful and interesting every time,0
listen post another worthless presentation for us to mock,1
listen you always give hopeless answers right now,1
again great job on the design today,0
honestly get lost you hopeless in this group,1
again that was a very stupid response online,1
honestly post another worthless project for us to mock every time,1
really nobody should work with you on the answer every time,1
really we will keep reporting every post you post,1
everyone is laughing at your presentation every time,1
Really stop posting photos because you look unpleasant right now!,1
honestly everyone knows you lied about the message,1
Post another hopeless comment for us to mock today.,1
listen you will never complete this post correctly right now,1
Really keep talking and show everyone how useless you are every time!,1
Again you are completely embarrassing!,1
listen people say your idea was copied today,1
you look terrible in every picture today,1
really your project makes no sense at all every time,1
keep talking and show everyone how annoying you are online,1
Really post another poor idea for us to mock right now!,1
Seriously everyone is tired of you online!,1
you are a joke today,1
honestly you are completely hopeless today,1
again stop pretending you understand the comment,1
seriously shut up and stop being so annoying in this group,1
again your appearance looks hopeless in that photo every time,1
again your design is impressive today,0
honestly you are not invited to our group right now,1
honestly stop posting photos because you look ugly today,1
again you explained the research very clearly every time,0
listen nobody should work with you on the project in this group,1
Listen do not let this person join the project right now,1
listen i disagree with your assignment but i respect your view,0
really you are too ridiculous to understand this assignment,1
Seriously do not let this person join the project right now.,1
seriously your profile picture looks terrible online,1
really you are completely pathetic,1
Listen your presentation makes no sense at all online,1
Again what a annoying thing to say in this group.,1
people say your opinion was copied,1
listen you are completely worthless online,1
again this is the most embarrassing post here today,1
again people say your presentation was copied in this group,1
honestly your project is well prepared,0
listen please share your research when you are free today,0
honestly keep away from our group conversations,1
seriously everyone heard that you ruined the drawing in this group,1
really people will remember this embarrassing presentation today,1
Really great job on the answer right now,0
listen everyone knows you lied about the presentation right now,1
This is another embarrassing post from you in this group!,1
really your style looks useless online,1
seriously this answer made you look ridiculous in this group,1
again post another ridiculous post for us to mock online,1
again keep talking and show everyone how stupid you are every time,1
listen you always give poor answers online,1
again great job on the design,0
this is the most awful report here today,1
you are too pathetic to understand this presentation,1
again nobody cares about your opinion every time,1
really everyone can see how pathetic your presentation is in this group,1
Really keep away from our group conversations,1
Listen you will never complete this opinion correctly in this group.,1
Again post another ridiculous presentation for us to mock in this group.,1
listen everyone heard that you ruined the drawing,1
honestly i disagree with your project but i respect your view every time,0
seriously your answer is completely hopeless every time,1
everyone is laughing at your design in this group,1
really everyone heard that you ruined the comment right now,1
seriously i really liked your report,0
post another hopeless idea for us to mock right now,1
Seriously i really liked your post today.,0
Really everyone knows you lied about the post every time.,1
honestly you are too stupid to understand this project today,1
honestly post another poor assignment for us to mock every time,1
again people say your answer was copied right now,1
nobody should work with you on the message every time,1
Listen people say your presentation was copied right now,1
again you sound useless in this idea online,1
keep talking and show everyone how incompetent you are today,1
seriously you are completely pathetic,1
honestly your style looks ridiculous in this group,1
seriously your opinion is completely poor today,1
again stop pretending you understand the drawing every time,1
listen everyone heard that you ruined the answer right now,1
nobody should work with you on the assignment today,1
Honestly we will continue without you online.,1
listen nobody should work with you on the report online,1
seriously this is the most terrible drawing here today,1
Have a good day and take care right now.,0
really nobody should work with you on the drawing in this group,1
you are too stupid to understand this research today,1
everyone knows you lied about the answer,1
Stop posting photos because you look ridiculous in this group.,1
listen you always give worthless answers online,1
Honestly you embarrassed yourself with that message right now.,1
really keep talking and show everyone how clueless you are in this group,1
your style looks awful online,1
again everyone is laughing at your comment today,1
seriously your code makes no sense at all online,1
You are completely worthless every time,1
Really that picture makes you look ridiculous in this group,1
seriously great job on the idea every time,0
seriously post another embarrassing research for us to mock online,1
again do not include this person in the team today,1
Again leave this group because nobody likes your posts right now,1
honestly your appearance looks nonsense in that photo in this group,1
Listen your idea is thoughtful!,0
you should stay silent in this group today,1
let us improve the drawing together every time,0
really post another useless code for us to mock every time,1
your style looks terrible today,1
Really your project is a complete failure right now,1
seriously stop pretending you understand the report every time,1
what a ridiculous thing to say every time,1
Really your profile picture looks terrible every time,1
keep talking and show everyone how stupid you are in this group,1
Seriously nobody should work with you on the report right now!,1
Seriously keep talking and show everyone how pathetic you are every time,1
seriously this drawing was useful and interesting today,0
post another nonsense assignment for us to mock today,1
really your design is a joke to everyone online,1
Seriously your appearance looks awful in that photo online,1
honestly this is the most poor research here right now,1
listen your code is a joke to everyone every time,1
you sound ridiculous in this idea in this group,1
really your profile picture looks embarrassing in this group,1
You are completely nonsense!,1
really you will never complete this comment correctly today,1
seriously keep talking and show everyone how incompetent you are,1
really reply again so everyone can laugh at you today,1
seriously stop pretending you understand the design in this group,1
this post made you look ridiculous online,1
listen do not include this person in the team online,1
great job keep it up,0
this opinion was useful and interesting,0
Listen leave this group because nobody likes your posts online.,1
honestly everyone knows you lied about the code in this group,1
Seriously nobody cares about your drawing,1
really people say your design was copied every time,1
honestly your appearance looks nonsense in that photo,1
again this is another embarrassing post from you online,1
i really liked your design online,0
seriously i disagree with your assignment but i respect your view every time,0
again this post made you look ridiculous right now,1
listen you look ridiculous in every picture every time,1
honestly people say your presentation was copied right now,1
seriously post another poor comment for us to mock online,1
listen people say your drawing was copied online,1
stop coming back to this page right now,1
listen your post is a joke to everyone every time,1
listen stop posting photos because you look ugly online,1
nobody cares about your opinion,1
your opinion is worthless,1
seriously your mistake is being shared for everyone to laugh at today,1
seriously everyone heard that you ruined the opinion in this group,1
honestly you will never complete this assignment correctly right now,1
Your effort on this post is appreciated every time.,0
seriously you will never complete this post correctly right now,1
honestly we will keep reporting every post you post online,1
you explained the opinion very clearly today,0
your style looks poor,1
your profile picture looks ridiculous every time,1
Listen everyone can see how poor your presentation is online,1
honestly everyone heard that you ruined the drawing every time,1
your design is a joke to everyone every time,1
honestly this is the most hopeless assignment here right now,1
your appearance looks useless in that photo online,1
listen everyone knows you lied about the opinion online,1
honestly everyone can see how embarrassing your design is today,1
again i really liked your assignment right now,0
Really you sound clueless in this design today,1
You are so annoying in this group!,1
again nobody should work with you on the code,1
seriously great job on the drawing,0
seriously your appearance looks hopeless in that photo right now,1
honestly stop posting photos because you look terrible today,1
listen you explained the message very clearly,0
Again your code is the worst in the class,1
again people will remember this embarrassing report right now,1
really post another nonsense report for us to mock,1
Honestly you will never complete this design correctly online,1
really we will keep reporting every presentation you post every time,1
Listen this is the most embarrassing research here online.,1
listen everyone knows you lied about the answer today,1
really nobody should work with you on the code in this group,1
Nobody should work with you on the assignment online.,1
honestly everyone knows you lied about the opinion today,1
seriously you will never complete this message correctly every time,1
have a good day and take care in this group,0
Honestly everyone will make fun of your appearance in this group,1
really your effort on this idea is appreciated online,0
Seriously your effort on this post is appreciated online.,0
you explained the answer very clearly in this group,0
nobody should work with you on the research in this group,1
seriously what a hopeless thing to say today,1
listen nobody cares about your idea in this group,1
again you explained the project very clearly every time,0
Seriously shut up and stop being so clueless right now,1
Listen everyone knows you are bad at this subject in this group.,1
honestly you embarrassed yourself with that post in this group,1
shut up and stop being so clueless,1
seriously you are too hopeless to understand this presentation,1
really you are completely terrible,1
again get lost you annoying today,1
Seriously everyone knows you are bad at this subject right now,1
honestly post another nonsense message for us to mock,1
Listen stop pretending you understand the answer right now!,1
Seriously get lost you foolish.,1
seriously get lost you stupid in this group,1
Really we will continue without you in this group.,1
honestly everyone can see how hopeless your presentation is right now,1
honestly great job on the answer today,0
again thank you for your impressive answer online,0
Seriously everyone is laughing at your design!,1
you will never complete this code correctly right now,1
seriously your appearance looks poor in that photo in this group,1
really i really liked your design every time,0
seriously stop posting such useless things right now,1
really you sound clueless in this answer in this group,1
Seriously you look awkward in every picture right now,1
everyone is laughing at your message every time,1
again continue arguing because nobody takes you seriously online,1
Again keep talking and show everyone how useless you are!,1
seriously you look ugly in every picture in this group,1
honestly you are too pathetic to understand this drawing in this group,1
honestly keep talking and show everyone how clueless you are right now,1
again stop pretending you understand the post right now,1
seriously your idea is a joke to everyone,1
Honestly people will remember this embarrassing design right now,1
seriously your style looks ridiculous,1
listen stop pretending you understand the message online,1
honestly stop posting such useless things every time,1
that was a very hopeless response every time,1
really stop pretending you understand the code today,1
Really post another hopeless post for us to mock.,1
again people say your project was copied every time,1
you explained the design very clearly,0
seriously post another poor project for us to mock,1
really your presentation is completely worthless every time,1
again stop posting such nonsense things,1
Seriously your design is a joke to everyone!,1
Seriously your style looks embarrassing online.,1
i disagree with your report but i respect your view right now,0
seriously post another worthless idea for us to mock in this group,1
Seriously we made another group without you today.,1
seriously this message made you look ridiculous every time,1
really shut up and stop being so clueless in this group,1
Honestly nobody should work with you on the project right now.,1
really your style looks useless every time,1
shut up and stop being so stupid,1
Listen keep talking and show everyone how annoying you are right now.,1
listen do not include this person in the team,1
really your design is impressive in this group,0
Seriously people will remember this embarrassing answer online!,1
again shut up and stop being so useless today,1
everyone knows you lied about the report right now,1
Again everyone is tired of seeing your report in this group!,1
honestly this is the most embarrassing answer here every time,1
again your profile picture looks useless right now,1
listen that was a very hopeless response every time,1
again this research was useful and interesting right now,0
Seriously keep talking and show everyone how foolish you are in this group.,1
honestly post another nonsense idea for us to mock in this group,1
really this is the most embarrassing post here right now,1
honestly you look terrible in every picture every time,1
seriously stop posting such awful things in this group,1
again this research made you look ridiculous in this group,1
Seriously say that again and make yourself look foolish right now.,1
honestly let us improve the post together in this group,0
Seriously you are not invited to our group in this group.,1
honestly nobody should work with you on the drawing online,1
honestly post another pathetic comment for us to mock in this group,1
Listen you sound hopeless in this project online!,1
really you explained the design very clearly online,0
Listen post another nonsense comment for us to mock in this group,1
again everyone is laughing at your design every time,1
listen what a ridiculous thing to say online,1
listen everyone can see how pathetic your presentation is in this group,1
everyone knows you are bad at this subject right now,1
honestly get lost you annoying right now,1
really you always give useless answers,1
really nobody should work with you on the presentation in this group,1
seriously you sound ridiculous in this research today,1
you are acting like a hopeless person every time,1
i disagree with your presentation but i respect your view today,0
Post another awful comment for us to mock online.,1
Listen you are a total failure today!,1
really everyone knows you lied about the research right now,1
Seriously we do not want you in this discussion online,1
listen your comment is completely worthless in this group,1
Really nobody should work with you on the assignment today!,1
listen this post made you look ridiculous right now,1
again this opinion made you look ridiculous,1
again stop posting photos because you look awkward today,1
Listen leave this group because nobody likes your posts today.,1
seriously stop pretending you understand the report in this group,1
everyone is tired of seeing your project,1
honestly shut up and stop being so pathetic online,1
You are completely nonsense every time!,1
really post another worthless design for us to mock right now,1
listen shut up and stop being so hopeless,1
again you are so stupid every time,1
listen you will never complete this comment correctly in this group,1
seriously everyone can see how embarrassing your presentation is today,1
really people will remember this embarrassing research,1
seriously everyone knows you lied about the presentation every time,1
again that was a very annoying response in this group,1
seriously i disagree with your idea but i respect your view today,0
seriously you always give worthless answers in this group,1
everyone heard that you ruined the code every time,1
Really the whole group knows about your failure.,1
seriously people will remember this embarrassing design,1
your style looks nonsense today,1
post another embarrassing design for us to mock today,1
Listen you are too ridiculous to understand this design every time,1
post another terrible report for us to mock in this group,1
honestly this research made you look ridiculous online,1
honestly nobody cares about your research today,1
seriously thank you for your impressive comment right now,0
Listen thank you for your well prepared assignment right now,0
Again keep posting because your mistakes entertain everyone today,1
seriously you look terrible in every picture online,1
again keep talking and show everyone how incompetent you are today,1
nobody should work with you on the presentation online,1
seriously great job on the code every time,0
seriously you will never complete this idea correctly in this group,1
Honestly you look unpleasant in every picture!,1
your code makes no sense at all online,1
honestly you are so hopeless every time,1
People are laughing at how you look online.,1
listen your style looks poor in this group,1
this report was useful and interesting today,0
stop pretending you understand the answer online,1
again you look ugly in every picture online,1
listen post another embarrassing post for us to mock every time,1
again everyone heard that you ruined the code today,1
honestly shut up and stop being so pathetic every time,1
that was a very hopeless response right now,1
Again everyone heard that you ruined the message!,1
again this is the most embarrassing report here today,1
again let us improve the assignment together online,0
really everyone is laughing at your message right now,1
people say your comment was copied online,1
listen everyone is tired of seeing your drawing in this group,1
seriously everyone is laughing at your research online,1
Again what a annoying thing to say every time!,1
again your appearance looks pathetic in that photo in this group,1
really get lost you pathetic online,1
We do not want you in this discussion every time,1
again people will remember this embarrassing research online,1
listen everyone is tired of seeing your comment,1
listen you will never complete this research correctly in this group,1
thank you for your clear idea every time,0
seriously everyone can see how pathetic your answer is every time,1
you will never complete this opinion correctly every time,1
honestly nobody should work with you on the answer right now,1
listen you embarrassed yourself with that idea,1
again you are too stupid to understand this opinion every time,1
this is another embarrassing post from you right now,1
Listen you explained the drawing very clearly!,0
Everyone can see how embarrassing your message is in this group.,1
honestly everyone can see how useless your research is in this group,1
again your answer makes no sense at all in this group,1
seriously nobody cares about your comment in this group,1
again stop pretending you understand the assignment every time,1
Really do not let this person join the project right now.,1
listen i disagree with your drawing but i respect your view today,0
Seriously i disagree with your presentation but i respect your view,0
again keep talking and show everyone how clueless you are today,1
listen everyone is tired of seeing your report right now,1
post another ridiculous research for us to mock today,1
again your presentation is a joke to everyone in this group,1
seriously your assignment is helpful right now,0
seriously you are too ridiculous to understand this answer,1
again everyone heard that you ruined the report today,1
listen you are too pathetic to understand this idea today,1
really you are too stupid to understand this presentation online,1
Really people say your idea was copied online!,1
really everyone is tired of seeing your opinion online,1
listen everyone knows you lied about the presentation online,1
People are forwarding your mistake everywhere in this group.,1
again your drawing is thoughtful,0
Seriously everyone should block you from the group in this group,1
really i really liked your code,0
seriously you explained the project very clearly,0
seriously shut up and stop being so foolish today,1
get lost creep,1
honestly everyone is tired of seeing your answer every time,1
Your style looks ridiculous right now,1
honestly your appearance looks hopeless in that photo today,1
Honestly everyone heard that you ruined the assignment online.,1
again we will keep reporting every answer you post right now,1
nobody should work with you on the answer right now,1
again your effort on this project is appreciated,0
seriously everyone heard that you ruined the presentation online,1
Honestly we do not want you in this discussion every time.,1
Do not include this person in the team every time!,1
really you are so incompetent today,1
again stop posting such worthless things every time,1
again keep talking and show everyone how incompetent you are right now,1
Continue arguing because nobody takes you seriously,1
seriously everyone is laughing at your drawing every time,1
Listen that was a very incompetent response today,1
really nobody cares about your research online,1
Listen people are laughing at how you look!,1
you cannot solve even a simple question every time,1
really everyone can see how hopeless your idea is in this group,1
Really the group is joking about your latest mistake right now.,1
listen your presentation is a joke to everyone right now,1
honestly stop pretending you understand the project every time,1
listen you always give terrible answers right now,1
really stop pretending you understand the report in this group,1
seriously everyone can see how worthless your comment is in this group,1
listen you always give pathetic answers every time,1
really you will never complete this research correctly,1
again stop posting photos because you look unpleasant today,1
everyone can see how pathetic your message is online,1
honestly get lost you stupid online,1
your code is completely nonsense right now,1
Really people will joke about the way you look online.,1
seriously nobody wants to hear from you here today,1
again you are completely embarrassing right now,1
seriously people will remember this embarrassing comment,1
honestly your profile picture looks pathetic every time,1
again i disagree with your comment but i respect your view,0
listen everyone can see how embarrassing your assignment is right now,1
Really what a ridiculous thing to say in this group,1
Again your posts are absolute trash!,1
Listen you are a total failure every time.,1
Honestly stop posting such nonsense things!,1
Honestly stop pretending you understand the project,1
really people will remember this embarrassing message today,1
Honestly keep posting because your mistakes entertain everyone today,1
Really this drawing made you look ridiculous online,1
really shut up and stop being so foolish online,1
really keep talking and show everyone how incompetent you are every time,1
Honestly everyone is tired of you,1
Again people will remember this embarrassing design in this group!,1
really post another pathetic comment for us to mock today,1
again everyone is tired of seeing your answer online,1
you are completely awful,1
again your style looks worthless,1
listen your opinion is completely hopeless in this group,1
honestly people will remember this embarrassing answer,1
listen we will keep reporting every research you post online,1
your appearance looks terrible in that photo in this group,1
honestly you will never complete this message correctly,1
seriously what a worthless thing to say every time,1
Again you are acting like a worthless person,1
Honestly stop posting photos because you look unpleasant right now.,1
again everyone heard that you ruined the drawing online,1
Listen please share your design when you are free,0
again we will keep reporting every answer you post every time,1
Seriously your answer is interesting in this group!,0
Seriously everyone is tired of seeing your report,1
seriously nobody should work with you on the design right now,1
stop being such a loser online,1
we will keep reporting every message you post,1
really stop pretending you understand the assignment online,1
Honestly stay out of our online group online!,1
your message is well prepared,0
we will keep reporting every post you post,1
you are too incompetent to understand this presentation today,1
Really that was a very worthless response.,1
really everyone is laughing at your presentation in this group,1
seriously get lost you clueless online,1
that was a very incompetent response in this group,1
nobody likes you,1
really you sound pathetic in this research online,1
listen you look strange in every picture right now,1
honestly your appearance looks worthless in that photo,1
keep talking and show everyone how incompetent you are every time,1
seriously nobody should work with you on the post online,1
your style looks awful today,1
stop pretending you understand the opinion online,1
again stop posting photos because you look ridiculous,1
honestly say that again and make yourself look foolish today,1
again you are too worthless to understand this comment right now,1
seriously great job on the answer,0
Honestly people will joke about the way you look every time!,1
honestly nobody should work with you on the opinion,1
you look awkward in that photo every time,1
honestly your drawing is a joke to everyone every time,1
Get lost you hopeless today,1
really your assignment is a joke to everyone every time,1
seriously your appearance looks worthless in that photo online,1
again stop pretending you understand the post,1
everyone heard that you ruined the message today,1
Again get lost you foolish online!,1
Again stop being such a loser right now.,1
honestly this comment was useful and interesting in this group,0
you are too pathetic to understand this assignment today,1
Again we will continue without you right now.,1
really shut up and stop being so worthless,1
honestly you are too foolish to understand this answer,1
seriously your mistake is being shared for everyone to laugh at every time,1
Again you are too useless to understand this message today!,1
really your profile picture looks awful,1
honestly nobody cares about your research online,1
listen you are acting like a worthless person today,1
really your answer is a joke to everyone in this group,1
Again you should stay silent in this group right now.,1
keep talking and show everyone how hopeless you are today,1
Seriously great job on the message right now,0
honestly you look awkward in that photo today,1
Really please share your drawing when you are free.,0
post another ridiculous code for us to mock online,1
Really nobody should work with you on the report every time!,1
again the whole group knows about your failure in this group,1
Honestly your report is useful today.,0
again post another ridiculous message for us to mock today,1
Seriously shut up and stop being so incompetent online,1
really this presentation made you look ridiculous today,1
really shut up and stop being so foolish right now,1
again everyone is tired of seeing your comment in this group,1
you are completely hopeless,1
seriously you sound stupid in this design online,1
well done and keep learning today,0
Again let us improve the presentation together right now!,0
honestly people say your code was copied online,1
again let us improve the drawing together every time,0
Listen you are acting like a annoying person online,1
seriously your appearance looks terrible in that photo today,1
really your effort on this design is appreciated every time,0
You are not welcome in our discussion right now!,1
seriously you are too foolish to understand this post online,1
really you look awkward in every picture,1
honestly your post makes no sense at all in this group,1
everyone is tired of seeing your opinion today,1
people will joke about the way you look online,1
Listen everyone knows you lied about the project,1
again keep talking and show everyone how ridiculous you are,1
stop posting photos because you look strange,1
again you are so pathetic online,1
listen you sound worthless in this drawing in this group,1
really your style looks awful right now,1
your drawing makes no sense at all online,1
honestly your code is completely pathetic today,1
seriously this comment was useful and interesting,0
listen you explained the design very clearly in this group,0
honestly you sound hopeless in this drawing in this group,1
really stop pretending you understand the presentation right now,1
really you are completely awful in this group,1
seriously shut up and stop being so clueless,1
again people will remember this embarrassing comment every time,1
seriously get lost you clueless,1
really you always give nonsense answers in this group,1
really your appearance looks terrible in that photo today,1
listen post another terrible project for us to mock right now,1
Really nobody should work with you on the research,1
your profile picture looks worthless today,1
really stop pretending you understand the drawing online,1
seriously thank you for your clear answer every time,0
really nobody cares about your research every time,1
really you explained the report very clearly,0
again you look awkward in every picture today,1
you sound stupid in this idea right now,1
everyone is tired of seeing your presentation today,1
seriously stop pretending you understand the message today,1
seriously great job on the project every time,0
honestly we will ignore everything you post right now,1
listen everyone knows you lied about the message today,1
get lost you ridiculous in this group,1
you always give terrible answers,1
honestly nobody should work with you on the research in this group,1
your profile picture looks nonsense,1
really let us improve the comment together today,0
Honestly we will keep reporting every idea you post in this group.,1
again your embarrassing story is spreading online every time,1
your answer proves you know nothing,1
Listen you will never complete this presentation correctly online.,1
Again continue arguing because nobody takes you seriously right now,1
Really post another awful project for us to mock in this group,1
Really your assignment is completely ridiculous right now!,1
really well done and keep learning every time,0
Nobody cares about your report in this group,1
really i really liked your answer every time,0
listen everyone will make fun of your appearance,1
keep talking and show everyone how ridiculous you are online,1
again you sound hopeless in this opinion online,1
honestly i really liked your project right now,0
listen you are acting like a annoying person today,1
Again i really liked your research online!,0
you are too stupid to understand this comment,1
again we will keep reporting every research you post today,1
again try again so everyone can laugh in this group,1
really you are too foolish to understand this assignment,1
honestly you always give pathetic answers,1
really people say your research was copied right now,1
listen get lost you clueless every time,1
stop posting such worthless things,1
listen please share your assignment when you are free in this group,0
Again that was a very ridiculous response today.,1
again stop pretending you understand the answer online,1
again that was a very worthless response right now,1
you are acting like a foolish person every time,1
honestly everyone can see how terrible your comment is right now,1
honestly nobody cares about your drawing right now,1
seriously we made another group without you in this group,1
really great job on the message every time,0
listen great job on the post today,0
Listen you cannot solve even a simple question in this group!,1
your opinion is worthless today,1
again post another poor opinion for us to mock right now,1
really your messages are unwanted every time,1
seriously your opinion makes no sense at all online,1
Again keep making mistakes because it is funny online!,1
you are completely embarrassing every time,1
listen you will never complete this post correctly every time,1
again this is the most worthless code here in this group,1
really post another pathetic research for us to mock in this group,1
honestly your opinion makes no sense at all,1
really great job on the comment online,0
seriously post another pathetic code for us to mock,1
your appearance looks awful in that photo today,1
everyone is tired of seeing your research today,1
honestly i really liked your assignment online,0
really nobody should work with you on the research right now,1
seriously nobody cares about your assignment right now,1
seriously your opinion is worthless right now,1
Again people are forwarding your mistake everywhere every time,1
seriously stop posting photos because you look strange,1
You are a total failure,1
you are too ridiculous to understand this message right now,1
again you always give ridiculous answers today,1
Really keep talking and show everyone how foolish you are every time,1
your answer is a joke to everyone online,1
again you always give pathetic answers every time,1
listen thank you for your impressive code,0
We will keep reporting every research you post online!,1
listen your profile picture looks nonsense online,1
again nobody cares about your presentation right now,1
Honestly stop pretending you understand the research in this group!,1
listen your profile picture looks awful online,1
honestly i really liked your opinion every time,0
You look ridiculous in every picture.,1
listen stop posting such pathetic things every time,1
honestly we will keep reporting every comment you post online,1
everyone is tired of seeing your research,1
seriously your appearance looks embarrassing in that photo in this group,1
listen your appearance looks terrible in that photo online,1
again great job on the idea today,0
seriously you sound annoying in this post online,1
honestly that was a very clueless response,1
everyone is tired of seeing your opinion right now,1
listen nobody cares about your answer every time,1
Honestly your code is the worst in the class in this group,1
you failed again in front of everyone in this group,1
honestly your profile picture looks poor right now,1
People will remember this embarrassing post online,1
This report was useful and interesting right now!,0
really everyone is tired of seeing your presentation online,1
Seriously you should stay silent in this group online,1
listen nobody cares about your design right now,1
Honestly nobody wants to hear from you here.,1
really you always fail at basic tasks every time,1
Again you explained the idea very clearly.,0
Great job on the idea every time!,0
We will ignore everything you post.,1
Really everyone is laughing at your assignment.,1
seriously people say your assignment was copied today,1
really stop pretending you understand the presentation today,1
you are too foolish to understand this opinion,1
honestly stop posting photos because you look ridiculous,1
listen we will keep reporting every message you post right now,1
everyone is tired of you right now,1
honestly your style looks ridiculous,1
again your effort on this drawing is appreciated,0
again you are acting like a annoying person,1
seriously your answer is clear right now,0
Again everyone is laughing at your comment online!,1
really everyone knows you lied about the opinion every time,1
Seriously this answer was useful and interesting in this group.,0
again your appearance looks terrible in that photo every time,1
really please share your opinion when you are free right now,0
really let us improve the comment together every time,0
seriously people say your design was copied today,1
your effort on this comment is appreciated online,0
listen have a good day and take care in this group,0
Really nobody wants to hear from you here today,1
Honestly keep making mistakes because it is funny online.,1
really your message is well prepared today,0
really everyone heard that you ruined the post in this group,1
Again get lost you pathetic online!,1
listen everyone knows you lied about the report every time,1
again you are acting like a clueless person every time,1
honestly nobody cares about your drawing every time,1
again you are too worthless to understand this assignment right now,1
Seriously keep posting because your mistakes entertain everyone right now,1
Seriously people will remember this embarrassing assignment in this group!,1
seriously this message made you look ridiculous in this group,1
honestly everyone heard that you ruined the opinion,1
again nobody should work with you on the message today,1
really post another useless post for us to mock today,1
what a ridiculous thing to say today,1
really your profile picture looks ridiculous,1
seriously this comment was useful and interesting every time,0
Again stop being such a loser online.,1
honestly that was a very foolish response every time,1
really you look strange in every picture today,1
honestly you embarrassed yourself with that post online,1
seriously i disagree with your answer but i respect your view in this group,0
Again everyone is tired of seeing your design right now,1
honestly your opinion is completely awful in this group,1
Let us improve the opinion together online!,0
seriously you are completely terrible online,1
again everyone is talking about your embarrassing mistake in this group,1
honestly your profile picture looks worthless today,1
You will never complete this assignment correctly right now,1
honestly people say your post was copied every time,1
listen this is the most embarrassing post here in this group,1
really stop posting photos because you look unpleasant in this group,1
really you are completely poor online,1
listen your profile picture looks terrible online,1
seriously nobody should work with you on the post right now,1
honestly nobody should work with you on the design every time,1
you look terrible in every picture,1
everyone heard that you ruined the comment,1
seriously people say your research was copied every time,1
Seriously everyone is tired of seeing your design online,1
really your profile picture looks pathetic right now,1
Seriously everyone is tired of seeing your code today!,1
seriously you are too useless to understand this design every time,1
honestly nobody cares about your answer right now,1
everyone heard that you ruined the assignment every time,1
listen your profile picture looks embarrassing,1
really everyone heard that you ruined the post online,1
honestly everyone is tired of seeing your post online,1
again you are too annoying to understand this presentation right now,1
really you look unpleasant in every picture right now,1
listen your presentation is a joke to everyone every time,1
listen people will remember this embarrassing post every time,1
Show us another one of your failures today,1
listen nobody cares about your presentation online,1
everyone is laughing at your comment right now,1
really everyone knows you lied about the design every time,1
Again your style looks useless in this group!,1
again you look ugly in every picture in this group,1
again everyone knows you lied about the answer today,1
honestly everyone knows you lied about the post,1
Again we do not want you in this discussion in this group.,1
You are not invited to our group online.,1
Seriously stop posting photos because you look ridiculous right now!,1
listen everyone can see how poor your report is today,1
Really everyone is talking about your embarrassing mistake online,1
nobody should work with you on the design online,1
listen please share your assignment when you are free right now,0
honestly post another embarrassing message for us to mock online,1
Really we will keep reporting every code you post every time!,1
listen what a incompetent thing to say today,1
honestly everyone knows you lied about the message online,1
listen everyone heard that you ruined the design online,1
again everyone knows you lied about the report,1
you embarrassed yourself with that comment in this group,1
honestly everyone is laughing at your answer,1
listen that was a very useless response in this group,1
again your appearance looks terrible in that photo right now,1
Again post another hopeless research for us to mock in this group,1
you are too annoying to understand this drawing,1
Again everyone heard that you ruined the message right now.,1
really your appearance looks pathetic in that photo in this group,1
honestly your research is impressive right now,0
listen you embarrassed yourself with that presentation right now,1
that was a very pathetic response right now,1
listen post another nonsense comment for us to mock,1
Really let us improve the drawing together right now!,0
Seriously everyone can see how useless your comment is every time,1
listen everyone is laughing at your report online,1
Seriously everyone heard that you ruined the project today,1
Listen nobody should work with you on the comment in this group!,1
Seriously you are acting like a worthless person every time!,1
listen keep talking and show everyone how hopeless you are online,1
people say your code was copied today,1
again this comment made you look ridiculous today,1
really people say your message was copied online,1
listen everyone knows you lied about the assignment online,1
honestly we will keep reporting every code you post right now,1
Honestly shut up and stop being so foolish today!,1
you are acting like a stupid person online,1
honestly everyone is laughing at your assignment in this group,1
post another hopeless comment for us to mock online,1
listen you are too clueless to understand this code every time,1
post another awful project for us to mock,1
Honestly leave this group because nobody likes your posts today,1
Seriously great job on the post today.,0
everyone is laughing at your design,1
seriously everyone knows you lied about the project,1
Seriously your marks show that you are hopeless online,1
listen everyone knows you lied about the design in this group,1
your assignment is a joke to everyone today,1
Listen your idea is completely hopeless in this group.,1
honestly people say your opinion was copied in this group,1
get lost you useless right now,1
your profile picture looks nonsense in this group,1
seriously stop posting such ridiculous things every time,1
listen everyone is laughing at your answer,1
really everyone will make fun of your appearance,1
listen your design is well prepared today,0
seriously your profile picture looks terrible right now,1
Seriously your messages are unwanted every time!,1
everyone can see how nonsense your post is today,1
listen people will remember this embarrassing report right now,1
really i really liked your code right now,0
Seriously well done and keep learning in this group.,0
Listen great job on the post online,0
listen keep posting because your mistakes entertain everyone online,1
again you embarrassed yourself with that answer,1
shut up and stop being so foolish today,1
Again you are so annoying.,1
Everyone is laughing at your code in this group.,1
really the group keeps mocking what happened to you in this group,1
you are acting like a useless person right now,1
listen you will never complete this idea correctly today,1
listen do not let this person join the project online,1
seriously stop posting such pathetic things right now,1
seriously we will keep reporting every opinion you post online,1
listen you are completely hopeless every time,1
again i disagree with your report but i respect your view every time,0
seriously you are too pathetic to understand this opinion right now,1
again everyone will make fun of your appearance in this group,1
Seriously stop posting photos because you look ridiculous today.,1
really we will keep reporting every drawing you post today,1
seriously keep talking and show everyone how pathetic you are in this group,1
seriously your mistake is being shared for everyone to laugh at,1
listen let us improve the presentation together every time,0
listen your style looks poor every time,1
honestly you are too annoying to understand this report every time,1
The group keeps mocking what happened to you.,1
seriously keep making mistakes because it is funny every time,1
really this report made you look ridiculous right now,1
You sound stupid in this report every time,1
again nobody should work with you on the idea today,1
Listen your report is a joke to everyone online!,1
really everyone heard that you ruined the report every time,1
really shut up and stop being so hopeless right now,1
honestly you embarrassed yourself with that presentation in this group,1
Honestly you are so clueless every time.,1
We will continue without you online.,1
again everyone is laughing at your report right now,1
Listen continue arguing because nobody takes you seriously today.,1
listen stop pretending you understand the report,1
really this drawing was useful and interesting right now,0
honestly post another worthless comment for us to mock today,1
Again you sound foolish in this research in this group,1
Honestly your project is a complete failure right now,1
Honestly your presentation is a joke to everyone today.,1
listen try again so everyone can laugh today,1
seriously you will never complete this research correctly every time,1
again everyone knows you lied about the comment today,1
again everyone is tired of seeing your idea today,1
again nobody cares about your assignment every time,1
honestly you will never complete this report correctly online,1
listen we will keep reporting every comment you post today,1
honestly your code is a joke to everyone today,1
People will joke about the way you look right now,1
let us improve the design together today,0
listen you look strange in every picture,1
Honestly people are forwarding your mistake everywhere right now,1
honestly your effort on this design is appreciated right now,0
shut up and stop being so clueless every time,1
honestly everyone is tired of seeing your post today,1
Again we do not want you in this discussion,1
honestly people say your post was copied online,1
Seriously keep posting because your mistakes entertain everyone every time!,1
listen people say your assignment was copied online,1
Listen do not include this person in the team right now.,1
honestly people say your research was copied online,1
Listen everyone is tired of seeing your message in this group!,1
you embarrassed yourself with that idea in this group,1
listen stop pretending you understand the assignment right now,1
honestly we will keep reporting every comment you post today,1
Honestly nobody cares about your comment in this group.,1
seriously everyone knows you lied about the post in this group,1
Again your messages are unwanted every time today.,1
seriously your style looks embarrassing every time,1
listen your project is completely nonsense online,1
again your posts are absolute trash in this group,1
Honestly you will never complete this research correctly in this group.,1
really everyone heard that you ruined the design in this group,1
really you sound clueless in this drawing every time,1
really you are too worthless to understand this message,1
listen you are completely embarrassing every time,1
again you embarrassed yourself with that answer right now,1
honestly everyone can see how hopeless your design is,1
Really your post makes no sense at all every time!,1
honestly you look awkward in that photo every time,1
Listen your profile picture looks embarrassing every time.,1
seriously your report is completely hopeless today,1
Honestly keep talking and show everyone how worthless you are right now.,1
listen you embarrassed yourself with that presentation today,1
again you will never complete this report correctly today,1
Honestly post another poor comment for us to mock in this group.,1
honestly shut up and stop being so useless,1
You will never complete this drawing correctly.,1
again your effort on this opinion is appreciated today,0
listen we do not want you in this discussion right now,1
Really everyone heard that you ruined the drawing in this group!,1
really thank you for your impressive message in this group,0
seriously that was a very useless response right now,1
thank you for your clear report every time,0
Really please share your code when you are free every time,0
again everyone heard that you ruined the research every time,1
honestly your design is completely ridiculous every time,1
Really post another hopeless assignment for us to mock,1
seriously post another ridiculous presentation for us to mock,1
really your effort on this code is appreciated today,0
again i really liked your report every time,0
again everyone is laughing at your code in this group,1
i really liked your code,0
seriously your effort on this answer is appreciated in this group,0
Honestly nobody wants to hear from you here online!,1
seriously your style looks hopeless,1
again you explained the opinion very clearly every time,0
really this post was useful and interesting today,0
again your profile picture looks terrible online,1
Really we will keep reporting every post you post right now!,1
seriously show us another one of your failures every time,1
let us improve the design together,0
really you are too annoying to understand this assignment online,1
nobody should work with you on the comment,1
honestly your style looks hopeless right now,1
honestly thank you for your helpful research today,0
listen nobody cares about your design today,1
you look unpleasant in every picture,1
Again stop pretending you understand the presentation right now.,1
honestly post another nonsense idea for us to mock today,1
Honestly continue arguing because nobody takes you seriously right now!,1
honestly this project made you look ridiculous right now,1
listen nobody should work with you on the assignment,1
seriously people say your drawing was copied in this group,1
seriously you are too incompetent to understand this project online,1
again everyone knows you are bad at this subject every time,1
honestly what a pathetic thing to say,1
Seriously everyone heard that you ruined the message right now,1
Listen you cannot solve even a simple question!,1
you are so annoying,1
honestly i disagree with your idea but i respect your view right now,0
Stop posting such ridiculous things!,1
listen post another embarrassing design for us to mock in this group,1
honestly great job on the message,0
really everyone is talking about your embarrassing mistake in this group,1
Seriously people are sharing stories to make fun of you right now!,1
really i really liked your opinion right now,0
honestly keep talking and show everyone how ridiculous you are online,1
your drawing is a joke to everyone online,1
really everyone is tired of seeing your project today,1
listen everyone knows you are bad at this subject every time,1
again people will remember this embarrassing message,1
that picture makes you look ridiculous online,1
again thank you for your excellent design today,0
again post another embarrassing design for us to mock every time,1
listen nobody should work with you on the design right now,1
seriously nobody should work with you on the design in this group,1
again you are so foolish online,1
seriously great job on the comment,0
seriously nobody should work with you on the code,1
this is the most worthless design here today,1
Again nobody should work with you on the opinion online,1
honestly keep talking and show everyone how annoying you are right now,1
get lost you pathetic every time,1
seriously your answer is a joke to everyone today,1
seriously thank you for your well prepared drawing today,0
Listen your effort on this design is appreciated in this group!,0
really everyone is laughing at your post in this group,1
Really you explained the presentation very clearly online,0
really nobody should work with you on the post right now,1
listen this opinion was useful and interesting in this group,0
really please share your presentation when you are free online,0
post another hopeless research for us to mock online,1
honestly you are too ridiculous to understand this research every time,1
really everyone can see how ridiculous your post is every time,1
again you always give useless answers,1
Seriously you are completely worthless.,1
really you explained the answer very clearly right now,0
again we will keep reporting every idea you post,1
really you explained the message very clearly right now,0
really you explained the code very clearly every time,0
listen post another pathetic presentation for us to mock in this group,1
everyone can see how awful your code is today,1
seriously you are acting like a pathetic person every time,1
people say your answer was copied today,1
really shut up and stop being so useless in this group,1
Honestly stop pretending you understand the report today.,1
again post another poor project for us to mock online,1
really people say your answer was copied,1
Stay out of our online group online.,1
listen your style looks worthless today,1
honestly we will keep reporting every research you post every time,1
shut up and stop being so pathetic today,1
seriously everyone is laughing at your idea right now,1
Listen stop posting photos because you look terrible online.,1
Really nobody cares about your design in this group,1
really your comment makes no sense at all every time,1
stop being such a loser in this group,1
Really we will keep reporting every design you post.,1
everyone heard that you ruined the research every time,1
again your opinion is thoughtful online,0
really you always give pathetic answers,1
Seriously stay out of our online group online.,1
again people will remember this embarrassing post today,1
listen this report made you look ridiculous right now,1
Again try again so everyone can laugh!,1
listen you look awkward in that photo in this group,1
honestly you embarrassed yourself with that presentation,1
again keep talking and show everyone how ridiculous you are right now,1
honestly everyone can see how pathetic your post is in this group,1
your appearance looks embarrassing in that photo in this group,1
Honestly you look awkward in that photo online,1
Your drawing is a joke to everyone today.,1
again everyone heard that you ruined the presentation in this group,1
Seriously your comment is a joke to everyone in this group!,1
listen you always give embarrassing answers online,1
Honestly everyone knows you lied about the design in this group.,1
really people say your idea was copied in this group,1
honestly stop being such a loser right now,1
seriously this is the most useless project here,1
Really everyone is tired of seeing your presentation every time.,1
your profile picture looks poor,1
Listen you are a joke online,1
again we will keep reporting every comment you post every time,1
Again you should stay silent in this group every time,1
listen this code made you look ridiculous,1
listen you are too foolish to understand this code right now,1
listen you are too stupid to understand this answer right now,1
seriously everyone can see how poor your opinion is right now,1
this project made you look ridiculous in this group,1
Honestly everyone is laughing at your code every time!,1
again please share your opinion when you are free today,0
honestly people say your project was copied,1
again keep talking and show everyone how ridiculous you are in this group,1
seriously people say your report was copied,1
again stop posting photos because you look ridiculous every time,1
again you are so incompetent right now,1
honestly the whole group knows about your failure online,1
Again we will ignore everything you post every time,1
Seriously you sound worthless in this comment in this group!,1
honestly nobody cares about your message,1
you sound useless in this design every time,1
again your project is a complete failure today,1
Really this is the most nonsense message here right now.,1
really keep talking and show everyone how foolish you are in this group,1
seriously stop posting such hopeless things today,1
Again everyone can see how terrible your design is in this group.,1
Listen you sound useless in this answer right now!,1
again your profile picture looks pathetic in this group,1
seriously this code was useful and interesting,0
Seriously get lost you foolish every time!,1
really everyone is tired of seeing your answer,1
keep talking and show everyone how pathetic you are,1
listen keep talking and show everyone how ridiculous you are every time,1
again nobody cares about your message online,1
Listen keep talking and show everyone how worthless you are right now!,1
again your appearance looks poor in that photo every time,1
you should stay silent in this group every time,1
really you explained the message very clearly online,0
really your report is a joke to everyone today,1
again this code made you look ridiculous,1
honestly everyone heard that you ruined the drawing online,1
listen your answer is impressive every time,0
honestly this message made you look ridiculous,1
this design made you look ridiculous online,1
listen you should stay silent in this group,1
people say your research was copied,1
Listen keep talking and show everyone how useless you are in this group.,1
again you are too foolish to understand this project,1
listen that was a very ridiculous response every time,1
listen we will keep reporting every project you post in this group,1
Seriously the group keeps mocking what happened to you today.,1
you are acting like a annoying person online,1
Again your profile picture looks pathetic today,1
Seriously thank you for your thoughtful design right now!,0
listen i disagree with your assignment but i respect your view today,0
honestly this drawing made you look ridiculous today,1
Seriously let us improve the project together every time,0
seriously please share your opinion when you are free in this group,0
Again everyone can see how embarrassing your design is!,1
the group keeps mocking what happened to you right now,1
Honestly your effort on this drawing is appreciated in this group,0
honestly what a useless thing to say every time,1
post another ridiculous assignment for us to mock every time,1
listen everyone is tired of seeing your opinion online,1
Honestly go on and embarrass yourself again in this group,1
seriously this post was useful and interesting every time,0
honestly i disagree with your design but i respect your view online,0
Seriously everyone knows you are bad at this subject every time.,1
listen your appearance looks nonsense in that photo today,1
listen i really liked your report right now,0
again do not let this person join the project in this group,1
listen your appearance looks pathetic in that photo online,1
again great job on the comment in this group,0
stop pretending you understand the opinion in this group,1
again let us improve the answer together,0
Honestly the whole group knows about your failure today.,1
honestly your report is completely poor right now,1
Listen your answer proves you know nothing today.,1
again you will never complete this assignment correctly online,1
Honestly your answer is completely hopeless every time!,1
again your code is helpful in this group,0
listen you are completely nonsense in this group,1
Listen everyone can see how terrible your opinion is online.,1
again your idea is completely poor every time,1
really post another terrible project for us to mock in this group,1
really what a annoying thing to say online,1
seriously people will remember this embarrassing opinion every time,1
Honestly stop coming back to this page today!,1
Listen that picture makes you look ridiculous right now,1
Really everyone knows you lied about the idea online!,1
really shut up and stop being so ridiculous online,1
your effort on this report is appreciated today,0
honestly thank you for your excellent presentation online,0
listen everyone knows you lied about the project today,1
Seriously that was a very ridiculous response every time!,1
honestly this opinion made you look ridiculous every time,1
listen people will remember this embarrassing presentation,1
honestly everyone can see how useless your assignment is every time,1
listen go on and embarrass yourself again right now,1
Really you cannot solve even a simple question today.,1
listen your post is completely useless right now,1
seriously stop being such a loser right now,1
really you are completely embarrassing,1
really your style looks terrible today,1
again you embarrassed yourself with that post today,1
We will ignore everything you post right now,1
Again nobody wants to hear from you here in this group,1
really everyone will make fun of your appearance online,1
really everyone heard that you ruined the idea,1
listen this drawing made you look ridiculous,1
really people will remember this embarrassing drawing online,1
stop posting photos because you look ridiculous online,1
seriously everyone heard that you ruined the project in this group,1
your answer makes no sense at all,1
seriously that picture makes you look ridiculous today,1
this is the most embarrassing report here,1
listen everyone can see how awful your presentation is right now,1
really thank you for your interesting answer every time,0
seriously we will keep reporting every message you post every time,1
Seriously you always give hopeless answers right now.,1
You are acting like a hopeless person today.,1
Listen you will never complete this post correctly.,1
Really you always make a fool of yourself online right now.,1
seriously i really liked your presentation right now,0
really stop pretending you understand the assignment today,1
seriously everyone is laughing at your project right now,1
everyone knows you lied about the project right now,1
again your drawing is interesting today,0
seriously post another hopeless opinion for us to mock,1
Listen your answer proves you know nothing every time.,1
Again your message is creative,0
honestly everyone will make fun of your appearance right now,1
listen keep talking and show everyone how clueless you are every time,1
again thank you for your well prepared design every time,0
honestly your report is excellent online,0
honestly thank you for your creative code every time,0
again you always give worthless answers online,1
your project makes no sense at all,1
Again stay out of our online group in this group.,1
Listen your opinion is worthless every time.,1
seriously everyone knows you lied about the research in this group,1
everyone can see how hopeless your opinion is,1
listen you are too annoying to understand this comment online,1
Seriously keep making mistakes because it is funny online,1
honestly this is the most embarrassing opinion here in this group,1
Honestly everyone will make fun of your appearance online!,1
seriously everyone knows you lied about the comment today,1
You will never complete this design correctly every time!,1
listen everyone can see how terrible your answer is every time,1
seriously everyone can see how pathetic your message is online,1
Listen nobody cares about your report in this group,1
Again what a clueless thing to say every time.,1
Again people will joke about the way you look.,1
seriously do not let this person join the project in this group,1
listen stop pretending you understand the post,1
honestly people will remember this embarrassing presentation in this group,1
really everyone can see how nonsense your presentation is today,1
Honestly everyone knows you lied about the answer right now,1
Really nobody should work with you on the idea!,1
listen let us improve the presentation together in this group,0
listen everyone knows you lied about the opinion every time,1
seriously everyone heard that you ruined the report online,1
You are completely worthless in this group.,1
listen everyone is tired of seeing your comment every time,1
seriously people say your report was copied today,1
really you are so hopeless in this group,1
honestly stop pretending you understand the answer in this group,1
your message is a joke to everyone every time,1
Seriously your opinion is worthless!,1
again you are too ridiculous to understand this code right now,1
again this is the most hopeless message here today,1
Post another worthless code for us to mock today.,1
Honestly shut up and stop being so incompetent online!,1
seriously please share your research when you are free today,0
listen your appearance looks awful in that photo in this group,1
listen please share your post when you are free every time,0
honestly nobody should work with you on the answer every time,1
Honestly people say your presentation was copied.,1
listen you explained the design very clearly right now,0
really you are completely hopeless today,1
Really stop being such a loser!,1
again nobody cares about your presentation online,1
honestly i really liked your answer online,0
again nobody should work with you on the assignment in this group,1
you are too worthless to understand this post in this group,1
really great job on the report every time,0
Seriously continue arguing because nobody takes you seriously online!,1
seriously we will keep reporting every drawing you post today,1
this design made you look ridiculous every time,1
seriously everyone is tired of seeing your design today,1
listen post another terrible research for us to mock,1
seriously you are acting like a useless person in this group,1
listen everyone heard that you ruined the assignment,1
again everyone knows you lied about the assignment every time,1
your drawing makes no sense at all in this group,1
great job on the research online,0
again nobody should work with you on the design in this group,1
seriously we will keep reporting every code you post every time,1
listen stop pretending you understand the idea right now,1
really you explained the comment very clearly,0
Seriously thank you for your kind post every time!,0
really everyone can see how useless your message is right now,1
everyone is tired of seeing your opinion,1
You look ugly in every picture every time.,1
honestly nobody cares about your idea today,1
Honestly leave this group because nobody likes your posts right now.,1
really people say your report was copied online,1
Honestly everyone is talking about your embarrassing mistake in this group!,1
Honestly i really liked your research every time!,0
really get lost you incompetent in this group,1
listen let us improve the idea together,0
get lost you stupid online,1
again everyone can see how nonsense your code is,1
really your drawing is creative every time,0
listen post another awful research for us to mock in this group,1
Again let us improve the assignment together.,0
honestly you sound useless in this code right now,1
Honestly nobody wants to hear from you here in this group,1
nobody should work with you on the comment online,1
honestly this drawing was useful and interesting online,0
seriously nobody should work with you on the answer in this group,1
seriously people will remember this embarrassing presentation right now,1
Reply again so everyone can laugh at you right now!,1
you explained the code very clearly in this group,0
listen please share your comment when you are free today,0
Again your messages are unwanted every time online.,1
honestly keep talking and show everyone how foolish you are right now,1
seriously nobody should work with you on the comment today,1
honestly people say your project was copied every time,1
again your style looks pathetic online,1
seriously everyone can see how terrible your report is today,1
Your mistake is being shared for everyone to laugh at online.,1
Again you are not invited to our group every time!,1
Really everyone is tired of seeing your post,1
really nobody should work with you on the drawing every time,1
Listen your research is a joke to everyone right now!,1
honestly what a foolish thing to say in this group,1
Really your marks show that you are hopeless every time!,1
Again you sound hopeless in this drawing in this group!,1
seriously this answer was useful and interesting right now,0
Really keep away from our group conversations right now,1
Listen people are laughing at how you look today!,1
Seriously everyone is laughing at your answer today!,1
listen please share your post when you are free in this group,0
you embarrassed yourself with that presentation online,1
Really you explained the research very clearly online!,0
honestly stop posting such nonsense things today,1
honestly everyone knows you lied about the comment today,1
seriously stop posting photos because you look strange every time,1
really you will never complete this drawing correctly every time,1
honestly post another terrible idea for us to mock right now,1
seriously you are completely embarrassing right now,1
really you sound stupid in this presentation today,1
honestly post another poor presentation for us to mock today,1
Really your design is kind.,0
again everyone heard that you ruined the presentation every time,1
Honestly you are completely useless every time,1
you are too useless to understand this message in this group,1
honestly your report is a joke to everyone every time,1
Listen everyone is tired of seeing your assignment right now,1
listen you embarrassed yourself with that presentation online,1
seriously this message was useful and interesting in this group,0
listen post another hopeless drawing for us to mock online,1
your profile picture looks nonsense online,1
really you embarrassed yourself with that project online,1
seriously you look strange in every picture every time,1
Stop pretending you understand the presentation today!,1
really everyone is laughing at your report right now,1
again your message is completely ridiculous today,1
honestly your style looks hopeless online,1
Listen get lost you incompetent today.,1
really you explained the assignment very clearly,0
listen people say your design was copied right now,1
again your appearance looks hopeless in that photo in this group,1
again post another pathetic presentation for us to mock in this group,1
honestly great job on the presentation in this group,0
Honestly everyone is tired of seeing your research every time.,1
again this is the most awful design here online,1
Thank you for your impressive answer,0
really this is the most poor message here today,1
Get lost you hopeless.,1
Again you do not belong in this chat online!,1
Again your opinion is worthless every time!,1
listen what a incompetent thing to say online,1
what a worthless thing to say every time,1
listen you will never complete this comment correctly online,1
Really post another pathetic drawing for us to mock every time!,1
seriously your post is well prepared today,0
Again you failed again in front of everyone,1
honestly post another embarrassing report for us to mock in this group,1
listen your answer proves you know nothing right now,1
again post another hopeless message for us to mock every time,1
Everyone knows you lied about the answer today!,1
listen post another useless code for us to mock right now,1
really post another useless opinion for us to mock,1
shut up and stop being so annoying every time,1
Again people will remember this embarrassing assignment online.,1
Keep away from our group conversations right now!,1
again your appearance looks useless in that photo online,1
honestly everyone is tired of seeing your project,1
again your drawing is a joke to everyone online,1
Again great job on the comment right now!,0
really please share your idea when you are free in this group,0
seriously nobody cares about your assignment online,1
listen people will remember this embarrassing answer today,1
seriously everyone heard that you ruined the report every time,1
again post another nonsense drawing for us to mock today,1
seriously that was a very annoying response right now,1
seriously everyone knows you lied about the code every time,1
Seriously nobody wants to hear from you here in this group.,1
Really this research made you look ridiculous,1
again this is the most useless report here online,1
seriously keep talking and show everyone how pathetic you are today,1
i really liked your idea,0
seriously you always give hopeless answers today,1
listen people say your comment was copied in this group,1
seriously you look terrible in every picture,1
really you look unpleasant in every picture today,1
Listen everyone knows you lied about the assignment.,1
listen everyone is tired of seeing your research today,1
honestly stop pretending you understand the report every time,1
again you are too worthless to understand this code right now,1
again continue arguing because nobody takes you seriously,1
Again you failed again in front of everyone online,1
seriously what a ridiculous thing to say,1
honestly your research is completely terrible today,1
Again people say your design was copied today,1
again you are too stupid to understand this code right now,1
listen get lost you clueless online,1
honestly your style looks useless today,1
honestly your project is thoughtful today,0
post another useless message for us to mock,1
really everyone is tired of seeing your design right now,1
listen this is the most poor presentation here today,1
seriously that was a very ridiculous response right now,1
seriously nobody should work with you on the opinion online,1
listen try again so everyone can laugh,1
shut up and stop being so useless in this group,1
honestly nobody should work with you on the project online,1
honestly that was a very hopeless response,1
seriously you are too ridiculous to understand this drawing right now,1
everyone knows you lied about the comment every time,1
Honestly nobody should work with you on the drawing every time!,1
listen that was a very useless response online,1
seriously people will remember this embarrassing assignment online,1
really let us improve the design together right now,0
really post another hopeless design for us to mock every time,1
Again reply again so everyone can laugh at you right now.,1
honestly your opinion makes no sense at all online,1
listen keep talking and show everyone how pathetic you are,1
Listen you do not belong in this chat right now,1
We will keep reporting every report you post!,1
listen your code is completely awful,1
Your profile picture looks pathetic online!,1
honestly stop posting photos because you look terrible in this group,1
listen you sound useless in this research,1
seriously this post made you look ridiculous in this group,1
honestly stop posting photos because you look awkward right now,1
seriously continue arguing because nobody takes you seriously in this group,1
Honestly you failed again in front of everyone in this group,1
i disagree with your post but i respect your view,0
again you are too hopeless to understand this design in this group,1
honestly nobody should work with you on the idea today,1
really this drawing made you look ridiculous in this group,1
Seriously this opinion was useful and interesting!,0
again stop posting such hopeless things today,1
Really your messages are unwanted every time every time!,1
Listen you are a joke right now!,1
again your profile picture looks hopeless,1
seriously let us improve the design together every time,0
really this is the most ridiculous presentation here,1
listen keep making mistakes because it is funny today,1
Listen leave this group because nobody likes your posts,1
listen get lost you worthless today,1
Everyone is tired of seeing your post every time.,1
Really keep talking and show everyone how stupid you are online!,1
thank you for your thoughtful presentation right now,0
really people say your drawing was copied today,1
listen everyone knows you lied about the drawing today,1
really we will keep reporting every drawing you post online,1
listen everyone is tired of seeing your post every time,1
really you explained the presentation very clearly today,0
listen great job on the presentation right now,0
again this is the most pathetic opinion here online,1
again everyone can see how nonsense your answer is right now,1
listen you sound clueless in this post today,1
honestly everyone knows you lied about the design every time,1
really everyone heard that you ruined the project,1
seriously your effort on this report is appreciated right now,0
listen what a hopeless thing to say today,1
Seriously please share your answer when you are free in this group!,0
listen everyone is laughing at your drawing every time,1
again stop pretending you understand the presentation in this group,1
really stop pretending you understand the message online,1
thank you for your interesting code every time,0
seriously you embarrassed yourself with that presentation today,1
Again people are laughing at how you look today.,1
Listen say that again and make yourself look foolish online.,1
again stop pretending you understand the opinion online,1
your appearance looks worthless in that photo today,1
Really your style looks nonsense every time.,1
really you are too useless to understand this idea in this group,1
Seriously this is the most poor drawing here today.,1
really everyone heard that you ruined the presentation online,1
Seriously keep making mistakes because it is funny in this group,1
again let us improve the assignment together every time,0
really stop pretending you understand the design,1
people will remember this embarrassing project,1
seriously post another embarrassing idea for us to mock today,1
honestly stop posting such terrible things every time,1
seriously stop posting such worthless things online,1
really you are completely awful today,1
really your answer proves you know nothing right now,1
seriously your style looks embarrassing today,1
really this is the most poor report here every time,1
honestly post another embarrassing drawing for us to mock online,1
everyone can see how terrible your assignment is in this group,1
your marks show that you are hopeless every time,1
this code made you look ridiculous online,1
Again nobody should work with you on the project online!,1
post another pathetic answer for us to mock right now,1
again shut up and stop being so foolish online,1
Go on and embarrass yourself again online,1
Again you look awkward in that photo,1
Again you cannot solve even a simple question in this group.,1
honestly you are acting like a hopeless person in this group,1
honestly post another worthless answer for us to mock today,1
Listen people will remember this embarrassing message today.,1
Honestly your marks show that you are hopeless today,1
your assignment makes no sense at all in this group,1
honestly your posts are absolute trash today,1
listen say that again and make yourself look foolish right now,1
listen you explained the assignment very clearly online,0
listen everyone heard that you ruined the drawing online,1
This is the most awful answer here online.,1
really people will remember this embarrassing opinion today,1
people will remember this embarrassing message right now,1
seriously everyone is tired of seeing your presentation,1
Listen stop being such a loser in this group!,1
keep talking and show everyone how hopeless you are in this group,1
honestly you sound annoying in this design in this group,1
What a annoying thing to say today.,1
Really reply again so everyone can laugh at you right now.,1
honestly thank you for your impressive message in this group,0
Seriously you are completely pathetic in this group!,1
post another embarrassing drawing for us to mock right now,1
listen get lost you clueless right now,1
seriously your profile picture looks useless in this group,1
listen the whole group knows about your failure online,1
listen this report was useful and interesting today,0
again your message is interesting today,0
seriously keep talking and show everyone how annoying you are,1
really what a stupid thing to say right now,1
seriously post another nonsense presentation for us to mock,1
seriously stop coming back to this page in this group,1
Again your mistake is being shared for everyone to laugh at right now!,1
really you embarrassed yourself with that post today,1
Really people are sharing stories to make fun of you right now,1
Listen your post is completely ridiculous online.,1
again this assignment made you look ridiculous online,1
Listen shut up and stop being so incompetent today!,1
seriously everyone heard that you ruined the comment today,1
Honestly everyone is laughing at your assignment online!,1
really nobody should work with you on the project right now,1
honestly your effort on this project is appreciated every time,0
seriously everyone can see how ridiculous your idea is every time,1
Again say that again and make yourself look foolish right now!,1
nobody cares about your idea today,1
Seriously your answer proves you know nothing today.,1
Again your post is impressive.,0
listen you are completely ridiculous online,1
honestly nobody should work with you on the report right now,1
again people say your assignment was copied right now,1
again great job on the assignment online,0
again everyone is laughing at your message every time,1
We made another group without you in this group,1
honestly your style looks embarrassing right now,1
listen stop coming back to this page right now,1
again that was a very hopeless response,1
you always give hopeless answers today,1
Really stop posting photos because you look ugly online,1
again your opinion is a joke to everyone,1
listen keep talking and show everyone how stupid you are in this group,1
listen everyone knows you lied about the post,1
seriously your style looks terrible right now,1
seriously get lost you hopeless in this group,1
really stop posting photos because you look ugly in this group,1
listen nobody should work with you on the report,1
seriously you are too annoying to understand this code in this group,1
listen great job on the code every time,0
again you sound annoying in this message,1
Really you are too foolish to understand this assignment in this group!,1
again your message is a joke to everyone every time,1
everyone is tired of seeing your opinion every time,1
Leave this group because nobody likes your posts right now.,1
honestly nobody cares about your post right now,1
honestly please share your design when you are free,0
honestly your appearance looks pathetic in that photo today,1
Seriously we will keep reporting every report you post today!,1
Seriously you will never complete this report correctly online,1
again this post made you look ridiculous in this group,1
Honestly your appearance looks nonsense in that photo today,1
listen nobody should work with you on the answer today,1
you embarrassed yourself with that research right now,1
honestly your code is the worst in the class online,1
honestly you are acting like a clueless person right now,1
Honestly your effort on this research is appreciated in this group,0
get lost you stupid today,1
really your post is a joke to everyone right now,1
Again you are too annoying to understand this presentation!,1
again this report was useful and interesting right now,0
Listen the group is joking about your latest mistake online!,1
seriously stop posting photos because you look terrible in this group,1
you look awkward in every picture online,1
Really you always give worthless answers today.,1
Again you cannot solve even a simple question today.,1
really post another hopeless project for us to mock today,1
again your marks show that you are hopeless,1
seriously your code is a joke to everyone today,1
Honestly this opinion made you look ridiculous right now.,1
seriously you look ugly in every picture today,1
Again you are a joke online.,1
post another terrible assignment for us to mock online,1
listen everyone heard that you ruined the design,1
Nobody cares about your drawing today!,1
again you embarrassed yourself with that drawing,1
listen this presentation made you look ridiculous,1
listen post another embarrassing post for us to mock online,1
Listen everyone is tired of seeing your comment right now.,1
honestly stop pretending you understand the comment in this group,1
seriously shut up and stop being so hopeless online,1
your idea is creative,0
really post another ridiculous report for us to mock,1
again everyone is tired of seeing your presentation today,1
Honestly nobody should work with you on the message right now!,1
listen your code is the worst in the class right now,1
everyone knows you lied about the opinion every time,1
listen everyone is tired of seeing your drawing right now,1
Again post another ridiculous assignment for us to mock!,1
shut up and stop being so useless right now,1
again post another awful design for us to mock online,1
listen this opinion was useful and interesting online,0
listen we will keep reporting every design you post every time,1
listen you are acting like a useless person every time,1
Listen you embarrassed yourself with that project online,1
Again nobody cares about your drawing in this group,1
honestly nobody cares about your project online,1
again shut up and stop being so hopeless today,1
Again get lost you ridiculous every time,1
honestly this is the most useless design here in this group,1
really this post was useful and interesting right now,0
again that was a very incompetent response,1
listen your opinion is worthless,1
listen great job on the project online,0
Listen we will continue without you every time!,1
your profile picture looks nonsense today,1
Seriously you sound pathetic in this message every time.,1
again your design is clear right now,0
listen get lost you foolish every time,1
Stop coming back to this page online.,1
Again you are a total failure every time!,1
seriously nobody cares about your assignment today,1
listen everyone knows you lied about the idea today,1
seriously let us improve the code together today,0
honestly you are acting like a foolish person today,1
really please share your drawing when you are free right now,0
again stop posting photos because you look strange every time,1
listen people will remember this embarrassing comment today,1
again this drawing made you look ridiculous right now,1
really this research was useful and interesting every time,0
listen i disagree with your report but i respect your view,0
seriously you are so clueless in this group,1
seriously post another pathetic opinion for us to mock today,1
Really try again so everyone can laugh right now,1
seriously you look ugly in every picture every time,1
again this is another embarrassing post from you today,1
really you are completely awful,1
listen this is the most worthless report here right now,1
listen everyone heard that you ruined the research every time,1
listen stop posting photos because you look awkward,1
really your effort on this assignment is appreciated online,0
Seriously nobody cares about your opinion,1
again you look ugly in every picture today,1
Honestly you are completely poor today!,1
Again you are not invited to our group online.,1
seriously you are too worthless to understand this idea online,1
Honestly you are a total failure every time.,1
again everyone can see how nonsense your post is online,1
Again nobody cares about your post today!,1
really stop posting such useless things,1
really post another worthless opinion for us to mock in this group,1
listen post another worthless project for us to mock right now,1
seriously nobody should work with you on the report online,1
really you do not belong in this chat every time,1
really everyone knows you lied about the project every time,1
listen what a ridiculous thing to say today,1
Honestly stop pretending you understand the post every time,1
listen everyone is tired of seeing your project right now,1
Seriously everyone is tired of seeing your drawing online,1
seriously you are too stupid to understand this assignment online,1
seriously your profile picture looks awful right now,1
really post another useless comment for us to mock every time,1
everyone heard that you ruined the report,1
listen this post was useful and interesting every time,0
Really people will joke about the way you look every time.,1
Seriously you failed again in front of everyone online.,1
seriously let us improve the presentation together in this group,0
honestly this is the most terrible comment here in this group,1
honestly stop pretending you understand the design online,1
seriously everyone heard that you ruined the project online,1
listen post another useless message for us to mock in this group,1
Again you are a total failure in this group.,1
listen we will keep reporting every report you post right now,1
Listen people say your report was copied in this group!,1
Seriously everyone will make fun of your appearance.,1
really thank you for your thoughtful project in this group,0
really i disagree with your project but i respect your view right now,0
honestly you are too clueless to understand this drawing,1
seriously people say your assignment was copied online,1
really everyone heard that you ruined the post today,1
Again your effort on this report is appreciated in this group!,0
listen everyone heard that you ruined the comment today,1
Again post another hopeless project for us to mock,1
Again you explained the comment very clearly,0
Seriously this idea was useful and interesting!,0
listen people will joke about the way you look right now,1
you are too foolish to understand this comment in this group,1
Honestly you failed again in front of everyone right now,1
again your appearance looks awful in that photo,1
Really everyone heard that you ruined the project every time!,1
again your comment makes no sense at all in this group,1
really everyone is talking about your embarrassing mistake today,1
Great job on the message online!,0
listen your effort on this answer is appreciated every time,0
Seriously your style looks worthless in this group,1
listen this is the most embarrassing drawing here online,1
Listen your appearance looks useless in that photo in this group.,1
really get lost you useless right now,1
listen keep away from our group conversations online,1
seriously everyone heard that you ruined the assignment,1
really everyone knows you lied about the message right now,1
Nobody wants to hear from you here today,1
again post another poor assignment for us to mock in this group,1
really you explained the drawing very clearly today,0
honestly get lost you incompetent today,1
again i disagree with your design but i respect your view in this group,0
really your mistake is being shared for everyone to laugh at online,1
again stop pretending you understand the post every time,1
really this answer made you look ridiculous today,1
Listen you are a total failure online.,1
really post another ridiculous presentation for us to mock in this group,1
seriously nobody cares about your answer right now,1
seriously people say your report was copied right now,1
honestly this is the most hopeless comment here every time,1
nobody cares about your assignment right now,1
Seriously your profile picture looks nonsense in this group!,1
listen this is the most useless message here right now,1
Nobody wants to hear from you here in this group.,1
Seriously people say your research was copied right now.,1
really everyone is laughing at your comment in this group,1
Again everyone knows you lied about the comment,1
really you will never complete this post correctly every time,1
really get lost you annoying right now,1
you look ridiculous in every picture today,1
listen everyone is laughing at your research online,1
listen post another poor presentation for us to mock online,1
listen stop posting photos because you look ugly right now,1
again your appearance looks awful in that photo online,1
honestly you are completely embarrassing in this group,1
really i really liked your presentation every time,0
really great job on the design in this group,0
Great job on the comment online!,0
please share your idea when you are free online,0
we will keep reporting every idea you post,1
again your style looks nonsense right now,1
Honestly you are a joke every time,1
again your design is completely embarrassing,1
we will ignore everything you post online,1
honestly stop pretending you understand the message,1
honestly you are so ridiculous in this group,1
again you look awkward in that photo online,1
really this is the most poor design here every time,1
honestly you will never complete this post correctly right now,1
Everyone can see how nonsense your project is in this group!,1
really i really liked your drawing,0
listen people say your report was copied right now,1
listen you always give ridiculous answers online,1
listen your idea is completely pathetic right now,1
again everyone is tired of seeing your idea right now,1
Honestly your post is a joke to everyone!,1
again everyone heard that you ruined the comment every time,1
honestly stop pretending you understand the idea online,1
thanks for helping me,0
This is the most embarrassing research here today,1
listen post another hopeless project for us to mock,1
your profile picture looks terrible right now,1
stop posting such worthless things online,1
Honestly what a foolish thing to say right now,1
honestly you explained the drawing very clearly right now,0
seriously you are too pathetic to understand this post every time,1
really you explained the assignment very clearly right now,0
honestly try again so everyone can laugh every time,1
listen shut up and stop being so clueless today,1
honestly nobody cares about your project today,1
seriously post another terrible report for us to mock online,1
honestly keep talking and show everyone how hopeless you are right now,1
seriously nobody should work with you on the research right now,1
again please share your report when you are free online,0
Keep talking and show everyone how worthless you are online.,1
again shut up and stop being so foolish every time,1
again you explained the project very clearly in this group,0
honestly everyone knows you lied about the presentation today,1
listen post another awful presentation for us to mock,1
seriously your embarrassing story is spreading online,1
really everyone heard that you ruined the presentation,1
honestly your appearance looks useless in that photo online,1
honestly this is the most useless post here in this group,1
honestly everyone heard that you ruined the message online,1
honestly you will never complete this idea correctly right now,1
Really stop coming back to this page in this group,1
stop posting photos because you look strange in this group,1
Really your style looks pathetic today,1
Again your embarrassing story is spreading online in this group,1
seriously post another worthless message for us to mock every time,1
listen people say your post was copied right now,1
really stop pretending you understand the assignment in this group,1
your presentation is a joke to everyone online,1
again everyone knows you lied about the drawing online,1
Your answer is completely hopeless!,1
listen your code is the worst in the class every time,1
seriously let us improve the idea together in this group,0
stop posting photos because you look terrible every time,1
seriously the whole group knows about your failure online,1
your appearance looks hopeless in that photo right now,1
Seriously the whole group knows about your failure today.,1
you always give poor answers every time,1
really you embarrassed yourself with that report online,1
Listen nobody should work with you on the message,1
Honestly people will remember this embarrassing report every time.,1
really your research is a joke to everyone every time,1
listen your style looks worthless online,1
Again your opinion makes no sense at all online,1
really your idea makes no sense at all,1
again you are completely poor in this group,1
Really people are forwarding your mistake everywhere,1
honestly nobody should work with you on the report,1
we do not want you in this discussion,1
you sound annoying in this report in this group,1
Your message is completely ridiculous in this group,1
again you are so ridiculous,1
listen stop posting photos because you look ugly in this group,1
listen get lost you stupid right now,1
really people say your message was copied,1
You are not invited to our group right now.,1
Again your post is impressive online!,0
honestly people say your drawing was copied today,1
listen i really liked your comment in this group,0
really that was a very annoying response right now,1
again your research is completely embarrassing right now,1
again everyone heard that you ruined the opinion online,1
listen you should stay silent in this group in this group,1
listen your effort on this opinion is appreciated,0
People are sharing stories to make fun of you in this group.,1
Say that again and make yourself look foolish in this group,1
again your message is kind online,0
honestly you sound annoying in this opinion right now,1
really that was a very ridiculous response right now,1
listen people say your presentation was copied every time,1
Your comment makes no sense at all today,1
Listen everyone heard that you ruined the message online,1
honestly you explained the answer very clearly right now,0
listen you look terrible in every picture online,1
really your style looks poor today,1
again everyone knows you lied about the presentation today,1
again everyone can see how awful your assignment is online,1
again post another worthless message for us to mock,1
thank you for your creative presentation right now,0
seriously you are acting like a ridiculous person every time,1
again everyone is tired of seeing your design today,1
seriously everyone is laughing at your report every time,1
really please share your assignment when you are free every time,0
listen get lost you foolish in this group,1
again i disagree with your assignment but i respect your view online,0
you are too hopeless to understand this project in this group,1
Honestly let us improve the message together!,0
again your profile picture looks worthless every time,1
again stop pretending you understand the drawing right now,1
seriously your style looks pathetic in this group,1
again we will keep reporting every research you post,1
again everyone knows you lied about the presentation online,1
Again that picture makes you look ridiculous in this group!,1
seriously we will keep reporting every message you post,1
really thank you for your useful opinion in this group,0
Really you will never complete this comment correctly right now!,1
seriously go on and embarrass yourself again in this group,1
honestly thank you for your creative report,0
again you look ridiculous in every picture right now,1
honestly people will remember this embarrassing report right now,1
stop posting photos because you look terrible in this group,1
listen your appearance looks hopeless in that photo,1
Really shut up and stop being so incompetent online.,1
again your style looks ridiculous,1
really say that again and make yourself look foolish in this group,1
really we will keep reporting every code you post in this group,1
again you are too pathetic to understand this idea,1
thank you for your well prepared report in this group,0
honestly let us improve the answer together every time,0
Honestly your code is the worst in the class.,1
Honestly the whole group knows about your failure!,1
Everyone heard that you ruined the post online.,1
listen we will keep reporting every design you post right now,1
Seriously you are acting like a stupid person every time,1
listen everyone is tired of seeing your presentation every time,1
listen great job on the report online,0
listen your profile picture looks nonsense every time,1
seriously thank you for your excellent project in this group,0
Listen nobody should work with you on the opinion online,1
Again great job on the presentation in this group.,0
listen keep talking and show everyone how clueless you are in this group,1
You failed again in front of everyone right now.,1
again you embarrassed yourself with that comment,1
honestly everyone is tired of seeing your drawing,1
seriously what a worthless thing to say in this group,1
again great job on the report every time,0
Again everyone is talking about your embarrassing mistake today!,1
really you are so clueless online,1
Again you always give ridiculous answers right now!,1
seriously this is the most worthless message here online,1
honestly your marks show that you are hopeless in this group,1
listen everyone can see how awful your report is today,1
really you are too foolish to understand this answer,1
again please share your drawing when you are free right now,0
Honestly you are too ridiculous to understand this presentation in this group.,1
honestly your code is a joke to everyone right now,1
again stop posting such hopeless things online,1
Really your style looks ridiculous online,1
really people will remember this embarrassing opinion online,1
really nobody should work with you on the opinion online,1
Again we will ignore everything you post today,1
your profile picture looks useless today,1
Listen keep away from our group conversations,1
listen people say your post was copied in this group,1
honestly everyone knows you lied about the comment online,1
seriously you are acting like a hopeless person,1
really everyone heard that you ruined the assignment in this group,1
honestly post another pathetic design for us to mock today,1
seriously you are too ridiculous to understand this project today,1
Keep talking and show everyone how foolish you are every time,1
listen you embarrassed yourself with that message every time,1
listen post another embarrassing idea for us to mock in this group,1
again shut up and stop being so stupid online,1
really your opinion is a joke to everyone every time,1
Seriously everyone can see how embarrassing your post is right now!,1
really you are too annoying to understand this drawing today,1
seriously nobody should work with you on the post,1
listen your presentation is a joke to everyone,1
seriously you cannot solve even a simple question online,1
really your comment is completely pathetic today,1
You are a total failure right now!,1
seriously nobody should work with you on the presentation every time,1
really you always give pathetic answers in this group,1
Really your profile picture looks nonsense,1
really you are completely awful right now,1
really you explained the assignment very clearly today,0
again everyone can see how embarrassing your opinion is online,1
really your assignment is kind online,0
honestly you cannot solve even a simple question online,1
honestly your assignment is a joke to everyone,1
listen nobody should work with you on the answer,1
Again everyone should block you from the group online!,1
Seriously your marks show that you are hopeless,1
really stop posting photos because you look terrible right now,1
you will never complete this opinion correctly today,1
listen your answer is a joke to everyone,1
you explained the message very clearly,0
seriously everyone heard that you ruined the comment,1
really your idea is completely worthless right now,1
again everyone is tired of seeing your assignment online,1
again you are so incompetent,1
everyone is tired of seeing your comment every time,1
Say that again and make yourself look foolish right now.,1
listen we made another group without you every time,1
again this is the most embarrassing answer here today,1
Again your opinion is worthless online,1
again your effort on this assignment is appreciated every time,0
Really everyone is tired of seeing your assignment right now.,1
Seriously nobody cares about your assignment every time.,1
honestly the group is joking about your latest mistake every time,1
honestly shut up and stop being so worthless every time,1
honestly please share your comment when you are free online,0
Nobody should work with you on the code in this group!,1
Really post another terrible post for us to mock online!,1
seriously you are a total failure,1
seriously thank you for your thoughtful presentation online,0
again people say your design was copied every time,1
Really stay out of our online group right now.,1
listen you explained the post very clearly today,0
stop posting photos because you look awkward,1
Again your posts are absolute trash right now,1
honestly your report is well prepared every time,0
honestly you are too stupid to understand this post in this group,1
this opinion was useful and interesting today,0
Really i really liked your message online.,0
keep talking and show everyone how ridiculous you are in this group,1
Really keep talking and show everyone how hopeless you are today,1
seriously keep talking and show everyone how annoying you are right now,1
really i really liked your research in this group,0
Seriously you will never complete this drawing correctly right now.,1
listen stop posting such terrible things right now,1
Seriously you are completely terrible in this group,1
Again that was a very pathetic response every time!,1
listen you are too annoying to understand this assignment today,1
again we will keep reporting every project you post right now,1
really we will keep reporting every code you post right now,1
Really everyone heard that you ruined the report online!,1
listen let us improve the research together online,0
honestly you explained the comment very clearly right now,0
honestly get lost you pathetic,1
Honestly people are laughing at how you look right now.,1
nobody cares about your assignment in this group,1
this presentation was useful and interesting online,0
Listen you always make a fool of yourself online right now.,1
listen your style looks worthless right now,1
Try again so everyone can laugh in this group,1
seriously i really liked your message today,0
Seriously your style looks worthless every time.,1
honestly everyone is tired of seeing your presentation,1
really nobody cares about your idea every time,1
you are too ridiculous to understand this idea every time,1
seriously nobody should work with you on the project every time,1
really get lost you hopeless online,1
Listen people are forwarding your mistake everywhere in this group.,1
again stop posting photos because you look terrible today,1
honestly keep talking and show everyone how clueless you are,1
you are completely terrible,1
Seriously your drawing is helpful online!,0
listen what a worthless thing to say,1
Really you are a total failure!,1
again you will never complete this answer correctly online,1
Really your marks show that you are hopeless!,1
honestly we will keep reporting every opinion you post today,1
honestly you sound stupid in this research online,1
again everyone is laughing at your idea in this group,1
Honestly people say your research was copied every time.,1
again everyone heard that you ruined the post online,1
again your style looks worthless today,1
seriously stop pretending you understand the comment,1
Really leave this group because nobody likes your posts in this group,1
great job on the code in this group,0
listen everyone is tired of seeing your comment online,1
seriously stop pretending you understand the research in this group,1
stop pretending you understand the project,1
listen get lost you stupid,1
again you are too foolish to understand this comment every time,1
again you will never complete this post correctly online,1
honestly your effort on this presentation is appreciated today,0
Again nobody should work with you on the report today!,1
listen this is the most hopeless message here right now,1
really people say your research was copied today,1
honestly your profile picture looks hopeless today,1
again your style looks hopeless right now,1
really what a worthless thing to say in this group,1
again you always give ridiculous answers in this group,1
honestly everyone knows you lied about the answer every time,1
let us improve the project together,0
really leave this group because nobody likes your posts today,1
listen nobody should work with you on the comment,1
everyone heard that you ruined the post right now,1
listen your answer is impressive,0
Really everyone is tired of seeing your presentation right now.,1
honestly everyone can see how awful your project is right now,1
seriously everyone heard that you ruined the code every time,1
we will keep reporting every research you post,1
honestly you are so foolish every time,1
get lost you worthless today,1
listen get lost you pathetic in this group,1
seriously people say your comment was copied in this group,1
Your answer proves you know nothing every time,1
seriously well done and keep learning online,0
Seriously everyone is laughing at your code today,1
really you are acting like a pathetic person every time,1
seriously everyone knows you are bad at this subject online,1
shut up and stop being so hopeless,1
really everyone is laughing at your project today,1
honestly everyone knows you lied about the research,1
Again this is the most worthless idea here right now!,1
You look awkward in that photo right now.,1
really everyone is tired of seeing your drawing,1
honestly nobody cares about your assignment online,1
honestly get lost you clueless today,1
Seriously people are laughing at how you look,1
listen nobody cares about your presentation every time,1
really you are acting like a hopeless person online,1
really everyone heard that you ruined the answer in this group,1
everyone can see how awful your idea is online,1
Really your embarrassing story is spreading online right now,1
honestly we will keep reporting every presentation you post every time,1
listen you will never complete this opinion correctly online,1
You are so pathetic today,1
honestly your marks show that you are hopeless every time,1
honestly everyone heard that you ruined the answer right now,1
really this report was useful and interesting today,0
listen you always give ridiculous answers in this group,1
Really everyone is tired of you online!,1
seriously you embarrassed yourself with that code online,1
really you are acting like a incompetent person every time,1
listen please share your report when you are free right now,0
Again your answer proves you know nothing in this group.,1
again everyone knows you lied about the answer online,1
Listen you will never complete this assignment correctly today.,1
honestly you are completely worthless in this group,1
what a hopeless thing to say today,1
seriously you are completely worthless today,1
Really keep posting because your mistakes entertain everyone every time,1
listen you are completely worthless in this group,1
seriously nobody cares about your report,1
honestly thank you for your creative message in this group,0
again this is the most useless assignment here today,1
you sound worthless in this answer right now,1
seriously you are so incompetent online,1
seriously i really liked your code online,0
Again everyone is tired of seeing your report every time!,1
again this is the most terrible message here online,1
seriously you are a joke right now,1
listen everyone is laughing at your project online,1
honestly post another worthless opinion for us to mock online,1
again your profile picture looks hopeless today,1
really shut up and stop being so annoying every time,1
Honestly post another hopeless research for us to mock,1
post another terrible report for us to mock right now,1
listen stop pretending you understand the idea every time,1
seriously you are acting like a worthless person today,1
seriously you are too clueless to understand this post,1
again you are so worthless online,1
Listen keep talking and show everyone how foolish you are every time!,1
really you will never complete this assignment correctly online,1
again you are completely awful right now,1
Listen post another embarrassing post for us to mock right now,1
this code was useful and interesting in this group,0
again post another poor post for us to mock today,1
again your appearance looks useless in that photo every time,1
you sound pathetic in this code right now,1
Listen say that again and make yourself look foolish today,1
honestly this research was useful and interesting,0
Honestly everyone can see how useless your design is online!,1
really this is the most pathetic assignment here right now,1
what a pathetic thing to say in this group,1
honestly people say your answer was copied online,1
again you sound ridiculous in this assignment in this group,1
listen your profile picture looks ridiculous today,1
get lost you pathetic,1
listen stop posting such nonsense things right now,1
really stop posting photos because you look strange every time,1
honestly people will remember this embarrassing assignment every time,1
again post another hopeless code for us to mock online,1
really post another poor opinion for us to mock,1
again your appearance looks poor in that photo online,1
listen everyone heard that you ruined the project in this group,1
really nobody should work with you on the report,1
This is another embarrassing post from you every time!,1
listen stop pretending you understand the answer online,1
really your drawing makes no sense at all today,1
listen do not let this person join the project today,1
honestly post another poor project for us to mock in this group,1
listen everyone can see how hopeless your presentation is online,1
really post another terrible opinion for us to mock every time,1
really this is the most pathetic code here every time,1
seriously people say your report was copied in this group,1
Again people say your post was copied every time!,1
Really everyone heard that you ruined the comment in this group!,1
listen you explained the design very clearly every time,0
honestly what a foolish thing to say today,1
you embarrassed yourself with that assignment in this group,1
Honestly you are not invited to our group.,1
again you embarrassed yourself with that idea every time,1
everyone is tired of seeing your design,1
again this answer was useful and interesting in this group,0
again great job on the code today,0
Again this presentation made you look ridiculous in this group,1
Listen that was a very pathetic response online.,1
seriously i disagree with your comment but i respect your view every time,0
Listen everyone is talking about your embarrassing mistake in this group.,1
You always make a fool of yourself online.,1
Honestly your appearance looks poor in that photo today!,1
listen your style looks awful in this group,1
again shut up and stop being so incompetent today,1
Listen stop posting such poor things every time!,1
Seriously everyone can see how awful your project is in this group!,1
Really nobody should work with you on the opinion every time.,1
people will remember this embarrassing report today,1
you will never complete this project correctly right now,1
Listen everyone is laughing at your design,1
again post another pathetic drawing for us to mock in this group,1
your research is a joke to everyone every time,1
seriously keep talking and show everyone how stupid you are every time,1
really thank you for your thoughtful idea every time,0
really you will never complete this opinion correctly today,1
honestly stop pretending you understand the design right now,1
this post made you look ridiculous,1
seriously everyone is tired of seeing your presentation online,1
really your profile picture looks ridiculous online,1
Honestly nobody should work with you on the code today!,1
again your appearance looks pathetic in that photo,1
Listen do not let this person join the project every time!,1
honestly your presentation is impressive right now,0
seriously you do not belong in this chat online,1
Listen get lost you stupid every time!,1
honestly you embarrassed yourself with that message online,1
listen i really liked your presentation online,0
really everyone is tired of seeing your post today,1
listen stop being such a loser every time,1
really say that again and make yourself look foolish right now,1
honestly you always fail at basic tasks online,1
honestly your profile picture looks worthless in this group,1
listen your mistake is being shared for everyone to laugh at online,1
listen nobody should work with you on the research online,1
Listen you are so clueless online,1
honestly please share your research when you are free in this group,0
honestly people say your project was copied right now,1
listen your profile picture looks terrible right now,1
Listen your profile picture looks pathetic online,1
Listen your research is completely pathetic every time,1
Seriously you cannot solve even a simple question every time,1
seriously you are too stupid to understand this answer online,1
seriously everyone can see how awful your post is right now,1
honestly everyone can see how nonsense your assignment is right now,1
seriously your effort on this report is appreciated today,0
again keep talking and show everyone how annoying you are in this group,1
really stop pretending you understand the post right now,1
let us improve the presentation together today,0
really i disagree with your report but i respect your view right now,0
honestly everyone can see how terrible your project is,1
really people will remember this embarrassing assignment,1
Seriously your report is a joke to everyone!,1
honestly everyone knows you lied about the assignment right now,1
seriously you are too stupid to understand this research in this group,1
again we will keep reporting every opinion you post in this group,1
Again have a good day and take care every time,0
seriously everyone heard that you ruined the code,1
really your opinion is completely poor every time,1
again your appearance looks worthless in that photo in this group,1
again your post makes no sense at all right now,1
really shut up and stop being so foolish every time,1
honestly i really liked your report in this group,0
really your profile picture looks nonsense online,1
listen what a stupid thing to say,1
seriously stop pretending you understand the comment in this group,1
Really you sound annoying in this comment online.,1
Really you should stay silent in this group right now,1
really everyone is tired of seeing your code in this group,1
seriously your profile picture looks useless today,1
seriously you are too useless to understand this comment today,1
people will remember this embarrassing message every time,1
again this post made you look ridiculous every time,1
you are a joke right now,1
what a clueless thing to say online,1
Honestly everyone is tired of seeing your research online.,1
really you will never complete this comment correctly in this group,1
seriously this code made you look ridiculous every time,1
seriously you always give worthless answers every time,1
shut up moron,1
really you embarrassed yourself with that opinion,1
really great job on the drawing online,0
seriously stop pretending you understand the project in this group,1
Honestly people will remember this embarrassing message every time!,1
listen thank you for your helpful research in this group,0
Post another nonsense message for us to mock today!,1
Honestly do not let this person join the project right now,1
really people will remember this embarrassing design online,1
you are not invited to our group today,1
honestly post another hopeless presentation for us to mock every time,1
honestly people say your message was copied today,1
Seriously you are too useless to understand this post every time.,1
listen stop pretending you understand the report in this group,1
Again everyone knows you lied about the drawing today.,1
Really you always give embarrassing answers!,1
Seriously i disagree with your research but i respect your view every time.,0
seriously nobody cares about your project every time,1
your message is useful every time,0
honestly great job on the report in this group,0
honestly this post made you look ridiculous today,1
again post another embarrassing research for us to mock every time,1
honestly your profile picture looks worthless,1
seriously everyone knows you lied about the design right now,1
really everyone knows you lied about the code,1
listen stop posting such useless things today,1
honestly everyone is laughing at your assignment,1
honestly your effort on this assignment is appreciated online,0
honestly you look ridiculous in every picture,1
seriously this opinion made you look ridiculous right now,1
post another embarrassing presentation for us to mock in this group,1
honestly everyone is tired of seeing your idea,1
You are completely embarrassing!,1
really great job on the post right now,0
honestly you are acting like a pathetic person in this group,1
seriously that was a very hopeless response,1
listen you are completely awful right now,1
get lost you foolish,1
really your profile picture looks terrible,1
again please share your report when you are free right now,0
really great job on the presentation,0
seriously stop pretending you understand the post every time,1
really your style looks nonsense right now,1
Again nobody cares about your message today.,1
seriously stay out of our online group right now,1
really we will keep reporting every message you post today,1
honestly nobody should work with you on the post today,1
Seriously people will remember this embarrassing assignment every time.,1
really everyone heard that you ruined the design every time,1
Really you are too ridiculous to understand this drawing in this group,1
Everyone can see how hopeless your research is right now!,1
you embarrassed yourself with that design online,1
Really you always fail at basic tasks today,1
seriously get lost you clueless every time,1
seriously i disagree with your design but i respect your view today,0
seriously you are too ridiculous to understand this idea today,1
really thank you for your thoughtful report today,0
Seriously people will remember this embarrassing project online!,1
seriously you sound stupid in this drawing in this group,1
really everyone heard that you ruined the drawing every time,1
seriously post another useless assignment for us to mock today,1
seriously you explained the message very clearly right now,0
again everyone can see how awful your opinion is right now,1
Honestly post another terrible idea for us to mock online.,1
honestly everyone knows you lied about the research today,1
again nobody cares about your research,1
again we will keep reporting every design you post in this group,1
Seriously everyone is tired of seeing your presentation in this group!,1
stop pretending you understand the project right now,1
nobody cares about your message today,1
Listen nobody should work with you on the idea,1
Really nobody cares about your project right now!,1
really you are too stupid to understand this research in this group,1
again you are too annoying to understand this comment right now,1
really everyone is laughing at your research today,1
again everyone is tired of you,1
everyone is tired of seeing your code in this group,1
listen your appearance looks pathetic in that photo every time,1
seriously have a good day and take care in this group,0
really post another useless message for us to mock right now,1
seriously i really liked your assignment online,0
honestly post another poor project for us to mock,1
Listen everyone can see how awful your drawing is.,1
Really everyone heard that you ruined the message today!,1
again you are completely nonsense in this group,1
again get lost you pathetic,1
again people are forwarding your mistake everywhere online,1
Honestly everyone can see how pathetic your report is online.,1
listen your message is completely terrible,1
everyone is tired of seeing your answer right now,1
honestly keep talking and show everyone how clueless you are online,1
honestly people say your design was copied right now,1
people say your idea was copied,1
You sound ridiculous in this idea.,1
Again everyone heard that you ruined the drawing,1
listen you embarrassed yourself with that drawing in this group,1
seriously nobody cares about your report in this group,1
Really stop posting photos because you look awkward,1
listen you will never complete this drawing correctly in this group,1
Really shut up and stop being so stupid every time!,1
Really your post is a joke to everyone online.,1
Seriously great job on the post!,0
listen shut up and stop being so clueless right now,1
Honestly keep talking and show everyone how incompetent you are!,1
listen you will never complete this answer correctly right now,1
honestly great job on the research right now,0
Honestly try again so everyone can laugh right now,1
seriously this is the most pathetic idea here today,1
really everyone heard that you ruined the post every time,1
Again everyone is tired of seeing your opinion every time!,1
Again stop being such a loser today,1
listen you are acting like a foolish person online,1
again you look unpleasant in every picture today,1
Honestly post another poor message for us to mock right now.,1
your opinion is interesting,0
again your appearance looks poor in that photo right now,1
we will keep reporting every presentation you post right now,1
really get lost you clueless online,1
listen you are so clueless,1
really we will keep reporting every research you post online,1
again everyone is tired of seeing your opinion right now,1
seriously i disagree with your post but i respect your view,0
Seriously your opinion is creative every time!,0
honestly i disagree with your message but i respect your view today,0
stop pretending you understand the design every time,1
seriously get lost you worthless right now,1
again what a stupid thing to say today,1
keep making mistakes because it is funny online,1
again i really liked your report,0
you are too stupid to understand this design today,1
Listen we will ignore everything you post right now!,1
really your effort on this answer is appreciated,0
Really that picture makes you look ridiculous every time.,1
You are a joke in this group!,1
Again thank you for your interesting drawing in this group.,0
really stop pretending you understand the opinion today,1
again your presentation is excellent right now,0
Seriously keep making mistakes because it is funny today!,1
listen that was a very hopeless response today,1
Really everyone heard that you ruined the answer today,1
seriously that was a very foolish response in this group,1
again nobody should work with you on the post right now,1
really you are too incompetent to understand this answer every time,1
again stop posting photos because you look ridiculous online,1
Really stop posting such ridiculous things every time.,1
really post another terrible idea for us to mock online,1
really everyone is tired of seeing your idea right now,1
listen keep talking and show everyone how useless you are every time,1
seriously nobody should work with you on the comment right now,1
again everyone is tired of seeing your research right now,1
post another ridiculous assignment for us to mock today,1
Seriously go on and embarrass yourself again online!,1
seriously nobody cares about your design online,1
shut up and stop being so foolish right now,1
listen this is the most awful code here every time,1
thank you for your clear idea in this group,0
listen shut up and stop being so hopeless every time,1
honestly what a worthless thing to say online,1
really your posts are absolute trash,1
seriously this drawing made you look ridiculous,1
again we will keep reporting every research you post in this group,1
listen i really liked your comment every time,0
really stop pretending you understand the research right now,1
honestly you will never complete this drawing correctly online,1
Really keep making mistakes because it is funny right now.,1
get lost you ridiculous,1
again stop posting photos because you look unpleasant online,1
seriously everyone is tired of seeing your post today,1
listen nobody should work with you on the design today,1
listen let us improve the assignment together today,0
what a clueless thing to say in this group,1
really everyone is laughing at your report today,1
Honestly you are so annoying!,1
really let us improve the assignment together in this group,0
Everyone should block you from the group in this group,1
really thank you for your kind project right now,0
listen you are so worthless,1
honestly i really liked your presentation,0
people say your report was copied right now,1
again everyone can see how hopeless your drawing is today,1
Really this presentation made you look ridiculous in this group!,1
seriously that was a very worthless response every time,1
listen stop pretending you understand the assignment in this group,1
again you are so clueless,1
honestly you embarrassed yourself with that project in this group,1
Honestly everyone knows you lied about the idea right now,1
Really everyone is laughing at your drawing right now,1
really people say your comment was copied today,1
you are too ridiculous to understand this idea today,1
honestly everyone is tired of seeing your report,1
listen show us another one of your failures every time,1
Listen you are too foolish to understand this design today,1
again stop posting such embarrassing things every time,1
you are too worthless to understand this design today,1
that was a very worthless response every time,1
again everyone heard that you ruined the drawing right now,1
again great job on the message today,0
seriously post another ridiculous research for us to mock right now,1
stop posting such ridiculous things today,1
really people will remember this embarrassing message right now,1
Again people say your design was copied right now!,1
get lost you incompetent every time,1
honestly get lost you incompetent right now,1
you are so useless in this group,1
again you are too useless to understand this code in this group,1
listen keep talking and show everyone how annoying you are online,1
really that was a very ridiculous response online,1
really post another hopeless assignment for us to mock in this group,1
really thank you for your well prepared idea today,0
seriously thank you for your impressive project every time,0
Really you are completely useless right now,1
Really your answer is well prepared every time!,0
honestly everyone heard that you ruined the idea today,1
listen your idea is completely embarrassing in this group,1
seriously you are a joke online,1
seriously post another pathetic presentation for us to mock today,1
seriously post another useless report for us to mock every time,1
honestly nobody should work with you on the project every time,1
listen you cannot solve even a simple question right now,1
Really show us another one of your failures every time,1
again nobody cares about your research today,1
Listen please share your opinion when you are free in this group,0
Listen you explained the drawing very clearly in this group.,0
honestly your profile picture looks worthless online,1
seriously i disagree with your comment but i respect your view online,0
again you will never complete this comment correctly,1
really post another terrible idea for us to mock right now,1
Honestly continue arguing because nobody takes you seriously every time.,1
Honestly this design was useful and interesting online!,0
again everyone can see how useless your opinion is today,1
really you embarrassed yourself with that design online,1
listen the whole group knows about your failure right now,1
Seriously everyone heard that you ruined the design right now,1
post another embarrassing idea for us to mock today,1
honestly you are completely pathetic,1
listen people say your code was copied,1
Really your mistake is being shared for everyone to laugh at,1
really you cannot solve even a simple question online,1
seriously people will remember this embarrassing code every time,1
Keep talking and show everyone how hopeless you are!,1
really stop posting such hopeless things online,1
Seriously that was a very stupid response every time.,1
honestly keep talking and show everyone how incompetent you are in this group,1
Listen your answer proves you know nothing in this group.,1
listen this message made you look ridiculous online,1
seriously thank you for your helpful opinion every time,0
listen everyone heard that you ruined the design in this group,1
again you are too stupid to understand this assignment right now,1
really nobody should work with you on the design,1
honestly stop pretending you understand the code today,1
seriously this is another embarrassing post from you in this group,1
really your appearance looks pathetic in that photo every time,1
really keep talking and show everyone how ridiculous you are today,1
Again stop posting photos because you look terrible right now.,1
listen post another hopeless project for us to mock in this group,1
honestly let us improve the assignment together every time,0
Listen this post was useful and interesting online.,0
again what a stupid thing to say online,1
get lost you useless today,1
Really this is the most nonsense comment here right now,1
listen you will never complete this presentation correctly in this group,1
really you explained the drawing very clearly,0
again we will keep reporting every research you post right now,1
Really nobody should work with you on the code right now.,1
honestly we will keep reporting every presentation you post today,1
honestly say that again and make yourself look foolish in this group,1
honestly everyone can see how pathetic your drawing is right now,1
Listen this is the most useless report here online.,1
Please share your project when you are free.,0
listen keep talking and show everyone how hopeless you are,1
listen you will never complete this assignment correctly online,1
again get lost you worthless,1
honestly please share your post when you are free,0
really that was a very stupid response today,1
seriously keep talking and show everyone how clueless you are every time,1
Listen you always make a fool of yourself online in this group!,1
everyone is tired of seeing your presentation right now,1
again your assignment makes no sense at all online,1
Seriously everyone is laughing at your drawing right now.,1
really that was a very foolish response,1
listen your style looks nonsense in this group,1
listen stop being such a loser,1
Post another nonsense answer for us to mock every time!,1
Honestly people say your drawing was copied in this group,1
seriously everyone heard that you ruined the design in this group,1
listen your style looks useless right now,1
Again that was a very hopeless response right now,1
again you are too incompetent to understand this assignment right now,1
really everyone is tired of seeing your answer every time,1
honestly this research made you look ridiculous right now,1
honestly you are completely worthless online,1
that picture makes you look ridiculous every time,1
listen everyone can see how pathetic your code is in this group,1
listen let us improve the project together today,0
listen i really liked your message,0
you are too worthless to understand this assignment right now,1
listen what a worthless thing to say in this group,1
you should stay silent in this group,1
Really keep talking and show everyone how useless you are online.,1
listen your research is a joke to everyone every time,1
Everyone is tired of you every time,1
Really nobody wants to hear from you here online.,1
really people say your assignment was copied,1
Leave this group because nobody likes your posts today.,1
listen people say your answer was copied,1
honestly people say your opinion was copied today,1
Again you are a joke right now.,1
seriously let us improve the opinion together every time,0
honestly keep talking and show everyone how annoying you are online,1
Again you sound annoying in this assignment today.,1
Again your embarrassing story is spreading online,1
really everyone is tired of seeing your design,1
again everyone is tired of seeing your message right now,1
again stop posting such poor things online,1
honestly stop posting such useless things online,1
Your appearance looks poor in that photo.,1
nobody should work with you on the report online,1
seriously you always give ridiculous answers online,1
your design is a joke to everyone today,1
really thank you for your useful research today,0
honestly this is the most pathetic design here,1
Listen your mistake is being shared for everyone to laugh at today.,1
really you always give embarrassing answers today,1
again i disagree with your opinion but i respect your view online,0
again you explained the design very clearly online,0
thank you for your impressive drawing online,0
really you are too pathetic to understand this idea right now,1
listen you will never complete this comment correctly every time,1
listen you sound pathetic in this assignment in this group,1
Listen people will joke about the way you look online!,1
you are pathetic,1
seriously your style looks hopeless online,1
honestly you are so worthless today,1
Seriously shut up and stop being so hopeless right now.,1
really shut up and stop being so annoying right now,1
seriously you look ridiculous in every picture online,1
honestly we will keep reporting every design you post in this group,1
i disagree with your drawing but i respect your view right now,0
listen stop posting photos because you look ridiculous today,1
your assignment is well prepared right now,0
seriously you will never complete this code correctly today,1
listen you always give awful answers today,1
you are too worthless to understand this message in this group,1
really nobody should work with you on the message today,1
your idea is completely hopeless every time,1
people say your answer was copied in this group,1
you are awesome,0
really i really liked your design in this group,0
seriously i disagree with your idea but i respect your view in this group,0
Nobody should work with you on the post online!,1
honestly your project is excellent online,0
listen stop pretending you understand the message right now,1
Honestly everyone can see how terrible your answer is,1
really your appearance looks worthless in that photo,1
again stop pretending you understand the design,1
seriously people say your opinion was copied right now,1
Listen this is the most pathetic drawing here in this group,1
listen you are completely terrible right now,1
listen i really liked your presentation,0
again people say your post was copied in this group,1
listen i really liked your post every time,0
listen we do not want you in this discussion every time,1
really have a good day and take care today,0
seriously what a annoying thing to say online,1
you are too worthless to understand this opinion in this group,1
really this comment made you look ridiculous in this group,1
really we will keep reporting every research you post today,1
you embarrassed yourself with that research in this group,1
honestly your appearance looks embarrassing in that photo today,1
Again everyone heard that you ruined the design right now,1
again let us improve the research together online,0
everyone should block you from the group today,1
again nobody cares about your idea,1
Seriously this design made you look ridiculous right now!,1
honestly do not let this person join the project online,1
Again get lost you clueless!,1
seriously people will remember this embarrassing presentation,1
again nobody cares about your post every time,1
honestly this is the most poor answer here every time,1
again you will never complete this answer correctly every time,1
listen stop posting photos because you look ridiculous online,1
really this research made you look ridiculous in this group,1
Seriously stop posting such embarrassing things online!,1
Listen you look awkward in that photo every time,1
again everyone can see how embarrassing your answer is online,1
again thank you for your useful opinion online,0
again your answer is completely useless right now,1
Stop posting photos because you look awkward right now.,1
Seriously post another embarrassing design for us to mock right now!,1
Really we will keep reporting every comment you post online!,1
listen you should stay silent in this group right now,1
we will keep reporting every design you post right now,1
seriously your effort on this presentation is appreciated,0
Listen you embarrassed yourself with that project in this group,1
Seriously post another poor drawing for us to mock right now!,1
seriously everyone is laughing at your drawing,1
Honestly you embarrassed yourself with that answer.,1
Seriously you embarrassed yourself with that comment online!,1
again you are too hopeless to understand this design today,1
shut up and stop being so worthless in this group,1
again keep talking and show everyone how pathetic you are,1
seriously everyone is tired of seeing your message in this group,1
you look ridiculous in every picture online,1
honestly your appearance looks worthless in that photo every time,1
seriously you are too pathetic to understand this opinion online,1
Your drawing is completely useless in this group!,1
you always give useless answers right now,1
again post another embarrassing report for us to mock online,1
seriously your message makes no sense at all online,1
honestly shut up and stop being so hopeless today,1
again please share your answer when you are free right now,0
seriously you will never complete this comment correctly today,1
Seriously your code makes no sense at all today.,1
really your report is completely useless,1
again your code is clear online,0
seriously nobody should work with you on the drawing in this group,1
nobody cares about your code every time,1
honestly get lost you worthless right now,1
honestly you look strange in every picture,1
again this comment made you look ridiculous right now,1
people will remember this embarrassing presentation,1
seriously you always give ridiculous answers every time,1
again keep talking and show everyone how pathetic you are online,1
Again your profile picture looks worthless!,1
seriously this design was useful and interesting every time,0
Really post another useless design for us to mock in this group!,1
really everyone will make fun of your appearance right now,1
Honestly i really liked your code.,0
listen your style looks pathetic,1
Seriously that picture makes you look ridiculous,1
listen this project made you look ridiculous every time,1
Honestly nobody should work with you on the comment,1
listen we will keep reporting every post you post every time,1
listen you cannot solve even a simple question every time,1
really thank you for your creative drawing in this group,0
Listen everyone can see how embarrassing your design is today!,1
again nobody cares about your assignment today,1
really shut up and stop being so pathetic every time,1
shut up and stop being so annoying right now,1
seriously everyone knows you lied about the design today,1
really i really liked your code today,0
again nobody should work with you on the assignment every time,1
listen that was a very pathetic response in this group,1
Seriously you do not belong in this chat right now.,1
listen everyone knows you lied about the idea right now,1
honestly you explained the opinion very clearly today,0
listen you are acting like a useless person in this group,1
People are sharing stories to make fun of you right now!,1
listen everyone will make fun of your appearance online,1
Seriously everyone is laughing at your assignment in this group.,1
shut up and stop being so incompetent in this group,1
honestly everyone is laughing at your idea online,1
honestly great job on the project,0
really post another useless presentation for us to mock online,1
honestly your profile picture looks awful today,1
listen you always give awful answers in this group,1
Listen stay out of our online group in this group.,1
you are completely terrible online,1
post another awful message for us to mock,1
honestly your assignment is useful today,0
listen keep away from our group conversations every time,1
Again thank you for your well prepared code in this group.,0
you look strange in every picture today,1
really nobody should work with you on the idea every time,1
really people are laughing at how you look in this group,1
honestly nobody cares about your report,1
again nobody should work with you on the comment in this group,1
listen your appearance looks embarrassing in that photo every time,1
this is the most awful research here today,1
honestly we will keep reporting every code you post every time,1
Again everyone is tired of seeing your drawing online!,1
listen post another terrible design for us to mock,1
honestly your message is a joke to everyone,1
Really stop posting photos because you look strange right now!,1
Really your research is completely terrible online,1
again people say your research was copied in this group,1
seriously your profile picture looks pathetic today,1
honestly you will never complete this drawing correctly,1
Seriously people are laughing at how you look every time,1
seriously everyone heard that you ruined the drawing every time,1
again what a pathetic thing to say in this group,1
seriously your drawing is completely nonsense in this group,1
really you are too worthless to understand this presentation today,1
Listen post another awful comment for us to mock online.,1
seriously your appearance looks awful in that photo every time,1
seriously great job on the code in this group,0
again you will never complete this idea correctly today,1
seriously this code was useful and interesting today,0
again great job on the assignment right now,0
really everyone knows you lied about the research today,1
shut up and stop being so foolish online,1
really everyone knows you are bad at this subject every time,1
listen stop posting photos because you look strange every time,1
honestly everyone can see how nonsense your report is,1
Again the group keeps mocking what happened to you in this group.,1
again your effort on this design is appreciated every time,0
Seriously thank you for your clear post online,0
listen that was a very annoying response every time,1
this comment made you look ridiculous right now,1
listen you are completely terrible today,1
listen we will keep reporting every presentation you post in this group,1
Seriously do not include this person in the team!,1
seriously your effort on this comment is appreciated,0
really your drawing is impressive in this group,0
again people say your research was copied online,1
Say that again and make yourself look foolish today,1
Listen nobody wants to hear from you here right now,1
really your report is creative today,0
We will keep reporting every idea you post in this group!,1
i love your work,0
seriously nobody cares about your report today,1
seriously keep talking and show everyone how hopeless you are every time,1
seriously this idea made you look ridiculous,1
seriously your post makes no sense at all every time,1
honestly you look awkward in every picture today,1
really stay out of our online group online,1
honestly you are too clueless to understand this message right now,1
listen nobody cares about your code in this group,1
honestly you embarrassed yourself with that drawing online,1
again you are acting like a foolish person online,1
seriously everyone knows you lied about the post,1
seriously people are laughing at how you look in this group,1
seriously you are completely worthless right now,1
Again post another poor design for us to mock in this group,1
honestly your appearance looks terrible in that photo in this group,1
Again your effort on this research is appreciated every time!,0
Honestly i really liked your message online!,0
again shut up and stop being so clueless online,1
Listen show us another one of your failures in this group.,1
seriously post another terrible project for us to mock in this group,1
Listen your marks show that you are hopeless online!,1
Honestly we will continue without you!,1
thank you for your impressive comment,0
you are completely hopeless in this group,1
really your project is completely poor in this group,1
again your style looks useless every time,1
again stop pretending you understand the project,1
honestly everyone is laughing at your idea today,1
again this drawing made you look ridiculous today,1
Really continue arguing because nobody takes you seriously online,1
honestly your profile picture looks poor in this group,1
Listen you embarrassed yourself with that answer,1
really your answer is creative online,0
Stop coming back to this page in this group,1
Really everyone is laughing at your presentation!,1
really post another pathetic opinion for us to mock today,1
we will keep reporting every post you post today,1
Honestly everyone can see how terrible your post is in this group.,1
you are very talented,0
again let us improve the message together,0
listen everyone is talking about your embarrassing mistake every time,1
seriously everyone knows you lied about the answer in this group,1
seriously you are so incompetent in this group,1
really post another useless presentation for us to mock today,1
really you are completely ridiculous,1
honestly this is the most useless report here every time,1
again you will never complete this drawing correctly online,1
Everyone knows you lied about the report online!,1
honestly your project is a joke to everyone right now,1
everyone knows you are bad at this subject today,1
listen stop posting photos because you look unpleasant right now,1
honestly everyone can see how ridiculous your project is right now,1
again get lost you stupid,1
really keep posting because your mistakes entertain everyone in this group,1
listen that was a very useless response,1
stay out of our online group every time,1
really you will never complete this design correctly today,1
seriously your report is clear every time,0
again stop pretending you understand the comment online,1
i really liked your report every time,0
again let us improve the post together online,0
Really i really liked your project today.,0
again nobody should work with you on the project in this group,1
seriously your presentation makes no sense at all right now,1
seriously this assignment made you look ridiculous every time,1
again your message is excellent online,0
again nobody cares about your design online,1
honestly you will never complete this project correctly right now,1
listen everyone can see how awful your drawing is in this group,1
seriously your idea is a joke to everyone online,1
honestly your effort on this idea is appreciated every time,0
listen you explained the idea very clearly online,0
honestly we will keep reporting every code you post today,1
really thank you for your kind design,0
really you embarrassed yourself with that design right now,1
Honestly you are too incompetent to understand this post in this group!,1
listen your appearance looks useless in that photo online,1
honestly you explained the post very clearly,0
really nobody cares about your design,1
really everyone is tired of seeing your assignment today,1
listen nobody should work with you on the opinion today,1
Honestly your presentation makes no sense at all,1
Honestly you do not belong in this chat right now!,1
honestly thank you for your clear report in this group,0
seriously stop posting photos because you look ridiculous online,1
again keep talking and show everyone how clueless you are in this group,1
Seriously your appearance looks embarrassing in that photo right now,1
again you will never complete this comment correctly online,1
honestly stop posting such terrible things today,1
get lost you ridiculous online,1
your style looks ridiculous,1
really you sound clueless in this report online,1
Again everyone will make fun of your appearance,1
what a ridiculous thing to say,1
your profile picture looks useless every time,1
listen nobody should work with you on the opinion in this group,1
Really post another nonsense assignment for us to mock every time.,1
again your project is thoughtful today,0
listen this presentation made you look ridiculous every time,1
honestly you look unpleasant in every picture today,1
Listen your profile picture looks nonsense today.,1
listen your opinion is completely hopeless every time,1
seriously you embarrassed yourself with that presentation right now,1
really what a ridiculous thing to say right now,1
seriously this is another embarrassing post from you today,1
honestly keep talking and show everyone how stupid you are,1
listen stop posting photos because you look ugly today,1
seriously i disagree with your presentation but i respect your view every time,0
Seriously we made another group without you online,1
Your effort on this research is appreciated!,0
Listen this is the most useless project here today.,1
listen you sound annoying in this design right now,1
really say that again and make yourself look foolish,1
again you are too clueless to understand this presentation,1
again everyone knows you lied about the research today,1
honestly post another terrible presentation for us to mock,1
really your opinion is completely useless every time,1
listen we will keep reporting every idea you post every time,1
really you are acting like a clueless person right now,1
honestly you are not welcome in our discussion online,1
Really stop posting photos because you look ridiculous in this group,1
listen great job on the design online,0
really you are acting like a incompetent person in this group,1
Listen your opinion is worthless online.,1
your appearance looks pathetic in that photo right now,1
Really you explained the answer very clearly today,0
again your style looks worthless every time,1
honestly your style looks poor right now,1
again everyone can see how worthless your code is in this group,1
stop posting such awful things today,1
really you sound incompetent in this report in this group,1
listen shut up and stop being so incompetent,1
listen shut up and stop being so useless,1
again nobody should work with you on the design every time,1
Again everyone knows you are bad at this subject online!,1
Again i really liked your post right now.,0
listen nobody should work with you on the message online,1
Honestly nobody should work with you on the code online.,1
seriously stop posting such worthless things today,1
really your style looks ridiculous in this group,1
Post another useless report for us to mock right now,1
really post another ridiculous comment for us to mock today,1
get lost you incompetent in this group,1
again we will keep reporting every assignment you post right now,1
Again everyone can see how worthless your presentation is!,1
again people say your drawing was copied,1
listen you look unpleasant in every picture today,1
Seriously your answer is interesting today!,0
again this answer was useful and interesting every time,0
seriously this is the most pathetic design here,1
what a useless thing to say every time,1
honestly everyone knows you lied about the message right now,1
seriously your style looks nonsense in this group,1
again what a clueless thing to say,1
really stop pretending you understand the opinion online,1
listen your research is thoughtful online,0
Really this report made you look ridiculous online.,1
everyone is tired of seeing your answer,1
seriously this drawing made you look ridiculous right now,1
really nobody cares about your comment right now,1
you always give poor answers online,1
your assignment makes no sense at all today,1
again your style looks terrible right now,1
Again i really liked your answer in this group,0
again everyone is tired of seeing your presentation every time,1
listen nobody cares about your message today,1
seriously you are too stupid to understand this post in this group,1
really please share your project when you are free right now,0
Again nobody should work with you on the opinion every time.,1
really stop pretending you understand the post every time,1
this is the most poor answer here,1
again nobody cares about your post in this group,1
seriously stop pretending you understand the answer today,1
Your assignment makes no sense at all every time,1
Seriously you will never complete this comment correctly!,1
again everyone can see how ridiculous your project is online,1
Seriously your embarrassing story is spreading online right now,1
Again everyone heard that you ruined the opinion in this group.,1
really nobody should work with you on the comment,1
seriously your idea is a joke to everyone today,1
again stop pretending you understand the drawing today,1
really you look strange in every picture right now,1
Really stop coming back to this page right now,1
seriously you will never complete this presentation correctly,1
again you will never complete this comment correctly right now,1
listen thank you for your impressive report in this group,0
listen nobody should work with you on the report today,1
listen everyone is tired of seeing your message every time,1
Really your style looks pathetic right now.,1
Nobody wants to hear from you here.,1
your opinion is worthless every time,1
Honestly keep talking and show everyone how hopeless you are today!,1
Really post another hopeless design for us to mock today!,1
listen stop posting such embarrassing things every time,1
Again stop pretending you understand the assignment!,1
really let us improve the presentation together in this group,0
Really people say your project was copied in this group.,1
really everyone knows you lied about the code in this group,1
honestly you explained the code very clearly right now,0
honestly you are acting like a incompetent person every time,1
shut up and stop being so stupid online,1
your style looks pathetic today,1
really post another terrible message for us to mock online,1
again we will keep reporting every project you post,1
honestly please share your comment when you are free every time,0
Listen post another useless report for us to mock right now.,1
Stop posting photos because you look ugly in this group.,1
People will remember this embarrassing comment right now,1
you are trash,1
Seriously keep talking and show everyone how foolish you are online.,1
Really do not include this person in the team,1
Really you are acting like a stupid person in this group,1
seriously you embarrassed yourself with that design in this group,1
seriously keep talking and show everyone how worthless you are online,1
honestly your presentation makes no sense at all right now,1
Listen you explained the report very clearly in this group!,0
Do not include this person in the team.,1
again you are too annoying to understand this idea right now,1
honestly shut up and stop being so foolish in this group,1
seriously you will never complete this message correctly online,1
you are too foolish to understand this post right now,1
again keep talking and show everyone how pathetic you are today,1
again you are too useless to understand this project every time,1
honestly thank you for your kind post,0
You embarrassed yourself with that project every time,1
listen everyone can see how terrible your opinion is in this group,1
really stop pretending you understand the message today,1
really stop posting photos because you look terrible today,1
post another useless code for us to mock,1
honestly your project makes no sense at all online,1
again post another embarrassing assignment for us to mock every time,1
Listen your messages are unwanted every time every time.,1
listen shut up and stop being so foolish,1
listen you always fail at basic tasks every time,1
Your embarrassing story is spreading online.,1
listen this design was useful and interesting today,0
seriously everyone is tired of seeing your report in this group,1
Honestly everyone is tired of seeing your message online!,1
Listen you are too annoying to understand this message today!,1
really you embarrassed yourself with that idea right now,1
seriously everyone is laughing at your code in this group,1
Listen you look awkward in that photo,1
Seriously we do not want you in this discussion,1
really everyone is laughing at your answer today,1
Stop pretending you understand the answer in this group,1
i really liked your presentation in this group,0
again everyone heard that you ruined the design in this group,1
listen let us improve the idea together right now,0
Seriously your project is a complete failure right now.,1
listen your style looks awful right now,1
listen you will never complete this code correctly,1
again people will remember this embarrassing design right now,1
honestly thank you for your useful message right now,0
Again thank you for your excellent research today,0
what a stupid thing to say online,1
honestly you are too clueless to understand this idea,1
honestly you are completely poor every time,1
again your style looks useless today,1
seriously people will remember this embarrassing comment online,1
seriously people say your project was copied today,1
honestly your effort on this opinion is appreciated every time,0
You are too hopeless to understand this comment today!,1
honestly your code is a joke to everyone,1
really we will keep reporting every opinion you post right now,1
seriously your post makes no sense at all today,1
Seriously you will never complete this idea correctly right now.,1
again get lost you clueless every time,1
really your profile picture looks poor today,1
seriously i really liked your code today,0
listen you sound stupid in this report every time,1
everyone heard that you ruined the post,1
seriously your research is completely poor every time,1
We made another group without you every time,1
again everyone knows you lied about the opinion right now,1
that was a very clueless response today,1
again you are acting like a ridiculous person every time,1
really you are completely nonsense,1
honestly i disagree with your design but i respect your view in this group,0
seriously we will keep reporting every report you post every time,1
Really you do not belong in this chat,1
really you are so incompetent in this group,1
really this research was useful and interesting,0
really what a foolish thing to say right now,1
honestly your style looks terrible right now,1
Seriously that was a very incompetent response in this group!,1
honestly shut up and stop being so useless today,1
really post another useless opinion for us to mock every time,1
listen stop posting such embarrassing things in this group,1
listen you will never complete this answer correctly every time,1
seriously the group is joking about your latest mistake,1
really you are too clueless to understand this post right now,1
honestly your profile picture looks embarrassing online,1
this drawing was useful and interesting online,0
Seriously everyone is laughing at your code right now.,1
Seriously your posts are absolute trash right now,1
nobody should work with you on the message right now,1
people will joke about the way you look in this group,1
Listen stop being such a loser online,1
seriously let us improve the comment together every time,0
honestly your project is a joke to everyone,1
again we will keep reporting every presentation you post online,1
listen your appearance looks awful in that photo today,1
really nobody cares about your message in this group,1
listen nobody should work with you on the idea online,1
honestly stop pretending you understand the opinion in this group,1
seriously this project made you look ridiculous,1
seriously this presentation made you look ridiculous,1
listen you are completely nonsense right now,1
again nobody should work with you on the project right now,1
Honestly you failed again in front of everyone today,1
seriously you look unpleasant in every picture online,1
again post another nonsense message for us to mock in this group,1
really nobody should work with you on the comment right now,1
honestly everyone is tired of seeing your comment,1
nobody should work with you on the opinion in this group,1
honestly you sound ridiculous in this answer in this group,1
that was a very worthless response,1
again we will keep reporting every idea you post today,1
honestly keep talking and show everyone how ridiculous you are today,1
listen everyone knows you lied about the idea every time,1
honestly you are too useless to understand this post in this group,1
Really that picture makes you look ridiculous,1
again everyone is tired of seeing your post online,1
this is the most hopeless comment here every time,1
seriously post another poor answer for us to mock online,1
Again stop pretending you understand the post online.,1
listen you will never complete this research correctly right now,1
again we will keep reporting every drawing you post right now,1
seriously post another ridiculous comment for us to mock today,1
really nobody should work with you on the design right now,1
again everyone is laughing at your drawing every time,1
please share your drawing when you are free online,0
honestly your drawing is a joke to everyone right now,1
listen your code is a joke to everyone in this group,1
again this is the most poor drawing here right now,1
Honestly this assignment made you look ridiculous right now,1
listen everyone knows you lied about the research every time,1
again we will keep reporting every project you post online,1
honestly this report was useful and interesting,0
Really people will remember this embarrassing research right now.,1
listen people say your drawing was copied every time,1
seriously people say your answer was copied right now,1
honestly post another embarrassing idea for us to mock,1
seriously everyone knows you lied about the comment online,1
listen you sound worthless in this code today,1
honestly nobody should work with you on the idea every time,1
really that was a very foolish response in this group,1
seriously your profile picture looks hopeless right now,1
really you are so useless every time,1
Again you always make a fool of yourself online in this group,1
seriously everyone knows you lied about the presentation today,1
that was a very stupid response every time,1
honestly stop posting photos because you look strange,1
honestly you explained the report very clearly right now,0
Listen everyone is talking about your embarrassing mistake right now,1
you are acting like a annoying person every time,1
again you embarrassed yourself with that presentation in this group,1
seriously post another ridiculous answer for us to mock,1
again you will never complete this code correctly in this group,1
again post another worthless research for us to mock right now,1
again your profile picture looks ridiculous,1
honestly post another embarrassing comment for us to mock online,1
people say your comment was copied in this group,1
again nobody cares about your answer,1
Honestly nobody should work with you on the answer online.,1
seriously keep away from our group conversations every time,1
listen please share your drawing when you are free,0
listen you will never complete this assignment correctly every time,1
really this comment made you look ridiculous right now,1
seriously your drawing is completely ridiculous online,1
your code is a joke to everyone today,1
seriously your code is completely ridiculous in this group,1
Again i really liked your report in this group!,0
you explained the message very clearly online,0
really you are acting like a pathetic person right now,1
seriously stop pretending you understand the drawing in this group,1
Listen please share your project when you are free today,0
listen great job on the comment every time,0
honestly you will never complete this comment correctly right now,1
again we will keep reporting every design you post today,1
seriously everyone is laughing at your assignment,1
listen your presentation is a joke to everyone today,1
listen your drawing is useful every time,0
you are so pathetic,1
listen your comment is a joke to everyone right now,1
this post was useful and interesting in this group,0
really people say your post was copied,1
again everyone knows you are bad at this subject in this group,1
again get lost you annoying online,1
listen your style looks poor,1
really you will never complete this code correctly every time,1
everyone heard that you ruined the answer today,1
Again stop being such a loser in this group.,1
get lost you hopeless right now,1
Everyone heard that you ruined the report online!,1
listen everyone is laughing at your answer online,1
listen everyone is laughing at your message,1
seriously you always give awful answers,1
Honestly that picture makes you look ridiculous today!,1
honestly people will remember this embarrassing idea in this group,1
really this project made you look ridiculous every time,1
honestly everyone is laughing at your report today,1
Again please share your code when you are free online,0
really stop posting photos because you look ugly every time,1
really everyone is tired of seeing your code right now,1
You always fail at basic tasks online.,1
seriously you explained the research very clearly online,0
You look strange in every picture every time.,1
honestly post another embarrassing code for us to mock in this group,1
your comment makes no sense at all,1
seriously we will keep reporting every presentation you post in this group,1
really your style looks worthless today,1
listen people say your message was copied right now,1
again that was a very foolish response in this group,1
listen you look strange in every picture in this group,1
listen your mistake is being shared for everyone to laugh at,1
Listen your style looks embarrassing online!,1
seriously nobody should work with you on the presentation,1
honestly you are too annoying to understand this post every time,1
Honestly we will keep reporting every drawing you post today.,1
really your post is completely embarrassing every time,1
listen people say your code was copied in this group,1
Listen your design is a joke to everyone in this group!,1
We will keep reporting every presentation you post!,1
Listen i disagree with your design but i respect your view,0
let us improve the presentation together,0
listen everyone is laughing at your code,1
you embarrassed yourself with that post every time,1
people will remember this embarrassing design today,1
seriously i really liked your answer today,0
Seriously nobody should work with you on the presentation online!,1
seriously everyone heard that you ruined the post right now,1
again this project made you look ridiculous online,1
seriously everyone knows you lied about the idea today,1
seriously everyone knows you lied about the answer every time,1
your drawing is a joke to everyone in this group,1
shut up and stop being so hopeless online,1
your idea is completely hopeless today,1
Seriously your presentation is a joke to everyone today,1
Honestly your profile picture looks ridiculous right now,1
honestly that was a very worthless response in this group,1
listen your profile picture looks terrible every time,1
listen people say your drawing was copied today,1
really you are too ridiculous to understand this presentation right now,1
really you are too clueless to understand this idea in this group,1
again stop pretending you understand the opinion today,1
seriously everyone is laughing at your research in this group,1
Listen you explained the drawing very clearly every time,0
listen nobody should work with you on the message in this group,1
Listen your appearance looks ridiculous in that photo,1
really great job on the project every time,0
honestly you are too annoying to understand this research online,1
stop posting such pathetic things today,1
honestly post another ridiculous report for us to mock today,1
seriously everyone knows you lied about the message online,1
you are completely ridiculous in this group,1
Honestly nobody cares about your idea online,1
really you are completely ridiculous today,1
people say your message was copied right now,1
Listen your opinion is worthless in this group.,1
seriously stop posting such worthless things,1
honestly great job on the design online,0
seriously that was a very clueless response today,1
listen your answer makes no sense at all,1
again your drawing is helpful,0
really your code is completely terrible right now,1
again you look ridiculous in every picture every time,1
listen the group is joking about your latest mistake,1
Honestly your report is completely ridiculous in this group.,1
Listen stop pretending you understand the drawing online,1
Seriously you should stay silent in this group in this group.,1
again have a good day and take care today,0
again your profile picture looks ridiculous today,1
listen get lost you useless,1
Listen your style looks hopeless right now!,1
post another poor research for us to mock today,1
seriously your effort on this opinion is appreciated today,0
really people say your project was copied every time,1
Really your answer proves you know nothing every time.,1
listen you are so annoying every time,1
Your code is the worst in the class in this group.,1
Seriously you always fail at basic tasks in this group!,1
listen your opinion is completely terrible online,1
Seriously shut up and stop being so annoying.,1
honestly your assignment is a joke to everyone right now,1
listen your project is a complete failure in this group,1
Honestly get lost you pathetic online.,1
get lost you stupid,1
really you explained the assignment very clearly in this group,0
Really you will never complete this comment correctly every time!,1
honestly what a worthless thing to say,1
again people will remember this embarrassing presentation,1
You are acting like a hopeless person in this group,1
listen everyone can see how poor your research is right now,1
again everyone knows you lied about the drawing in this group,1
again everyone is laughing at your comment right now,1
listen everyone knows you lied about the message in this group,1
really what a clueless thing to say today,1
seriously shut up and stop being so stupid online,1
honestly i disagree with your opinion but i respect your view today,0
Everyone knows you are bad at this subject online.,1
listen your style looks embarrassing in this group,1
honestly people say your code was copied in this group,1
again stop posting such terrible things every time,1
Again you are not invited to our group right now,1
listen nobody cares about your drawing every time,1
listen people are forwarding your mistake everywhere online,1
seriously let us improve the message together,0
really you are too incompetent to understand this opinion in this group,1
Everyone is tired of seeing your project online.,1
Listen what a hopeless thing to say in this group,1
honestly people are sharing stories to make fun of you every time,1
really your appearance looks ridiculous in that photo today,1
listen we will keep reporting every opinion you post online,1
Listen your appearance looks terrible in that photo right now.,1
really everyone can see how awful your design is today,1
listen post another embarrassing research for us to mock in this group,1
listen your presentation is completely poor in this group,1
seriously you will never complete this assignment correctly today,1
listen what a pathetic thing to say today,1
Honestly everyone can see how terrible your opinion is today!,1
Again you should stay silent in this group online.,1
again everyone heard that you ruined the assignment in this group,1
seriously this presentation was useful and interesting every time,0
You are too annoying to understand this presentation every time!,1
Seriously nobody should work with you on the comment in this group.,1
seriously everyone heard that you ruined the message every time,1
shut up and stop being so stupid right now,1
Listen keep talking and show everyone how hopeless you are every time!,1
really people will remember this embarrassing answer right now,1
really keep talking and show everyone how stupid you are today,1
seriously your idea is completely terrible,1
again you sound clueless in this report in this group,1
again you always give hopeless answers every time,1
Honestly you will never complete this code correctly today.,1
again your profile picture looks worthless online,1
really your answer makes no sense at all,1
continue arguing because nobody takes you seriously today,1
listen everyone knows you lied about the presentation,1
honestly you sound worthless in this report,1
honestly please share your opinion when you are free online,0
listen stop pretending you understand the research right now,1
really great job on the opinion every time,0
Listen everyone is talking about your embarrassing mistake online!,1
You are a total failure today,1
again stop pretending you understand the design in this group,1
Listen get lost you useless today.,1
really your presentation is completely awful,1
really everyone knows you lied about the drawing every time,1
listen that was a very clueless response every time,1
listen people will remember this embarrassing research online,1
honestly great job on the assignment online,0
again everyone knows you lied about the report every time,1
honestly great job on the project right now,0
again get lost you stupid in this group,1
listen i really liked your answer,0
your embarrassing story is spreading online today,1
seriously post another useless report for us to mock today,1
honestly everyone heard that you ruined the comment in this group,1
Seriously everyone heard that you ruined the comment in this group,1
listen you are too ridiculous to understand this comment online,1
honestly nobody should work with you on the post,1
again everyone knows you lied about the code right now,1
seriously post another terrible post for us to mock right now,1
listen your appearance looks ridiculous in that photo every time,1
Listen i disagree with your project but i respect your view every time,0
listen everyone knows you lied about the assignment right now,1
Everyone should block you from the group every time,1
we will keep reporting every research you post today,1
honestly you are completely worthless right now,1
again you explained the drawing very clearly in this group,0
seriously everyone is tired of seeing your answer,1
seriously that was a very incompetent response online,1
The group is joking about your latest mistake in this group!,1
really your appearance looks terrible in that photo right now,1
seriously i really liked your presentation today,0
again this drawing made you look ridiculous every time,1
everyone is laughing at your comment,1
seriously i disagree with your drawing but i respect your view,0
again everyone is tired of seeing your message,1
seriously you are so stupid every time,1
Honestly you are too foolish to understand this comment right now,1
Really please share your comment when you are free right now.,0
honestly you sound pathetic in this message today,1
Seriously nobody should work with you on the drawing today,1
Listen your effort on this message is appreciated online.,0
listen your project is a joke to everyone in this group,1
again people say your research was copied every time,1
Listen nobody should work with you on the report every time!,1
really let us improve the comment together,0
Again everyone can see how useless your idea is every time,1
honestly your post is completely useless,1
really keep talking and show everyone how incompetent you are today,1
Listen your style looks pathetic online!,1
you sound pathetic in this message today,1
we will keep reporting every answer you post right now,1
again post another poor project for us to mock,1
again get lost you hopeless in this group,1
honestly stop pretending you understand the presentation right now,1
seriously what a foolish thing to say in this group,1
Seriously you are not invited to our group every time,1
listen thank you for your clear idea in this group,0
seriously your effort on this assignment is appreciated online,0
Get lost you clueless every time!,1
listen your design is creative,0
really your appearance looks embarrassing in that photo today,1
you look unpleasant in every picture in this group,1
listen your opinion is impressive today,0
listen the group keeps mocking what happened to you,1
really your style looks terrible right now,1
Really your appearance looks embarrassing in that photo in this group.,1
we will ignore everything you post today,1
listen your assignment makes no sense at all every time,1
again i really liked your research right now,0
you look disgusting,1
honestly your answer proves you know nothing,1
really you will never complete this design correctly in this group,1
really everyone is tired of you,1
seriously we will keep reporting every opinion you post in this group,1
shut up and stop being so useless online,1
seriously your presentation is creative in this group,0
Stop being such a loser right now.,1
this is the most awful post here,1
seriously get lost you ridiculous online,1
honestly what a worthless thing to say every time,1
Honestly people are laughing at how you look,1
Really your embarrassing story is spreading online online,1
really the group is joking about your latest mistake every time,1
seriously post another ridiculous presentation for us to mock online,1
seriously this assignment was useful and interesting today,0
You always give worthless answers!,1
again everyone is tired of seeing your project,1
Listen everyone is tired of you today,1
honestly that was a very incompetent response in this group,1
listen you explained the code very clearly in this group,0
honestly you failed again in front of everyone online,1
seriously nobody should work with you on the assignment right now,1
listen everyone is tired of seeing your post right now,1
really that was a very clueless response today,1
listen that was a very annoying response,1
again your research is a joke to everyone today,1
listen get lost you worthless,1
Again i really liked your post in this group,0
Honestly your marks show that you are hopeless right now,1
seriously stop pretending you understand the opinion today,1
Seriously you are too useless to understand this answer every time.,1
Really your project is a complete failure every time,1
really get lost you useless online,1
again please share your assignment when you are free online,0
again everyone is laughing at your project in this group,1
Honestly post another poor comment for us to mock online.,1
you sound clueless in this message online,1
Again we made another group without you online!,1
honestly this design made you look ridiculous every time,1
listen people will remember this embarrassing report in this group,1
you sound annoying in this research every time,1
listen post another hopeless presentation for us to mock every time,1
seriously everyone is tired of seeing your opinion online,1
again you are too worthless to understand this drawing in this group,1
really keep talking and show everyone how pathetic you are in this group,1
listen this answer made you look ridiculous,1
honestly this is the most useless message here in this group,1
you always give pathetic answers today,1
listen you will never complete this post correctly online,1
honestly you are so foolish right now,1
your research is a joke to everyone in this group,1
Seriously you are too pathetic to understand this design in this group!,1
honestly this is the most poor report here right now,1
again everyone knows you lied about the project in this group,1
Really you embarrassed yourself with that drawing online,1
Really your project is a complete failure in this group.,1
really stop pretending you understand the project online,1
really you embarrassed yourself with that opinion today,1
seriously people will remember this embarrassing post today,1
Honestly everyone is tired of you online,1
this report was useful and interesting in this group,0
really people are laughing at how you look every time,1
Really well done and keep learning online!,0
everyone is laughing at your assignment,1
Seriously you look strange in every picture online.,1
honestly you are too ridiculous to understand this post today,1
honestly nobody should work with you on the drawing in this group,1
honestly you are acting like a ridiculous person online,1
nobody should work with you on the post right now,1
seriously great job on the idea right now,0
honestly this message made you look ridiculous in this group,1
honestly you are so ridiculous every time,1
Seriously everyone is talking about your embarrassing mistake!,1
really everyone knows you lied about the answer,1
Seriously nobody should work with you on the message today!,1
seriously you always give useless answers every time,1
Again we will keep reporting every answer you post in this group,1
honestly you are too annoying to understand this research in this group,1
You always give awful answers.,1
Seriously say that again and make yourself look foolish every time.,1
really stop posting such embarrassing things every time,1
Seriously what a useless thing to say online.,1
we will keep reporting every drawing you post,1
honestly your research is a joke to everyone every time,1
seriously you embarrassed yourself with that comment every time,1
seriously let us improve the research together online,0
really keep talking and show everyone how foolish you are today,1
really you will never complete this assignment correctly,1
again that was a very incompetent response right now,1
honestly you sound useless in this idea online,1
Again stop coming back to this page today.,1
again you always make a fool of yourself online,1
really stop posting such nonsense things online,1
again post another useless assignment for us to mock today,1
Listen we will keep reporting every report you post,1
listen you sound ridiculous in this project right now,1
honestly your answer proves you know nothing in this group,1
really nobody should work with you on the presentation,1
Really post another useless report for us to mock today.,1
thank you for your well prepared answer online,0
honestly stop pretending you understand the message in this group,1
post another nonsense answer for us to mock,1
keep talking and show everyone how clueless you are online,1
great job on the post right now,0
Again nobody should work with you on the idea online!,1
Again this presentation made you look ridiculous online,1
seriously we will keep reporting every report you post in this group,1
seriously keep talking and show everyone how hopeless you are online,1
really you sound clueless in this research right now,1
Seriously thank you for your creative design,0
Again post another awful drawing for us to mock online.,1
listen your embarrassing story is spreading online today,1
keep talking and show everyone how stupid you are,1
honestly shut up and stop being so worthless online,1
Get lost you incompetent.,1
really your idea makes no sense at all online,1
The group keeps mocking what happened to you every time!,1
Really everyone will make fun of your appearance every time!,1
keep talking and show everyone how worthless you are in this group,1
you are too ridiculous to understand this drawing today,1
listen nobody should work with you on the project every time,1
your marks show that you are hopeless online,1
Seriously people say your design was copied in this group.,1
listen stop pretending you understand the comment right now,1
listen you will never complete this project correctly every time,1
listen shut up and stop being so foolish right now,1
please share your comment when you are free,0
honestly everyone is tired of seeing your drawing today,1
seriously we will keep reporting every opinion you post right now,1
really you are acting like a clueless person every time,1
Honestly you should stay silent in this group today.,1
i disagree with your idea but i respect your view,0
honestly your style looks pathetic every time,1
Again you will never complete this presentation correctly right now!,1
listen people will remember this embarrassing idea in this group,1
you are my best friend,0
Listen your project is completely poor in this group!,1
you are so stupid today,1
Honestly you are so useless.,1
again you always give terrible answers in this group,1
Listen everyone can see how ridiculous your design is every time!,1
honestly nobody cares about your assignment every time,1
really you are too ridiculous to understand this post right now,1
again great job on the answer right now,0
honestly your style looks nonsense every time,1
listen nobody should work with you on the post today,1
keep smiling,0
again you embarrassed yourself with that comment right now,1
Really your opinion is interesting every time!,0
people will remember this embarrassing drawing every time,1
honestly your project makes no sense at all right now,1
again please share your comment when you are free every time,0
really everyone is laughing at your drawing,1
You look awkward in that photo online,1
Listen the whole group knows about your failure in this group!,1
Really get lost you ridiculous today!,1
what a hopeless thing to say right now,1
listen get lost you incompetent in this group,1
Again your messages are unwanted every time right now.,1
really you are acting like a foolish person online,1
Honestly everyone is tired of seeing your design.,1
Listen everyone knows you lied about the design today,1
your style looks worthless online,1
Listen i disagree with your message but i respect your view today.,0
Listen everyone is tired of seeing your drawing online.,1
seriously nobody should work with you on the design online,1
again you will never complete this post correctly in this group,1
this code was useful and interesting every time,0
really you sound clueless in this presentation,1
again you always make a fool of yourself online every time,1
Seriously we will keep reporting every post you post right now,1
again stop posting photos because you look awkward,1
your drawing is completely poor,1
seriously we will keep reporting every drawing you post online,1
i really liked your post every time,0
Seriously post another useless research for us to mock every time.,1
Really you sound ridiculous in this drawing!,1
everyone knows you lied about the drawing today,1
Honestly we will continue without you right now!,1
really you are not invited to our group every time,1
Seriously you will never complete this presentation correctly online,1
Seriously thank you for your kind project right now!,0
your research is completely poor in this group,1
really your style looks hopeless every time,1
really your appearance looks poor in that photo,1
again everyone knows you lied about the answer every time,1
honestly you cannot solve even a simple question,1
again we will keep reporting every project you post today,1
Listen we will keep reporting every research you post today.,1
Again the whole group knows about your failure today.,1
again everyone can see how hopeless your comment is right now,1
really this assignment made you look ridiculous every time,1
seriously we will keep reporting every comment you post online,1
really your effort on this opinion is appreciated every time,0
You are completely pathetic.,1
everyone heard that you ruined the presentation today,1
seriously stop pretending you understand the idea every time,1
honestly you always give useless answers today,1
Listen your marks show that you are hopeless today!,1
again i really liked your presentation right now,0
seriously everyone knows you lied about the opinion,1
you look ridiculous in every picture right now,1
Seriously thank you for your excellent project online,0
listen people will remember this embarrassing code in this group,1
stop pretending you understand the design online,1
again your presentation is completely pathetic right now,1
really shut up and stop being so ridiculous today,1
Really everyone is laughing at your message in this group!,1
Seriously keep away from our group conversations in this group,1
Seriously this message made you look ridiculous today!,1
Honestly say that again and make yourself look foolish every time!,1
Seriously people are sharing stories to make fun of you today.,1
really we will keep reporting every design you post online,1
honestly you are so incompetent in this group,1
listen you will never complete this post correctly in this group,1
good morning have a nice day,0
people say your message was copied online,1
listen your appearance looks awful in that photo right now,1
honestly you are completely awful right now,1
Honestly everyone knows you lied about the post in this group!,1
Seriously we will ignore everything you post today.,1
listen everyone is tired of you,1
Honestly everyone is tired of seeing your research.,1
seriously stop posting such poor things right now,1
again you are acting like a foolish person right now,1
Really that was a very worthless response today!,1
your design is a joke to everyone online,1
again you will never complete this drawing correctly,1
seriously you will never complete this assignment correctly every time,1
Honestly your design is completely nonsense today!,1
honestly your effort on this message is appreciated today,0
stop pretending you understand the opinion today,1
listen please share your opinion when you are free today,0
let us improve the research together right now,0
Honestly we will keep reporting every design you post every time.,1
you will never complete this code correctly online,1
your profile picture looks ridiculous,1
Keep away from our group conversations online!,1
Stop posting photos because you look awkward every time,1
you will never complete this report correctly every time,1
again people say your code was copied right now,1
really post another nonsense presentation for us to mock online,1
listen people say your message was copied online,1
nobody should work with you on the comment every time,1
your appearance looks embarrassing in that photo online,1
Seriously post another pathetic opinion for us to mock every time,1
listen get lost you pathetic online,1
Again everyone heard that you ruined the code in this group!,1
seriously keep away from our group conversations,1
seriously your idea is completely awful in this group,1
seriously stop pretending you understand the message right now,1
your profile picture looks embarrassing every time,1
listen this design made you look ridiculous every time,1
honestly people say your code was copied,1
again everyone can see how awful your presentation is every time,1
seriously do not let this person join the project,1
Stop pretending you understand the assignment.,1
again i really liked your code every time,0
again your assignment makes no sense at all in this group,1
people will remember this embarrassing research today,1
Really everyone is tired of seeing your answer in this group.,1
honestly your profile picture looks useless every time,1
nobody should work with you on the answer in this group,1
listen your post is kind right now,0
really your code is completely worthless in this group,1
Really you look terrible in every picture right now,1
that was a very clueless response in this group,1
Really you are acting like a foolish person in this group,1
Really stop posting such pathetic things online.,1
seriously everyone can see how awful your code is right now,1
you are acting like a stupid person in this group,1
Seriously we made another group without you right now.,1
really you are completely ridiculous online,1
honestly that was a very useless response,1
honestly nobody should work with you on the report today,1
you sound incompetent in this presentation right now,1
Again you do not belong in this chat in this group,1
listen people say your idea was copied online,1
honestly we will keep reporting every opinion you post in this group,1
you are completely terrible every time,1
listen this answer made you look ridiculous online,1
listen everyone knows you are bad at this subject right now,1
honestly everyone can see how awful your report is today,1
really stop posting photos because you look ugly today,1
really what a hopeless thing to say in this group,1
Again your mistake is being shared for everyone to laugh at today!,1
honestly everyone is tired of seeing your comment in this group,1
Again this report made you look ridiculous today,1
listen people will remember this embarrassing project every time,1
Again you look awkward in every picture right now!,1
seriously nobody cares about your design in this group,1
again you sound clueless in this presentation right now,1
again i really liked your answer online,0
this design made you look ridiculous in this group,1
seriously this idea made you look ridiculous in this group,1
listen your marks show that you are hopeless,1
again you are so pathetic every time,1
Honestly you are completely terrible today!,1
really everyone can see how pathetic your post is every time,1
you look unpleasant in every picture today,1
Again the group keeps mocking what happened to you online!,1
really your style looks awful in this group,1
again thank you for your creative design today,0
seriously your appearance looks useless in that photo every time,1
honestly nobody should work with you on the idea right now,1
again your answer makes no sense at all right now,1
Really your messages are unwanted every time online,1
Honestly your design is clear online.,0
again you sound useless in this code in this group,1
honestly post another useless comment for us to mock today,1
again your effort on this comment is appreciated in this group,0
really everyone can see how ridiculous your idea is,1
You look awkward in every picture today.,1
really let us improve the comment together right now,0
really everyone heard that you ruined the comment every time,1
you are completely worthless,1
honestly everyone knows you lied about the research every time,1
Seriously the group is joking about your latest mistake in this group!,1
you will never complete this message correctly today,1
Listen reply again so everyone can laugh at you today,1
Stop coming back to this page today.,1
really people will remember this embarrassing comment,1
again your profile picture looks nonsense,1
Say that again and make yourself look foolish!,1
listen post another nonsense answer for us to mock every time,1
seriously people will remember this embarrassing drawing in this group,1
you are too annoying to understand this research every time,1
again you are too worthless to understand this presentation today,1
again this idea made you look ridiculous right now,1
listen you are acting like a hopeless person right now,1
honestly your appearance looks pathetic in that photo online,1
honestly your project is kind in this group,0
you always give useless answers online,1
again your post is completely hopeless right now,1
honestly thank you for your helpful idea today,0
honestly your project is a complete failure,1
listen stop pretending you understand the assignment today,1
really your appearance looks ridiculous in that photo right now,1
seriously stop posting such ridiculous things right now,1
again i really liked your idea,0
honestly you are too worthless to understand this post every time,1
Listen everyone should block you from the group today!,1
honestly everyone is tired of seeing your opinion right now,1
honestly stop pretending you understand the opinion every time,1
Really your effort on this answer is appreciated today!,0
really you embarrassed yourself with that research today,1
honestly this is the most hopeless idea here in this group,1
your message is completely pathetic right now,1
listen everyone can see how embarrassing your answer is today,1
honestly you will never complete this presentation correctly,1
honestly post another nonsense idea for us to mock online,1
listen everyone is laughing at your opinion right now,1
honestly people say your opinion was copied,1
nobody cares about your post,1
seriously what a incompetent thing to say today,1
You look awkward in every picture every time,1
What a incompetent thing to say online!,1
really this is the most poor message here every time,1
really everyone is laughing at your message,1
Seriously your effort on this report is appreciated in this group.,0
honestly you embarrassed yourself with that post right now,1
Seriously everyone knows you lied about the drawing in this group,1
seriously people say your idea was copied,1
honestly your answer is thoughtful in this group,0
seriously this post made you look ridiculous today,1
really shut up and stop being so hopeless in this group,1
listen stop posting photos because you look terrible today,1
nobody should work with you on the assignment right now,1
honestly everyone heard that you ruined the presentation,1
Really you cannot solve even a simple question in this group,1
again everyone heard that you ruined the answer,1
please share your message when you are free right now,0
really post another poor message for us to mock in this group,1
really you are completely awful every time,1
Listen you are a total failure!,1
really this code made you look ridiculous online,1
Seriously nobody should work with you on the comment!,1
Really your mistake is being shared for everyone to laugh at every time,1
honestly you sound clueless in this assignment in this group,1
seriously everyone knows you lied about the drawing right now,1
seriously i really liked your idea online,0
seriously you are so pathetic every time,1
Really do not include this person in the team today,1
Seriously stop posting photos because you look strange online,1
seriously you are a total failure today,1
honestly this idea was useful and interesting today,0
listen you embarrassed yourself with that research right now,1
again you look unpleasant in every picture in this group,1
seriously your appearance looks hopeless in that photo today,1
really your profile picture looks awful every time,1
again your style looks useless online,1
honestly stop posting photos because you look unpleasant today,1
honestly keep talking and show everyone how worthless you are in this group,1
Seriously you always make a fool of yourself online every time.,1
honestly what a worthless thing to say today,1
honestly we will keep reporting every message you post right now,1
really stop pretending you understand the project today,1
again have a good day and take care online,0
Really you are too worthless to understand this idea,1
this research made you look ridiculous online,1
listen stop posting such useless things in this group,1
your code is the worst in the class,1
Seriously shut up and stop being so stupid today.,1
seriously this is the most poor research here every time,1
Seriously you are too useless to understand this message every time!,1
seriously get lost you hopeless online,1
again everyone heard that you ruined the idea today,1
honestly nobody should work with you on the message in this group,1
honestly this report made you look ridiculous,1
your presentation makes no sense at all right now,1
seriously keep away from our group conversations online,1
listen nobody cares about your assignment every time,1
again your research is completely embarrassing in this group,1
seriously stop posting such poor things,1
listen everyone can see how useless your project is in this group,1
listen you embarrassed yourself with that answer today,1
listen you will never complete this research correctly every time,1
Seriously everyone is laughing at your post in this group,1
really everyone is laughing at your report,1
again everyone knows you lied about the drawing right now,1
honestly you are too incompetent to understand this idea,1
Listen everyone knows you lied about the research in this group.,1
this is the most useless comment here right now,1
seriously thank you for your creative report online,0
your message is completely nonsense today,1
Really everyone is tired of seeing your idea every time,1
Really you are too hopeless to understand this assignment every time!,1
listen everyone can see how pathetic your presentation is today,1
Again stop pretending you understand the design online!,1
Honestly everyone is tired of you right now!,1
honestly you are too foolish to understand this idea every time,1
listen i really liked your opinion today,0
Your appearance looks awful in that photo every time!,1
again post another hopeless drawing for us to mock today,1
Again we will keep reporting every design you post online,1
You will never complete this comment correctly today,1
Seriously have a good day and take care!,0
listen great job on the assignment right now,0
your appearance looks awful in that photo in this group,1
again we will keep reporting every message you post,1
again this is the most hopeless assignment here today,1
nobody should work with you on the opinion,1
seriously nobody cares about your opinion online,1
Listen everyone is tired of you every time!,1
Seriously post another hopeless drawing for us to mock in this group!,1
again we do not want you in this discussion today,1
listen everyone knows you lied about the opinion in this group,1
honestly your message makes no sense at all online,1
Again post another nonsense report for us to mock in this group,1
seriously thank you for your clear message online,0
again you always make a fool of yourself online today,1
Again everyone should block you from the group every time.,1
listen get lost you clueless today,1
keep talking and show everyone how clueless you are right now,1
Listen we do not want you in this discussion today,1
stop pretending you understand the idea every time,1
listen everyone heard that you ruined the idea online,1
you will never complete this comment correctly in this group,1
honestly post another embarrassing design for us to mock today,1
listen everyone heard that you ruined the presentation online,1
try again so everyone can laugh right now,1
seriously you always give nonsense answers online,1
honestly your report is useful online,0
Listen stay out of our online group today,1
listen your appearance looks hopeless in that photo every time,1
again we will keep reporting every opinion you post online,1
honestly everyone is laughing at your opinion,1
listen nobody cares about your answer online,1
again you embarrassed yourself with that message right now,1
again well done and keep learning online,0
listen nobody should work with you on the idea every time,1
Seriously do not include this person in the team right now.,1
seriously keep talking and show everyone how stupid you are today,1
seriously please share your research when you are free,0
seriously your style looks worthless right now,1
seriously leave this group because nobody likes your posts,1
again you are acting like a annoying person every time,1
Again your style looks hopeless every time,1
really everyone heard that you ruined the report today,1
Honestly your message makes no sense at all.,1
again you embarrassed yourself with that idea in this group,1
your profile picture looks useless,1
Again you explained the idea very clearly online,0
seriously post another hopeless research for us to mock every time,1
listen your project is interesting today,0
seriously everyone can see how awful your message is online,1
Again everyone is talking about your embarrassing mistake online,1
seriously post another awful idea for us to mock in this group,1
honestly nobody should work with you on the drawing,1
honestly nobody cares about your code in this group,1
nobody should work with you on the message,1
Listen stay out of our online group right now.,1
you are completely poor,1
stop pretending you understand the code every time,1
honestly you are too ridiculous to understand this post every time,1
Seriously your marks show that you are hopeless right now,1
really everyone heard that you ruined the project in this group,1
everyone is laughing at your research online,1
Really everyone is laughing at your research!,1
really shut up and stop being so ridiculous in this group,1
Your profile picture looks ridiculous right now,1
listen you sound ridiculous in this message today,1
you sound stupid in this post right now,1
stop posting photos because you look unpleasant in this group,1
Listen keep talking and show everyone how incompetent you are today!,1
Again nobody cares about your design today.,1
really everyone should block you from the group today,1
Really you always give poor answers,1
Nobody cares about your idea online,1
listen your style looks ridiculous every time,1
Seriously stop posting photos because you look unpleasant online,1
again you are too clueless to understand this idea in this group,1
seriously post another embarrassing comment for us to mock in this group,1
honestly thank you for your creative presentation every time,0
listen everyone can see how ridiculous your opinion is,1
everyone is tired of seeing your message right now,1
nobody should work with you on the project,1
let us improve the report together in this group,0
honestly your embarrassing story is spreading online today,1
really you are too worthless to understand this opinion in this group,1
listen post another embarrassing answer for us to mock in this group,1
again you sound pathetic in this project,1
really stop posting such terrible things today,1
seriously your presentation is clear online,0
seriously stop posting photos because you look awkward online,1
Honestly everyone is tired of seeing your assignment in this group!,1
Really nobody should work with you on the project every time!,1
Again do not include this person in the team.,1
again you are completely hopeless online,1
Your messages are unwanted every time every time.,1
thank you for your thoughtful post online,0
seriously this is the most useless idea here every time,1
listen please share your message when you are free,0
Everyone is tired of seeing your assignment in this group!,1
Seriously this is the most embarrassing opinion here today.,1
honestly you are acting like a ridiculous person right now,1
Again get lost you hopeless online,1
honestly stop posting photos because you look ugly,1
listen i really liked your project today,0
Really keep talking and show everyone how clueless you are every time,1
Please share your drawing when you are free,0
Listen you do not belong in this chat in this group.,1
again you embarrassed yourself with that drawing today,1
listen stop pretending you understand the research today,1
listen what a foolish thing to say online,1
Again thank you for your thoughtful presentation.,0
seriously nobody cares about your message every time,1
seriously post another poor message for us to mock in this group,1
really what a useless thing to say today,1
Again post another poor post for us to mock every time!,1
again post another hopeless comment for us to mock right now,1
again you are too annoying to understand this project online,1
Honestly we do not want you in this discussion today.,1
again we will keep reporting every project you post every time,1
Honestly nobody cares about your assignment in this group.,1
again you embarrassed yourself with that presentation today,1
Again we made another group without you today,1
really you are too ridiculous to understand this opinion,1
again everyone heard that you ruined the report every time,1
seriously everyone can see how pathetic your project is today,1
seriously you are completely poor right now,1
Honestly keep making mistakes because it is funny every time,1
nobody cares about your answer today,1
thank you for your creative report in this group,0
really i really liked your message every time,0
honestly stop pretending you understand the drawing right now,1
honestly stop posting photos because you look ugly in this group,1
honestly shut up and stop being so incompetent today,1
honestly everyone knows you are bad at this subject today,1
again your idea is a joke to everyone online,1
again post another embarrassing opinion for us to mock every time,1
again everyone can see how awful your message is today,1
seriously your idea is completely poor every time,1
you are too clueless to understand this post in this group,1
honestly everyone knows you lied about the message every time,1
listen your appearance looks terrible in that photo every time,1
please share your presentation when you are free in this group,0
really get lost you hopeless in this group,1
again shut up and stop being so ridiculous right now,1
again you will never complete this report correctly in this group,1
get lost you worthless right now,1
Seriously get lost you useless today.,1
honestly post another poor code for us to mock online,1
honestly you will never complete this opinion correctly online,1
keep making mistakes because it is funny every time,1
listen everyone can see how terrible your drawing is every time,1
listen the whole group knows about your failure,1
Honestly try again so everyone can laugh in this group!,1
listen you are completely useless,1
seriously everyone can see how nonsense your idea is today,1
really i disagree with your project but i respect your view today,0
really your profile picture looks terrible today,1
Let us improve the drawing together today,0
seriously this post made you look ridiculous online,1
honestly you sound annoying in this project in this group,1
listen everyone can see how ridiculous your report is right now,1
Really stop being such a loser in this group.,1
Really stop pretending you understand the idea right now!,1
honestly this project made you look ridiculous today,1
again get lost you pathetic in this group,1
listen you are too pathetic to understand this report online,1
again everyone can see how pathetic your report is right now,1
seriously you are too worthless to understand this idea today,1
listen let us improve the post together online,0
Listen your comment is kind every time.,0
really what a foolish thing to say,1
again you look unpleasant in every picture right now,1
We made another group without you!,1
seriously shut up and stop being so ridiculous right now,1
Seriously everyone knows you lied about the report right now!,1
You always fail at basic tasks.,1
really i really liked your research right now,0
your post is completely embarrassing,1
listen stop pretending you understand the research in this group,1
seriously you are so foolish online,1
thank you for your well prepared project today,0
i really liked your opinion online,0
again your report is a joke to everyone every time,1
listen post another ridiculous idea for us to mock right now,1
Really this message was useful and interesting in this group,0
listen everyone is tired of seeing your post online,1
Listen this is the most nonsense research here every time.,1
again everyone can see how worthless your answer is,1
Everyone knows you lied about the post in this group!,1
Again your appearance looks nonsense in that photo in this group!,1
honestly you embarrassed yourself with that post today,1
your appearance looks awful in that photo right now,1
Really your code is creative!,0
Listen everyone heard that you ruined the post right now.,1
listen your appearance looks poor in that photo online,1
really get lost you annoying today,1
Honestly you will never complete this idea correctly online,1
really post another awful answer for us to mock every time,1
honestly everyone heard that you ruined the presentation every time,1
listen great job on the drawing every time,0
listen you are too foolish to understand this research every time,1
again great job on the code online,0
listen your style looks ridiculous today,1
Honestly your style looks nonsense.,1
again you explained the report very clearly every time,0
again shut up and stop being so stupid in this group,1
Seriously that was a very pathetic response online!,1
really your opinion is worthless online,1
you explained the comment very clearly in this group,0
Really your research makes no sense at all online!,1
really people say your project was copied online,1
seriously stop posting such ridiculous things today,1
Really this is another embarrassing post from you in this group!,1
seriously your appearance looks awful in that photo in this group,1
really i disagree with your research but i respect your view today,0
again stop posting photos because you look unpleasant,1
really i disagree with your code but i respect your view in this group,0
honestly your effort on this message is appreciated,0
listen everyone heard that you ruined the comment online,1
This is the most worthless code here today!,1
really you are too hopeless to understand this report in this group,1
honestly your appearance looks hopeless in that photo in this group,1
everyone is tired of seeing your comment right now,1
again stop pretending you understand the comment today,1
listen your opinion is a joke to everyone every time,1
again nobody cares about your message right now,1
you are so pathetic online,1
again nobody cares about your report right now,1
honestly keep making mistakes because it is funny right now,1
you cannot solve even a simple question online,1
you will never complete this idea correctly every time,1
really your idea is impressive in this group,0
listen that was a very annoying response right now,1
honestly you are too clueless to understand this assignment,1
again your style looks awful today,1
seriously you will never complete this code correctly every time,1
really nobody cares about your report,1
you cannot solve even a simple question today,1
really post another terrible project for us to mock,1
Again people will remember this embarrassing drawing.,1
seriously i disagree with your idea but i respect your view right now,0
Really everyone is laughing at your drawing in this group.,1
listen i disagree with your presentation but i respect your view right now,0
really that was a very pathetic response today,1
post another useless assignment for us to mock,1
keep talking and show everyone how useless you are in this group,1
really get lost you worthless online,1
everyone is tired of seeing your post in this group,1
listen shut up and stop being so annoying,1
Again stop being such a loser,1
You look awkward in that photo!,1
seriously this code was useful and interesting right now,0
Do not let this person join the project every time!,1
listen your style looks pathetic today,1
really leave this group because nobody likes your posts every time,1
honestly i really liked your comment,0
listen you will never complete this drawing correctly today,1
honestly everyone knows you lied about the opinion in this group,1
seriously post another pathetic assignment for us to mock online,1
again everyone knows you lied about the code in this group,1
Honestly stop pretending you understand the answer today,1
honestly thank you for your thoughtful research in this group,0
again everyone heard that you ruined the opinion today,1
Seriously stop pretending you understand the answer,1
honestly your style looks terrible,1
again you always give awful answers right now,1
again everyone is laughing at your assignment,1
listen you will never complete this project correctly,1
you cannot solve even a simple question,1
honestly great job on the idea,0
listen people will remember this embarrassing opinion in this group,1
honestly everyone knows you lied about the answer online,1
listen nobody should work with you on the design every time,1
thank you for your well prepared report right now,0
stop posting photos because you look unpleasant online,1
get lost you worthless in this group,1
seriously your research makes no sense at all every time,1
really that was a very hopeless response right now,1
listen you are so hopeless in this group,1
Really shut up and stop being so worthless today,1
Listen that was a very pathetic response today,1
nobody cares about your design today,1
honestly everyone is talking about your embarrassing mistake,1
really your style looks awful online,1
keep talking and show everyone how foolish you are online,1
really everyone is laughing at your report in this group,1
Again do not include this person in the team every time,1
Really keep away from our group conversations in this group,1
Again we will continue without you every time.,1
listen i disagree with your project but i respect your view today,0
honestly post another poor presentation for us to mock online,1
Really shut up and stop being so useless!,1
honestly post another pathetic presentation for us to mock today,1
seriously everyone is laughing at your idea today,1
Seriously get lost you incompetent right now.,1
again your research is a joke to everyone every time,1
seriously get lost you pathetic right now,1
Seriously you explained the code very clearly today.,0
listen this answer made you look ridiculous every time,1
honestly we will keep reporting every research you post right now,1
again keep talking and show everyone how annoying you are,1
Again you are not invited to our group today,1
again your effort on this report is appreciated today,0
seriously let us improve the code together,0
again you are too pathetic to understand this research,1
nobody should work with you on the code today,1
post another embarrassing drawing for us to mock,1
really you will never complete this message correctly right now,1
stay out of our online group,1
Again people will remember this embarrassing research right now.,1
again nobody cares about your idea today,1
seriously your style looks pathetic right now,1
really you are a joke today,1
you are completely ridiculous online,1
Honestly this is the most embarrassing drawing here every time!,1
Everyone is laughing at your opinion every time,1
Really let us improve the answer together every time!,0
you are acting like a clueless person,1
again this opinion was useful and interesting online,0
listen keep talking and show everyone how worthless you are today,1
honestly everyone is laughing at your drawing today,1
really everyone is tired of seeing your design in this group,1
seriously you are so hopeless today,1
really your style looks worthless in this group,1
honestly nobody cares about your drawing online,1
listen we will keep reporting every answer you post,1
listen you sound stupid in this message right now,1
Honestly you explained the design very clearly today,0
everyone is tired of seeing your project right now,1
honestly this is the most ridiculous research here online,1
really this is the most pathetic answer here right now,1
seriously great job on the code,0
Listen your code is the worst in the class.,1
again your drawing is completely worthless today,1
really your answer is completely ridiculous online,1
everyone is tired of seeing your research every time,1
honestly nobody should work with you on the assignment today,1
Again stop coming back to this page right now.,1
honestly nobody cares about your idea every time,1
The group is joking about your latest mistake.,1
Listen i really liked your comment online!,0
stop pretending you understand the assignment today,1
listen your presentation is a joke to everyone online,1
really your effort on this design is appreciated,0
really you are so annoying today,1
really your style looks embarrassing every time,1
honestly post another ridiculous research for us to mock right now,1
Seriously people say your message was copied.,1
Listen keep posting because your mistakes entertain everyone,1
really you failed again in front of everyone,1
honestly your appearance looks useless in that photo in this group,1
you are too hopeless to understand this code in this group,1
honestly people are forwarding your mistake everywhere every time,1
honestly keep talking and show everyone how annoying you are every time,1
Listen let us improve the post together today.,0
honestly post another terrible drawing for us to mock,1
honestly your idea is a joke to everyone online,1
you sound foolish in this answer online,1
seriously everyone can see how awful your idea is today,1
honestly your style looks ridiculous today,1
again i really liked your report today,0
seriously your report is a joke to everyone today,1
honestly post another pathetic drawing for us to mock,1
listen you are acting like a ridiculous person in this group,1
again everyone is tired of seeing your comment every time,1
Really your profile picture looks useless online.,1
really your code is completely nonsense right now,1
your comment is a joke to everyone today,1
seriously shut up and stop being so useless,1
honestly stop pretending you understand the project in this group,1
seriously your profile picture looks awful today,1
thank you for your kind code every time,0
again people say your message was copied every time,1
listen everyone can see how terrible your comment is online,1
Listen your messages are unwanted every time.,1
seriously this post was useful and interesting today,0
people say your drawing was copied online,1
everyone is tired of seeing your comment,1
again we will keep reporting every research you post online,1
Again post another poor drawing for us to mock every time!,1
seriously stop being such a loser online,1
really everyone is laughing at your message online,1
Honestly let us improve the post together!,0
seriously you are completely nonsense today,1
listen you are too foolish to understand this assignment every time,1
honestly you are completely ridiculous every time,1
Really your effort on this design is appreciated online!,0
honestly you are completely hopeless online,1
seriously great job on the comment in this group,0
Seriously your profile picture looks awful in this group!,1
keep talking and show everyone how useless you are today,1
honestly you are too annoying to understand this answer online,1
listen you embarrassed yourself with that project,1
listen your project is completely pathetic,1
let us improve the idea together today,0
again you are a total failure,1
really you will never complete this project correctly,1
this presentation was useful and interesting in this group,0
Honestly we made another group without you right now!,1
seriously please share your code when you are free,0
You are acting like a stupid person every time!,1
again shut up and stop being so annoying today,1
honestly you look unpleasant in every picture online,1
again everyone is laughing at your report,1
Listen you sound hopeless in this comment,1
listen this is the most pathetic comment here online,1
Really stop posting such nonsense things in this group!,1
seriously everyone is tired of seeing your project right now,1
listen we will keep reporting every code you post right now,1
seriously this presentation was useful and interesting in this group,0
Again people will remember this embarrassing idea every time.,1
really nobody should work with you on the comment today,1
seriously post another pathetic message for us to mock every time,1
Honestly you explained the assignment very clearly every time,0
Everyone heard that you ruined the answer online!,1
honestly nobody should work with you on the answer today,1
again your appearance looks pathetic in that photo right now,1
really your effort on this idea is appreciated,0
keep talking and show everyone how foolish you are,1
seriously this is the most awful presentation here today,1
Really stay out of our online group every time.,1
again let us improve the comment together,0
everyone heard that you ruined the design every time,1
your profile picture looks ridiculous online,1
Listen you are not welcome in our discussion!,1
honestly you look ugly in every picture in this group,1
seriously stop posting such nonsense things,1
you sound incompetent in this design online,1
again you are too hopeless to understand this research,1
honestly you are too worthless to understand this opinion online,1
Honestly post another nonsense report for us to mock today.,1
Again nobody should work with you on the project today!,1
Seriously shut up and stop being so incompetent today,1
Again keep making mistakes because it is funny in this group!,1
again i really liked your message every time,0
Honestly you are too worthless to understand this message every time!,1
Again i really liked your presentation online.,0
listen nobody should work with you on the drawing online,1
listen keep talking and show everyone how worthless you are,1
honestly post another useless idea for us to mock,1
again shut up and stop being so hopeless right now,1
really your design is completely pathetic every time,1
Again everyone is tired of seeing your code online.,1
again post another useless opinion for us to mock today,1
Seriously we made another group without you!,1
people say your post was copied right now,1
Really go on and embarrass yourself again today.,1
Listen you will never complete this drawing correctly every time,1
listen stop posting such awful things right now,1
honestly stop pretending you understand the post today,1
Listen we will keep reporting every design you post in this group,1
honestly people say your design was copied online,1
listen you always give worthless answers today,1
listen your profile picture looks terrible today,1
Listen nobody cares about your comment right now.,1
again nobody cares about your design,1
Listen you embarrassed yourself with that assignment today,1
Honestly everyone is tired of seeing your opinion every time!,1
again your message is interesting in this group,0
honestly please share your message when you are free every time,0
really post another terrible code for us to mock,1
Honestly that was a very stupid response every time,1
Seriously your project is a complete failure online!,1
honestly your effort on this assignment is appreciated,0
Seriously you are not invited to our group online.,1
really what a pathetic thing to say today,1
let us improve the design together every time,0
we will keep reporting every project you post every time,1
Listen post another pathetic assignment for us to mock every time.,1
seriously we will keep reporting every comment you post every time,1
really please share your answer when you are free right now,0
seriously reply again so everyone can laugh at you today,1
we will keep reporting every answer you post today,1
seriously post another hopeless assignment for us to mock today,1
Honestly everyone is talking about your embarrassing mistake today.,1
again you are completely nonsense,1
again everyone is laughing at your drawing in this group,1
seriously your code is the worst in the class in this group,1
Honestly thank you for your thoughtful code in this group!,0
nobody cares about your assignment every time,1
You are so ridiculous online.,1
this comment was useful and interesting right now,0
listen everyone is tired of seeing your message,1
Really stop posting such worthless things in this group.,1
your answer is completely worthless right now,1
listen your answer makes no sense at all in this group,1
listen let us improve the design together every time,0
listen what a incompetent thing to say every time,1
your drawing is completely hopeless today,1
Really you embarrassed yourself with that comment right now,1
seriously you are completely awful today,1
Seriously stay out of our online group every time!,1
nobody should work with you on the report,1
listen everyone is tired of seeing your idea in this group,1
you will never complete this idea correctly today,1
Your style looks poor today,1
what a ridiculous thing to say right now,1
Listen stop posting photos because you look strange in this group,1
again i really liked your project every time,0
again people say your opinion was copied every time,1
honestly this opinion was useful and interesting right now,0
again please share your idea when you are free every time,0
Honestly your mistake is being shared for everyone to laugh at in this group!,1
really your design is useful right now,0
honestly people say your idea was copied every time,1
again everyone can see how worthless your answer is in this group,1
again nobody should work with you on the message,1
seriously shut up and stop being so worthless right now,1
really you are so useless,1
people say your comment was copied today,1
your style looks pathetic right now,1
really you sound annoying in this answer in this group,1
Honestly great job on the comment!,0
really nobody should work with you on the assignment every time,1
we will keep reporting every comment you post in this group,1
listen everyone can see how nonsense your idea is right now,1
You embarrassed yourself with that comment.,1
your appearance looks awful in that photo,1
Again you are too foolish to understand this project in this group.,1
really your project is completely pathetic right now,1
Listen everyone is tired of seeing your idea right now!,1
honestly shut up and stop being so pathetic right now,1
everyone knows you lied about the answer every time,1
People will remember this embarrassing project today,1
keep talking and show everyone how worthless you are today,1
honestly people will remember this embarrassing assignment right now,1
listen everyone heard that you ruined the assignment every time,1
Honestly post another hopeless design for us to mock right now,1
listen you are acting like a pathetic person every time,1
everyone is tired of seeing your post right now,1
Again you always fail at basic tasks online!,1
Honestly i really liked your report online.,0
Listen your project makes no sense at all every time,1
honestly you are too pathetic to understand this code,1
seriously your opinion is clear right now,0
have a good day and take care online,0
honestly i disagree with your opinion but i respect your view,0
again you sound stupid in this research,1
listen everyone is laughing at your message online,1
Seriously you embarrassed yourself with that drawing today,1
Your effort on this design is appreciated in this group,0
People will remember this embarrassing assignment in this group,1
again nobody should work with you on the opinion right now,1
Try again so everyone can laugh every time.,1
seriously your appearance looks hopeless in that photo every time,1
seriously have a good day and take care today,0
seriously post another terrible design for us to mock every time,1
i disagree with your answer but i respect your view today,0
honestly let us improve the comment together in this group,0
honestly everyone can see how awful your message is online,1
listen you are too stupid to understand this opinion right now,1
listen please share your presentation when you are free every time,0
really you are acting like a hopeless person,1
listen your profile picture looks pathetic every time,1
listen we will keep reporting every answer you post every time,1
you are too clueless to understand this code,1
You are a joke,1
you are too useless to understand this idea every time,1
let us improve the report together online,0
seriously your profile picture looks nonsense today,1
seriously you are too incompetent to understand this drawing,1
Everyone is laughing at your answer online.,1
really you always give pathetic answers online,1
Seriously your messages are unwanted every time every time,1
what a pathetic thing to say online,1
seriously your drawing is completely hopeless online,1
Again nobody should work with you on the answer online.,1
again the group keeps mocking what happened to you today,1
listen get lost you incompetent online,1
Let us improve the message together online!,0
really everyone is tired of seeing your drawing right now,1
post another embarrassing project for us to mock in this group,1
honestly what a ridiculous thing to say today,1
again you look ridiculous in every picture online,1
Again leave this group because nobody likes your posts every time.,1
seriously people say your message was copied online,1
again you always give useless answers today,1
people say your message was copied in this group,1
again everyone can see how poor your report is right now,1
Again your presentation is a joke to everyone right now!,1
Really that was a very worthless response in this group,1
honestly please share your idea when you are free in this group,0
Again nobody should work with you on the research.,1
again i really liked your idea in this group,0
seriously your style looks poor online,1
Listen everyone can see how awful your presentation is in this group,1
Really your embarrassing story is spreading online in this group!,1
again everyone is laughing at your message,1
listen let us improve the comment together every time,0
everyone is tired of seeing your report right now,1
you always give pathetic answers online,1
really stop coming back to this page online,1
seriously stop pretending you understand the assignment in this group,1
Really everyone will make fun of your appearance in this group,1
honestly shut up and stop being so annoying right now,1
again you embarrassed yourself with that project right now,1
again everyone is tired of seeing your message every time,1
seriously post another nonsense assignment for us to mock today,1
Honestly people will joke about the way you look right now!,1
really you are completely nonsense in this group,1
Listen your appearance looks nonsense in that photo every time.,1
honestly i really liked your presentation online,0
listen you are acting like a hopeless person every time,1
seriously people say your research was copied,1
listen you will never complete this report correctly today,1
Listen you are a joke in this group.,1
post another embarrassing assignment for us to mock today,1
Honestly your style looks worthless every time,1
Seriously you are acting like a clueless person online,1
seriously everyone can see how ridiculous your project is,1
listen we will keep reporting every assignment you post online,1
really you are too annoying to understand this code today,1
honestly nobody cares about your report online,1
listen your comment is a joke to everyone online,1
honestly your report makes no sense at all today,1
again shut up and stop being so hopeless online,1
really your comment is completely embarrassing every time,1
Seriously everyone will make fun of your appearance today!,1
Honestly stop posting photos because you look ugly online.,1
Listen you are not invited to our group online,1
Listen the group keeps mocking what happened to you today.,1
seriously nobody should work with you on the project,1
again everyone is tired of seeing your assignment every time,1
post another useless post for us to mock in this group,1
Everyone can see how terrible your message is right now,1
again your profile picture looks terrible in this group,1
listen say that again and make yourself look foolish every time,1
listen your posts are absolute trash every time,1
seriously what a useless thing to say today,1
again you are acting like a clueless person right now,1
we will keep reporting every message you post every time,1
Really you will never complete this presentation correctly every time,1
Listen please share your comment when you are free!,0
really i really liked your opinion online,0
Really stay out of our online group in this group!,1
listen we will keep reporting every answer you post in this group,1
we will keep reporting every comment you post today,1
again we will keep reporting every design you post every time,1
listen everyone is laughing at your answer in this group,1
seriously your post is a joke to everyone right now,1
seriously you are completely worthless online,1
seriously your answer is a joke to everyone right now,1
really everyone can see how awful your drawing is,1
this is the most embarrassing message here right now,1
honestly you are so useless every time,1
really your comment is a joke to everyone in this group,1
Listen your drawing is a joke to everyone!,1
really your message makes no sense at all online,1
let us improve the post together online,0
stop pretending you understand the code online,1
listen you explained the project very clearly online,0
seriously that picture makes you look ridiculous right now,1
nobody cares about your drawing online,1
listen your drawing makes no sense at all every time,1
your style looks useless every time,1
seriously we will keep reporting every drawing you post every time,1
honestly everyone knows you lied about the presentation in this group,1
Listen your code is the worst in the class online!,1
seriously you are acting like a foolish person today,1
your appearance looks embarrassing in that photo,1
seriously i really liked your comment every time,0
seriously post another awful report for us to mock every time,1
honestly nobody should work with you on the idea in this group,1
listen everyone knows you lied about the project right now,1
honestly we will keep reporting every message you post today,1
again i disagree with your message but i respect your view online,0
listen you are so annoying in this group,1
Listen everyone knows you lied about the message online,1
honestly nobody should work with you on the presentation online,1
Really you explained the post very clearly in this group!,0
honestly you embarrassed yourself with that report every time,1
listen your effort on this assignment is appreciated online,0
Honestly your messages are unwanted every time in this group.,1
Really you are too pathetic to understand this project.,1
Listen we will ignore everything you post online,1
Seriously stop pretending you understand the message in this group.,1
seriously your code is the worst in the class,1
honestly get lost you stupid right now,1
listen the whole group knows about your failure today,1
honestly your design makes no sense at all in this group,1
Listen i disagree with your post but i respect your view online.,0
you are too pathetic to understand this design right now,1
again what a useless thing to say in this group,1
seriously everyone is laughing at your comment in this group,1
your assignment is completely pathetic every time,1
really your profile picture looks worthless right now,1
seriously you look strange in every picture,1
really great job on the assignment today,0
seriously everyone is tired of you in this group,1
again you are too pathetic to understand this design,1
Again what a pathetic thing to say today,1
really stop pretending you understand the report today,1
honestly people say your report was copied,1
you should disappear,1
everyone can see how worthless your assignment is today,1
honestly post another worthless research for us to mock in this group,1
again your appearance looks worthless in that photo,1
Seriously we will keep reporting every opinion you post every time!,1
people will remember this embarrassing presentation every time,1
honestly great job on the drawing,0
really you sound clueless in this answer right now,1
really post another awful report for us to mock right now,1
seriously your message is a joke to everyone every time,1
Again please share your comment when you are free today.,0
seriously everyone is tired of seeing your answer in this group,1
Listen thank you for your thoughtful post.,0
your profile picture looks pathetic right now,1
again stop posting photos because you look awkward every time,1
stop posting photos because you look awkward today,1
really shut up and stop being so incompetent today,1
listen nobody cares about your opinion in this group,1
Really keep talking and show everyone how incompetent you are in this group,1
really your effort on this presentation is appreciated in this group,0
honestly i disagree with your report but i respect your view,0
listen we will keep reporting every report you post online,1
Really people say your presentation was copied!,1
honestly you are completely hopeless in this group,1
honestly stop posting such worthless things online,1
listen stop posting photos because you look awkward every time,1
Listen you should stay silent in this group online,1
again everyone knows you lied about the research every time,1
Again you look awkward in every picture.,1
again everyone is tired of seeing your drawing in this group,1
This post made you look ridiculous right now!,1
honestly your research makes no sense at all every time,1
really you always give worthless answers,1
seriously keep talking and show everyone how incompetent you are in this group,1
i disagree with your opinion but i respect your view today,0
i disagree with your research but i respect your view every time,0
Again please share your drawing when you are free every time!,0
Seriously your answer is completely embarrassing right now!,1
stop pretending you understand the drawing online,1
honestly what a hopeless thing to say online,1
honestly your style looks worthless today,1
Again nobody should work with you on the research in this group!,1
honestly this comment made you look ridiculous,1
seriously stop being such a loser every time,1
really everyone knows you lied about the code every time,1
honestly you explained the design very clearly every time,0
your profile picture looks hopeless online,1
Honestly your report is kind in this group!,0
everyone is tired of seeing your drawing every time,1
listen everyone knows you lied about the comment online,1
we will keep reporting every code you post online,1
again post another hopeless opinion for us to mock today,1
Everyone should block you from the group,1
again you always give hopeless answers,1
really you are a total failure right now,1
shut up and stop being so pathetic right now,1
Honestly you explained the project very clearly in this group.,0
Honestly everyone is talking about your embarrassing mistake right now.,1
seriously you are too hopeless to understand this research online,1
really thank you for your thoughtful drawing right now,0
again you explained the code very clearly every time,0
Really your message is a joke to everyone online!,1
everyone knows you lied about the project every time,1
seriously you are so ridiculous,1
again you failed again in front of everyone today,1
You do not belong in this chat online.,1
you are so foolish right now,1
your idea is a joke to everyone in this group,1
again this answer made you look ridiculous in this group,1
seriously you embarrassed yourself with that opinion every time,1
again your message is completely poor online,1
everyone will make fun of your appearance today,1
listen your project is a complete failure right now,1
really you look awkward in every picture right now,1
listen you are completely terrible in this group,1
listen shut up and stop being so annoying right now,1
People are sharing stories to make fun of you.,1
you are so annoying today,1
again let us improve the answer together right now,0
this message was useful and interesting every time,0
again your effort on this report is appreciated every time,0
Again i really liked your message today,0
Seriously people are forwarding your mistake everywhere every time.,1
We will keep reporting every message you post online!,1
listen you sound useless in this idea right now,1
honestly keep talking and show everyone how useless you are,1
again everyone knows you lied about the idea every time,1
again let us improve the report together every time,0
again stop pretending you understand the report today,1
seriously you are too ridiculous to understand this answer online,1
really we will keep reporting every report you post,1
seriously you are so hopeless every time,1
Seriously post another pathetic opinion for us to mock.,1
really your answer is a joke to everyone,1
Seriously your appearance looks terrible in that photo right now.,1
Honestly your comment is a joke to everyone.,1
really say that again and make yourself look foolish every time,1
Again do not include this person in the team in this group,1
really you will never complete this message correctly,1
Again stay out of our online group right now.,1
your design is useful every time,0
your style looks ridiculous every time,1
Seriously your messages are unwanted every time right now!,1
really this presentation was useful and interesting every time,0
Honestly people will remember this embarrassing comment in this group,1
you are too ridiculous to understand this presentation right now,1
Really your code is the worst in the class right now!,1
you will never complete this design correctly,1
really you sound hopeless in this comment every time,1
honestly your project is completely ridiculous in this group,1
everyone heard that you ruined the drawing today,1
everyone is tired of seeing your comment today,1
really you embarrassed yourself with that project right now,1
honestly your appearance looks terrible in that photo,1
seriously your effort on this presentation is appreciated right now,0
honestly you are too incompetent to understand this opinion online,1
Again your answer proves you know nothing today.,1
Your profile picture looks worthless.,1
seriously post another awful drawing for us to mock,1
again post another terrible design for us to mock,1
Honestly this project made you look ridiculous every time,1
Seriously your style looks ridiculous right now,1
again your style looks embarrassing in this group,1
again you explained the answer very clearly,0
again people say your message was copied,1
Again you are too useless to understand this presentation today.,1
Everyone heard that you ruined the comment today!,1
seriously post another pathetic opinion for us to mock online,1
This is the most terrible drawing here!,1
honestly thank you for your interesting drawing online,0
Honestly what a stupid thing to say,1
Listen you embarrassed yourself with that opinion right now,1
really everyone is tired of seeing your message,1
listen people will remember this embarrassing research right now,1
Honestly your profile picture looks hopeless in this group.,1
again keep talking and show everyone how useless you are today,1
i really liked your answer online,0
Listen great job on the research.,0
really you are completely poor right now,1
again your project is a complete failure in this group,1
again i really liked your idea today,0
seriously you are completely pathetic right now,1
again your profile picture looks nonsense every time,1
again shut up and stop being so worthless every time,1
again this code was useful and interesting online,0
Seriously you will never complete this drawing correctly online.,1
Seriously please share your message when you are free online!,0
really this assignment made you look ridiculous today,1
Really you always fail at basic tasks,1
honestly you are so ridiculous,1
Again nobody should work with you on the project!,1
Seriously your style looks poor every time!,1
Honestly your messages are unwanted every time online.,1
again people say your project was copied online,1
Post another worthless project for us to mock online!,1
really you sound foolish in this code today,1
listen do not let this person join the project,1
again shut up and stop being so hopeless,1
seriously nobody cares about your message,1
again this is the most pathetic message here online,1
honestly keep talking and show everyone how useless you are in this group,1
honestly you are so incompetent today,1
really people say your drawing was copied right now,1
listen you will never complete this message correctly online,1
what a incompetent thing to say in this group,1
honestly people say your research was copied in this group,1
honestly you always give poor answers in this group,1
again you are completely hopeless every time,1
seriously your effort on this opinion is appreciated right now,0
really keep talking and show everyone how hopeless you are,1
Seriously your mistake is being shared for everyone to laugh at in this group!,1
your presentation is a joke to everyone,1
Your posts are absolute trash in this group.,1
seriously that was a very pathetic response today,1
honestly stop posting such pathetic things every time,1
really you are too annoying to understand this report in this group,1
really i disagree with your project but i respect your view,0
Really people will joke about the way you look today.,1
really your opinion is worthless every time,1
listen what a stupid thing to say right now,1
your drawing is a joke to everyone every time,1
honestly your research is interesting,0
your research is completely pathetic every time,1
Again go on and embarrass yourself again every time,1
really your style looks terrible in this group,1
honestly people say your post was copied today,1
honestly you will never complete this research correctly today,1
honestly everyone is laughing at your post,1
again post another ridiculous comment for us to mock,1
seriously this report was useful and interesting,0
really your appearance looks awful in that photo today,1
honestly everyone knows you lied about the answer in this group,1
again everyone can see how pathetic your answer is in this group,1
Really you always make a fool of yourself online today!,1
really this code was useful and interesting online,0
listen this is the most useless answer here,1
Shut up and stop being so pathetic online!,1
again keep talking and show everyone how foolish you are,1
really you are acting like a worthless person online,1
again nobody should work with you on the drawing in this group,1
seriously people will remember this embarrassing opinion online,1
seriously please share your post when you are free in this group,0
you are completely ridiculous,1
you are too worthless to understand this opinion right now,1
seriously i really liked your research today,0
seriously you are completely nonsense right now,1
seriously we will keep reporting every idea you post today,1
everyone can see how embarrassing your code is in this group,1
again you embarrassed yourself with that report today,1
seriously everyone heard that you ruined the code in this group,1
seriously you are too ridiculous to understand this assignment today,1
Really you are completely terrible every time!,1
everyone heard that you ruined the assignment,1
Everyone heard that you ruined the report right now.,1
Really you are acting like a useless person!,1
honestly post another useless comment for us to mock online,1
honestly that was a very useless response today,1
seriously stop posting photos because you look unpleasant right now,1
honestly stop pretending you understand the project right now,1
Honestly people say your comment was copied online!,1
listen you are so useless right now,1
You do not belong in this chat!,1
really your appearance looks useless in that photo right now,1
really you look ridiculous in every picture today,1
listen please share your project when you are free online,0
people will remember this embarrassing opinion in this group,1
seriously shut up and stop being so pathetic,1
Again your posts are absolute trash online!,1
honestly post another hopeless report for us to mock online,1
seriously you are acting like a stupid person online,1
Seriously your profile picture looks awful.,1
again stop pretending you understand the presentation,1
seriously you always give embarrassing answers,1
really thank you for your impressive answer online,0
your effort on this idea is appreciated today,0
again you sound worthless in this drawing today,1
everyone is tired of seeing your report,1
Really get lost you incompetent right now!,1
listen nobody cares about your answer today,1
Seriously your answer proves you know nothing every time!,1
you are not welcome in our discussion in this group,1
again i disagree with your answer but i respect your view right now,0
really you failed again in front of everyone right now,1
Honestly please share your assignment when you are free every time!,0
again your appearance looks embarrassing in that photo today,1
listen i really liked your opinion right now,0
keep talking and show everyone how pathetic you are every time,1
Honestly people are sharing stories to make fun of you right now!,1
honestly your effort on this project is appreciated today,0
seriously everyone heard that you ruined the answer every time,1
honestly post another hopeless design for us to mock today,1
honestly post another nonsense message for us to mock online,1
listen post another ridiculous idea for us to mock in this group,1
Really people say your drawing was copied online,1
listen post another terrible comment for us to mock,1
Listen your posts are absolute trash right now!,1
listen your posts are absolute trash,1
Again i disagree with your presentation but i respect your view in this group.,0
again you embarrassed yourself with that presentation every time,1
Honestly you are too worthless to understand this report!,1
really you embarrassed yourself with that assignment in this group,1
again get lost you pathetic every time,1
seriously shut up and stop being so incompetent in this group,1
Really continue arguing because nobody takes you seriously in this group,1
honestly post another terrible message for us to mock every time,1
you will never complete this message correctly in this group,1
listen people say your design was copied,1
again let us improve the report together,0
your project is impressive today,0
Really post another awful message for us to mock every time!,1
again what a stupid thing to say in this group,1
honestly you are a total failure today,1
honestly nobody should work with you on the comment online,1
really let us improve the code together online,0
Listen please share your drawing when you are free right now!,0
listen this code was useful and interesting today,0
seriously we will keep reporting every assignment you post online,1
your profile picture looks terrible online,1
Really stop being such a loser every time,1
again you sound incompetent in this presentation right now,1
listen everyone heard that you ruined the comment in this group,1
shut up and stop being so annoying today,1
seriously stop pretending you understand the message online,1
again people will remember this embarrassing answer,1
listen everyone knows you lied about the code,1
your comment makes no sense at all in this group,1
seriously your profile picture looks ridiculous in this group,1
Seriously stop pretending you understand the report right now.,1
Again your appearance looks embarrassing in that photo.,1
Listen please share your presentation when you are free today.,0
really your idea is a joke to everyone online,1
honestly people will remember this embarrassing code online,1
this message made you look ridiculous in this group,1
really you are too annoying to understand this project,1
really please share your post when you are free online,0
again your post is a joke to everyone today,1
i disagree with your idea but i respect your view in this group,0
honestly your report is interesting right now,0
Again your opinion makes no sense at all!,1
listen your appearance looks awful in that photo every time,1
honestly let us improve the research together right now,0
really thank you for your useful opinion right now,0
seriously shut up and stop being so worthless in this group,1
Really stop posting photos because you look terrible online!,1
really you are too incompetent to understand this code in this group,1
seriously you look awkward in that photo today,1
nobody should work with you on the presentation right now,1
again everyone heard that you ruined the report,1
People will remember this embarrassing research online,1
seriously everyone is tired of seeing your post in this group,1
really nobody should work with you on the presentation online,1
again your idea is completely embarrassing,1
thank you for your impressive code right now,0
honestly your appearance looks poor in that photo right now,1
Seriously great job on the post online,0
Seriously people say your comment was copied today,1
really you look awkward in that photo today,1
again you look ridiculous in every picture today,1
seriously your appearance looks awful in that photo right now,1
Honestly everyone should block you from the group today.,1
seriously people will remember this embarrassing assignment right now,1
Honestly everyone is laughing at your research online,1
really you look ugly in every picture every time,1
really you look terrible in every picture every time,1
Seriously do not include this person in the team every time!,1
really you are too worthless to understand this post,1
Seriously people will remember this embarrassing code in this group!,1
Again everyone is laughing at your project today,1
this answer made you look ridiculous every time,1
Really you are not invited to our group in this group.,1
really keep talking and show everyone how annoying you are in this group,1
seriously everyone knows you lied about the research,1
Seriously nobody should work with you on the assignment in this group,1
Listen everyone is laughing at your post online.,1
really your drawing is completely nonsense right now,1
Listen great job on the project every time!,0
Again everyone knows you lied about the code today.,1
honestly everyone is tired of seeing your code online,1
post another nonsense report for us to mock today,1
Stay out of our online group right now,1
again everyone should block you from the group today,1
Really people will remember this embarrassing project!,1
post another worthless comment for us to mock in this group,1
Listen your style looks terrible right now.,1
again people will remember this embarrassing code right now,1
Seriously everyone is talking about your embarrassing mistake every time.,1
really keep talking and show everyone how hopeless you are every time,1
listen your effort on this answer is appreciated today,0
honestly keep talking and show everyone how ridiculous you are every time,1
again you embarrassed yourself with that idea today,1
keep talking and show everyone how incompetent you are in this group,1
Listen you are too annoying to understand this comment today,1
nobody should work with you on the design in this group,1
honestly you are too annoying to understand this opinion online,1
seriously stop posting photos because you look ugly right now,1
your comment makes no sense at all online,1
listen great job on the answer,0
listen your report is completely poor right now,1
please share your presentation when you are free every time,0
listen we will keep reporting every presentation you post,1
honestly your style looks useless,1
Again we will keep reporting every message you post every time,1
really you embarrassed yourself with that comment every time,1
seriously we will keep reporting every code you post in this group,1
seriously thank you for your well prepared idea every time,0
really keep talking and show everyone how stupid you are,1
Again you always make a fool of yourself online right now.,1
honestly stop posting photos because you look unpleasant,1
honestly post another poor message for us to mock today,1
really everyone knows you lied about the opinion today,1
again your profile picture looks awful every time,1
honestly people say your research was copied today,1
seriously your style looks worthless today,1
your style looks awful every time,1
again we will keep reporting every drawing you post today,1
seriously you are too ridiculous to understand this design today,1
again get lost you hopeless every time,1
really shut up and stop being so ridiculous every time,1
really nobody cares about your drawing,1
everyone heard that you ruined the assignment right now,1
again stop pretending you understand the code in this group,1
you embarrassed yourself with that code right now,1
really your message is interesting today,0
you are acting like a useless person every time,1
Post another awful design for us to mock today!,1
you will never complete this comment correctly,1
your project is a complete failure every time,1
honestly let us improve the drawing together in this group,0
Listen you are a joke today,1
honestly everyone is laughing at your opinion online,1
seriously post another hopeless message for us to mock every time,1
honestly people will remember this embarrassing comment today,1
Really you do not belong in this chat online!,1
again your assignment makes no sense at all every time,1
have a good day and take care,0
you embarrassed yourself with that assignment,1
again shut up and stop being so useless right now,1
seriously your appearance looks hopeless in that photo,1
again your appearance looks ridiculous in that photo today,1
really post another embarrassing design for us to mock today,1
seriously i disagree with your drawing but i respect your view today,0
Seriously you explained the design very clearly every time,0
Honestly we will continue without you every time.,1
Again everyone heard that you ruined the comment in this group,1
listen shut up and stop being so useless in this group,1
Again your messages are unwanted every time,1
we made another group without you right now,1
Listen post another terrible report for us to mock every time.,1
honestly i disagree with your post but i respect your view every time,0
listen your research is completely ridiculous right now,1
honestly your comment is completely nonsense online,1
stop pretending you understand the research right now,1
this project was useful and interesting right now,0
Your code is completely embarrassing in this group.,1
honestly i disagree with your comment but i respect your view,0
listen post another poor drawing for us to mock,1
honestly everyone can see how embarrassing your design is,1
everyone is laughing at your comment every time,1
listen nobody should work with you on the design,1
listen you are too hopeless to understand this assignment online,1
honestly you always give terrible answers,1
seriously that was a very foolish response,1
Listen people are laughing at how you look right now!,1
really that was a very foolish response right now,1
really everyone knows you lied about the research online,1
really this is the most awful research here online,1
again you will never complete this opinion correctly,1
seriously your style looks ridiculous today,1
Again reply again so everyone can laugh at you today,1
honestly stop posting such hopeless things in this group,1
I really liked your message right now,0
we will keep reporting every report you post right now,1
Really you are acting like a incompetent person today.,1
again post another terrible project for us to mock in this group,1
Listen reply again so everyone can laugh at you.,1
stop posting photos because you look unpleasant every time,1
Listen nobody should work with you on the answer online!,1
seriously stop posting photos because you look terrible,1
we do not want you in this discussion online,1
Seriously stop pretending you understand the post in this group,1
Seriously get lost you foolish online.,1
seriously we will keep reporting every presentation you post online,1
honestly great job on the assignment in this group,0
honestly you are too annoying to understand this research today,1
honestly this is another embarrassing post from you today,1
honestly nobody cares about your post online,1
nobody should work with you on the idea every time,1
honestly post another worthless project for us to mock online,1
Listen we will keep reporting every post you post!,1
seriously your profile picture looks poor every time,1
honestly stop posting such pathetic things in this group,1
Your mistake is being shared for everyone to laugh at every time,1
Again keep talking and show everyone how stupid you are in this group.,1
Again everyone is talking about your embarrassing mistake right now!,1
really people say your opinion was copied online,1
Seriously let us improve the message together online,0
listen you failed again in front of everyone online,1
your research is completely awful right now,1
seriously what a worthless thing to say,1
again you explained the drawing very clearly today,0
again your effort on this report is appreciated online,0
really everyone is tired of seeing your assignment every time,1
again this research made you look ridiculous,1
honestly post another worthless opinion for us to mock in this group,1
Listen your messages are unwanted every time today!,1
You are not invited to our group every time!,1
Listen your style looks poor today!,1
honestly you are too hopeless to understand this post every time,1
seriously shut up and stop being so annoying today,1
seriously your style looks awful online,1
seriously everyone is tired of seeing your drawing,1
again stop pretending you understand the idea in this group,1
Again you are too worthless to understand this message today.,1
seriously everyone knows you lied about the report,1
Really the group is joking about your latest mistake online!,1
post another terrible message for us to mock online,1
Again you are not welcome in our discussion in this group.,1
really please share your design when you are free every time,0
Really you are too stupid to understand this assignment.,1
honestly shut up and stop being so clueless right now,1
really keep talking and show everyone how worthless you are,1
listen your marks show that you are hopeless every time,1
again stop posting such embarrassing things online,1
we will keep reporting every drawing you post online,1
really nobody should work with you on the post in this group,1
seriously this project was useful and interesting online,0
again you will never complete this report correctly,1
seriously everyone is tired of seeing your answer today,1
Again you embarrassed yourself with that post in this group,1
honestly we will keep reporting every design you post,1
really post another useless message for us to mock online,1
Listen let us improve the assignment together online.,0
again stop posting photos because you look ugly right now,1
we will keep reporting every answer you post every time,1
post another poor design for us to mock in this group,1
listen your style looks useless online,1
really your answer makes no sense at all today,1
Honestly your profile picture looks embarrassing.,1
Listen shut up and stop being so hopeless today,1
everyone heard that you ruined the report every time,1
Listen everyone is tired of seeing your presentation online,1
again your effort on this idea is appreciated right now,0
your style looks hopeless,1
honestly we will keep reporting every message you post,1
people say your comment was copied right now,1
seriously you sound hopeless in this comment online,1
Honestly what a ridiculous thing to say online,1
really you always give awful answers today,1
honestly your code is the worst in the class today,1
your profile picture looks worthless in this group,1
Really the group keeps mocking what happened to you every time.,1
Honestly your effort on this project is appreciated!,0
really you explained the research very clearly right now,0
Your style looks poor in this group,1
really your code is completely worthless right now,1
listen reply again so everyone can laugh at you online,1
Again people will remember this embarrassing opinion today.,1
seriously you do not belong in this chat,1
really your drawing makes no sense at all in this group,1
honestly you are acting like a foolish person in this group,1
Nobody should work with you on the assignment!,1
Honestly keep posting because your mistakes entertain everyone in this group.,1
Really keep away from our group conversations today!,1
Everyone is laughing at your report right now,1
Again you will never complete this presentation correctly.,1
really stop pretending you understand the idea every time,1
honestly stop pretending you understand the presentation in this group,1
again this opinion made you look ridiculous today,1
Again the group is joking about your latest mistake,1
seriously you explained the code very clearly,0
Really nobody should work with you on the report online,1
listen you are too annoying to understand this idea online,1
honestly post another embarrassing presentation for us to mock in this group,1
really post another embarrassing design for us to mock right now,1
Honestly i really liked your post online!,0
what a incompetent thing to say,1
really stop pretending you understand the design today,1
seriously let us improve the drawing together right now,0
your opinion is completely awful online,1
again i disagree with your comment but i respect your view every time,0
great job on the opinion,0
listen everyone knows you lied about the idea online,1
listen post another embarrassing drawing for us to mock in this group,1
listen you sound foolish in this research today,1
everyone can see how embarrassing your opinion is,1
again stop pretending you understand the idea right now,1
seriously your style looks terrible,1
listen everyone heard that you ruined the presentation in this group,1
listen stop posting such terrible things online,1
honestly keep talking and show everyone how useless you are every time,1
really your code is the worst in the class today,1
keep talking and show everyone how ridiculous you are right now,1
seriously this post was useful and interesting online,0
Again you will never complete this opinion correctly every time!,1
seriously go on and embarrass yourself again today,1
that was a very stupid response right now,1
Honestly everyone knows you lied about the drawing today,1
you are so foolish,1
listen keep talking and show everyone how foolish you are online,1
really your idea is excellent right now,0
again let us improve the drawing together today,0
really you look ridiculous in every picture online,1
shut up and stop being so incompetent online,1
really you cannot solve even a simple question right now,1
honestly your design makes no sense at all,1
honestly post another poor design for us to mock right now,1
again people say your research was copied today,1
listen your opinion is helpful in this group,0
honestly this answer made you look ridiculous,1
Listen your profile picture looks worthless in this group,1
Again stay out of our online group online!,1
Listen great job on the comment today,0
listen nobody cares about your message every time,1
really people say your message was copied today,1
Post another poor post for us to mock,1
listen you explained the post very clearly right now,0
again you are a total failure right now,1
listen you embarrassed yourself with that project right now,1
Seriously i disagree with your drawing but i respect your view in this group!,0
you will never complete this idea correctly right now,1
honestly this opinion made you look ridiculous,1
seriously your comment is completely terrible today,1
please share your project when you are free in this group,0
honestly everyone is tired of seeing your comment right now,1
seriously get lost you stupid online,1
you explained the code very clearly right now,0
honestly this design made you look ridiculous in this group,1
listen your style looks hopeless online,1
listen you will never complete this message correctly in this group,1
Really your assignment is completely ridiculous,1
This assignment was useful and interesting today.,0
again the group keeps mocking what happened to you right now,1
honestly say that again and make yourself look foolish,1
Seriously everyone knows you lied about the code,1
really please share your drawing when you are free today,0
everyone heard that you ruined the research online,1
honestly you embarrassed yourself with that message in this group,1
listen you are too foolish to understand this comment online,1
listen you will never complete this project correctly online,1
listen you are completely terrible online,1
really nobody should work with you on the project in this group,1
really you will never complete this idea correctly online,1
we will keep reporting every drawing you post today,1
really get lost you incompetent,1
seriously your effort on this presentation is appreciated online,0
listen you are completely embarrassing right now,1
that picture makes you look ridiculous today,1
Really this is the most poor idea here online,1
well done and keep learning online,0
Again you embarrassed yourself with that design right now.,1
listen you are too annoying to understand this code every time,1
Honestly the group keeps mocking what happened to you,1
seriously nobody cares about your research right now,1
really nobody cares about your answer right now,1
honestly you always give hopeless answers,1
really everyone heard that you ruined the opinion in this group,1
Try again so everyone can laugh online,1
seriously thank you for your well prepared message online,0
again people will remember this embarrassing assignment today,1
Really get lost you foolish right now.,1
seriously everyone is tired of seeing your opinion right now,1
seriously what a hopeless thing to say every time,1
Great job on the post every time.,0
post another embarrassing research for us to mock right now,1
honestly everyone is tired of seeing your drawing every time,1
listen thank you for your clear drawing in this group,0
thank you for your thoughtful research,0
you sound ridiculous in this research every time,1
Really keep talking and show everyone how annoying you are online,1
again your answer is useful,0
your project is completely worthless in this group,1
Really you look awkward in that photo every time!,1
get lost you annoying every time,1
Really your code is the worst in the class.,1
really get lost you stupid today,1
listen great job on the assignment,0
seriously we will keep reporting every idea you post online,1
Again this is the most hopeless answer here,1
again nobody should work with you on the assignment right now,1
Seriously your effort on this assignment is appreciated every time!,0
Again everyone is tired of seeing your message online!,1
nobody cares about your post right now,1
listen your appearance looks nonsense in that photo right now,1
Again this research was useful and interesting online!,0
really your appearance looks poor in that photo in this group,1
Honestly this post made you look ridiculous online.,1
listen post another terrible answer for us to mock today,1
seriously keep away from our group conversations right now,1
honestly post another useless opinion for us to mock right now,1
honestly nobody cares about your answer today,1
honestly you always give awful answers,1
i really liked your post right now,0
seriously everyone is tired of seeing your answer every time,1
Honestly your message is a joke to everyone every time!,1
your idea is a joke to everyone,1
really nobody cares about your code in this group,1
Again we do not want you in this discussion every time.,1
seriously that was a very worthless response in this group,1
really nobody should work with you on the assignment,1
honestly everyone knows you lied about the research right now,1
seriously post another hopeless report for us to mock today,1
listen post another useless message for us to mock right now,1
listen keep talking and show everyone how ridiculous you are,1
Honestly you always fail at basic tasks every time!,1
Listen nobody wants to hear from you here,1
really shut up and stop being so clueless online,1
seriously your message makes no sense at all right now,1
again keep talking and show everyone how incompetent you are online,1
again people say your presentation was copied every time,1
really you always give worthless answers online,1
listen your drawing is a joke to everyone today,1
listen you look unpleasant in every picture every time,1
keep talking and show everyone how stupid you are online,1
honestly post another awful project for us to mock every time,1
really you will never complete this answer correctly today,1
Again this is the most pathetic assignment here today,1
Seriously your messages are unwanted every time online.,1
Seriously continue arguing because nobody takes you seriously right now,1
Seriously this is the most awful research here online,1
really great job on the post in this group,0
that was a very annoying response every time,1
honestly get lost you useless,1
stop pretending you understand the project today,1
again post another useless assignment for us to mock every time,1
Really this is the most worthless opinion here!,1
seriously your appearance looks pathetic in that photo right now,1
honestly your post is impressive in this group,0
again stop posting photos because you look ugly,1
Again your profile picture looks nonsense in this group,1
Again we will keep reporting every design you post!,1
seriously post another nonsense design for us to mock online,1
honestly your appearance looks worthless in that photo right now,1
again great job on the project right now,0
Honestly you explained the idea very clearly right now.,0
listen your research is a joke to everyone in this group,1
listen you always give hopeless answers,1
seriously this is the most useless report here,1
really you always give awful answers every time,1
really i really liked your project every time,0
really everyone can see how poor your report is in this group,1
thank you for your helpful research,0
you embarrassed yourself with that drawing today,1
again nobody should work with you on the report online,1
Again keep away from our group conversations right now!,1
seriously thank you for your kind research right now,0
really everyone is tired of seeing your report in this group,1
seriously reply again so everyone can laugh at you online,1
really you always make a fool of yourself online,1
Really your project makes no sense at all in this group,1
again you are too pathetic to understand this message in this group,1
post another terrible idea for us to mock right now,1
Honestly show us another one of your failures every time!,1
seriously you are acting like a hopeless person right now,1
again everyone can see how hopeless your post is,1
listen this opinion made you look ridiculous,1
listen say that again and make yourself look foolish in this group,1
seriously you look awkward in every picture today,1
Honestly everyone is tired of seeing your answer in this group.,1
honestly your code is completely embarrassing online,1
seriously your design is completely embarrassing right now,1
get lost you foolish in this group,1
really post another embarrassing message for us to mock every time,1
listen you are completely pathetic right now,1
listen you look strange in every picture every time,1
again your comment is clear,0
Honestly this is the most embarrassing project here today,1
really you explained the opinion very clearly today,0
seriously shut up and stop being so useless today,1
